2026-05-30 18:13:57,087 [INFO] Reading from: /Users/john.angeles/Desktop/katalyst/ghl_call_notes_05.30.xlsx
2026-05-30 18:13:57,087 [INFO] Dry run: True
2026-05-30 18:14:04,297 [INFO] Extracted 0 call notes from sheet '6.6.22 Economics'
2026-05-30 18:14:04,313 [INFO] Extracted 0 call notes from sheet '6.13.22 Economics'
2026-05-30 18:14:04,328 [INFO] Extracted 0 call notes from sheet '6.20.22 Economics'
2026-05-30 18:14:04,343 [INFO] Extracted 0 call notes from sheet '6.27.22 Economics'
2026-05-30 18:14:04,359 [INFO] Extracted 0 call notes from sheet '7.4.22 Economics'
2026-05-30 18:14:04,379 [INFO] Extracted 0 call notes from sheet '7.11.22 Economics'
2026-05-30 18:14:04,394 [INFO] Extracted 0 call notes from sheet '7.18.22 Economics'
2026-05-30 18:14:04,410 [INFO] Extracted 0 call notes from sheet '7.25 Economics'
2026-05-30 18:14:04,426 [INFO] Extracted 0 call notes from sheet '8.1 Economics'
2026-05-30 18:14:04,441 [INFO] Extracted 0 call notes from sheet '8.8 Economics'
2026-05-30 18:14:04,456 [INFO] Extracted 0 call notes from sheet '8.15 Economics'
2026-05-30 18:14:04,461 [INFO] Extracted 0 call notes from sheet '8.22 Economics'
2026-05-30 18:14:04,466 [INFO] Extracted 0 call notes from sheet '8.29 Economics'
2026-05-30 18:14:04,471 [INFO] Extracted 0 call notes from sheet '9.5 Economics'
2026-05-30 18:14:04,476 [INFO] Extracted 0 call notes from sheet '9.26 Economics'
2026-05-30 18:14:04,496 [INFO] Extracted 0 call notes from sheet '10.3 Economics'
2026-05-30 18:14:04,511 [INFO] Extracted 0 call notes from sheet '10.10 Economics'
2026-05-30 18:14:04,527 [INFO] Extracted 0 call notes from sheet '10.17 Economics'
2026-05-30 18:14:04,542 [INFO] Extracted 0 call notes from sheet '10.24 Economics'
2026-05-30 18:14:04,557 [INFO] Extracted 0 call notes from sheet '10.31 Economics'
2026-05-30 18:14:04,572 [INFO] Extracted 0 call notes from sheet '11.7 Economics'
2026-05-30 18:14:04,588 [INFO] Extracted 0 call notes from sheet '11.14 Economics'
2026-05-30 18:14:04,604 [INFO] Extracted 0 call notes from sheet '11.28 Economics'
2026-05-30 18:14:04,624 [INFO] Extracted 0 call notes from sheet '12.5 Economics'
2026-05-30 18:14:04,640 [INFO] Extracted 0 call notes from sheet '12.12 Economics'
2026-05-30 18:14:04,655 [INFO] Extracted 0 call notes from sheet '12.19 Economics'
2026-05-30 18:14:04,661 [INFO] Extracted 0 call notes from sheet '12.26 Economics'
2026-05-30 18:14:04,676 [INFO] Extracted 0 call notes from sheet '1.2.2023 Economics'
2026-05-30 18:14:04,692 [INFO] Extracted 0 call notes from sheet '1.9.2023 Economics'
2026-05-30 18:14:04,697 [INFO] Extracted 0 call notes from sheet '1.16.2023 Economics'
2026-05-30 18:14:04,712 [INFO] Extracted 0 call notes from sheet '1.23.2023 Economics'
2026-05-30 18:14:04,717 [INFO] Extracted 0 call notes from sheet '1.30.23 Economics'
2026-05-30 18:14:04,723 [INFO] Extracted 0 call notes from sheet '2.6.2023 Economics'
2026-05-30 18:14:04,743 [INFO] Extracted 0 call notes from sheet '2.13.2023 Economics'
2026-05-30 18:14:04,758 [INFO] Extracted 0 call notes from sheet '2.20.23 Economics'
2026-05-30 18:14:04,774 [INFO] Extracted 0 call notes from sheet '2.27.23 Economics'
2026-05-30 18:14:04,789 [INFO] Extracted 0 call notes from sheet '3.6.23 Economics'
2026-05-30 18:14:04,804 [INFO] Extracted 0 call notes from sheet ' 3.13.23 Economics'
2026-05-30 18:14:04,820 [INFO] Extracted 0 call notes from sheet ' 3.20.23 Economics'
2026-05-30 18:14:04,836 [INFO] Extracted 0 call notes from sheet '3.27.23 Economics'
2026-05-30 18:14:04,856 [INFO] Extracted 0 call notes from sheet '4.3.23 Economics'
2026-05-30 18:14:04,871 [INFO] Extracted 0 call notes from sheet '4.10.23 Economics'
2026-05-30 18:14:04,876 [INFO] Extracted 0 call notes from sheet '4.17.23 Economics'
2026-05-30 18:14:04,881 [INFO] Extracted 0 call notes from sheet '4.24.23 Economics'
2026-05-30 18:14:04,887 [INFO] Extracted 0 call notes from sheet '5.1.23 Economics'
2026-05-30 18:14:04,892 [INFO] Extracted 0 call notes from sheet '5.8.23 Economics'
2026-05-30 18:14:04,897 [INFO] Extracted 0 call notes from sheet '5.15.23 Economics'
2026-05-30 18:14:04,904 [INFO] Extracted 0 call notes from sheet '5.22.23 Economics'
2026-05-30 18:14:04,911 [INFO] Extracted 0 call notes from sheet '5.29.23 Economics'
2026-05-30 18:14:04,918 [INFO] Extracted 0 call notes from sheet '6.4.23 Economics'
2026-05-30 18:14:04,924 [INFO] Extracted 0 call notes from sheet '6.12.23 Economics'
2026-05-30 18:14:04,931 [INFO] Extracted 0 call notes from sheet '6.19.23 Economics'
2026-05-30 18:14:04,938 [INFO] Extracted 0 call notes from sheet '6.26.23 Economics'
2026-05-30 18:14:04,944 [INFO] Extracted 0 call notes from sheet '7.10.23 Economics'
2026-05-30 18:14:04,951 [INFO] Extracted 0 call notes from sheet '7.17.23 Economics'
2026-05-30 18:14:04,958 [INFO] Extracted 0 call notes from sheet '7.24.23 Economics'
2026-05-30 18:14:04,964 [INFO] Extracted 0 call notes from sheet '7.31 Economics'
2026-05-30 18:14:04,971 [INFO] Extracted 0 call notes from sheet '8.7.23 Economics'
2026-05-30 18:14:04,983 [INFO] Extracted 0 call notes from sheet '8.21.23 Economics'
2026-05-30 18:14:04,990 [INFO] Extracted 0 call notes from sheet '8.28.23 Economics'
2026-05-30 18:14:04,997 [INFO] Extracted 0 call notes from sheet '9.4.23 Economics'
2026-05-30 18:14:05,003 [INFO] Extracted 0 call notes from sheet '9.11.23 Economics'
2026-05-30 18:14:05,010 [INFO] Extracted 0 call notes from sheet '9.18.23 Economics'
2026-05-30 18:14:05,016 [INFO] Extracted 0 call notes from sheet '9.25.23 Economics'
2026-05-30 18:14:05,021 [INFO] Extracted 0 call notes from sheet '10.23.23 Economics'
2026-05-30 18:14:05,026 [INFO] Extracted 0 call notes from sheet '10.30.23 Economics'
2026-05-30 18:14:05,031 [INFO] Extracted 0 call notes from sheet '11.6.23 Economics'
2026-05-30 18:14:05,036 [INFO] Extracted 0 call notes from sheet '11.13.23 Economics'
2026-05-30 18:14:05,041 [INFO] Extracted 0 call notes from sheet '11.20.23 Economics'
2026-05-30 18:14:05,046 [INFO] Extracted 0 call notes from sheet '11.26.23 Economics'
2026-05-30 18:14:05,051 [INFO] Extracted 0 call notes from sheet '12.4.23 Economics'
2026-05-30 18:14:05,056 [INFO] Extracted 0 call notes from sheet '12.11.23 Economics'
2026-05-30 18:14:05,060 [INFO] Extracted 0 call notes from sheet '12.18.23 Economics'
2026-05-30 18:14:05,079 [INFO] Extracted 17 call notes from sheet '1.1.24 Economics'
2026-05-30 18:14:05,098 [INFO] Extracted 39 call notes from sheet '1.8.24 Economics'
2026-05-30 18:14:05,121 [INFO] Extracted 50 call notes from sheet '1.15.24 Economics'
2026-05-30 18:14:05,140 [INFO] Extracted 48 call notes from sheet '1.22.24 Economics'
2026-05-30 18:14:05,160 [INFO] Extracted 51 call notes from sheet '1.29.24 Economics'
2026-05-30 18:14:05,178 [INFO] Extracted 33 call notes from sheet '2.5.24 Economics'
2026-05-30 18:14:05,197 [INFO] Extracted 44 call notes from sheet '2.12.24 Economics'
2026-05-30 18:14:05,221 [INFO] Extracted 43 call notes from sheet '2.19.24 Economics'
2026-05-30 18:14:05,239 [INFO] Extracted 0 call notes from sheet '2.26.24 Economics'
2026-05-30 18:14:05,261 [INFO] Extracted 26 call notes from sheet '3.4.24 Economics'
2026-05-30 18:14:05,281 [INFO] Extracted 30 call notes from sheet '3.11.24 Economics'
2026-05-30 18:14:05,300 [INFO] Extracted 44 call notes from sheet '3.18.24 Economics'
2026-05-30 18:14:05,323 [INFO] Extracted 56 call notes from sheet '3.25.24 Economics'
2026-05-30 18:14:05,328 [INFO] Extracted 0 call notes from sheet '3.31.24 Economics'
2026-05-30 18:14:05,339 [INFO] Extracted 20 call notes from sheet '4.7.24 Economics'
2026-05-30 18:14:05,346 [INFO] Extracted 26 call notes from sheet '4.14.24 Economics'
2026-05-30 18:14:05,353 [INFO] Extracted 45 call notes from sheet '4.22.24 Economics'
2026-05-30 18:14:05,374 [INFO] Extracted 56 call notes from sheet '4.29.24 Economics'
2026-05-30 18:14:05,394 [INFO] Extracted 53 call notes from sheet '5.6.24 Economics'
2026-05-30 18:14:05,415 [INFO] Extracted 53 call notes from sheet '5.13.24 Economics'
2026-05-30 18:14:05,434 [INFO] Extracted 35 call notes from sheet '5.20.2024 Economics'
2026-05-30 18:14:05,458 [INFO] Extracted 47 call notes from sheet '5.27.24 Economics'
2026-05-30 18:14:05,478 [INFO] Extracted 51 call notes from sheet '6.3.24 Economics'
2026-05-30 18:14:05,496 [INFO] Extracted 3 call notes from sheet '6.10.24 Economics'
2026-05-30 18:14:05,516 [INFO] Extracted 48 call notes from sheet '6.17.24 Economics'
2026-05-30 18:14:05,524 [INFO] Extracted 49 call notes from sheet '6.24.24 Economics'
2026-05-30 18:14:05,546 [INFO] Extracted 46 call notes from sheet '7.1.24 Economics'
2026-05-30 18:14:05,572 [INFO] Extracted 47 call notes from sheet '7.8.24 Economics'
2026-05-30 18:14:05,579 [INFO] Extracted 46 call notes from sheet '7.15.24 Economics'
2026-05-30 18:14:05,599 [INFO] Extracted 35 call notes from sheet '7.22.24 Economics'
2026-05-30 18:14:05,620 [INFO] Extracted 44 call notes from sheet '7.29.24 Economics'
2026-05-30 18:14:05,640 [INFO] Extracted 29 call notes from sheet '8.5.24 Economics'
2026-05-30 18:14:05,645 [INFO] Extracted 24 call notes from sheet '8.12.24 Economics'
2026-05-30 18:14:05,705 [INFO] Extracted 21 call notes from sheet '8.19.24 Economics'
2026-05-30 18:14:05,722 [INFO] Extracted 15 call notes from sheet '8.26.24 Economics'
2026-05-30 18:14:05,738 [INFO] Extracted 1 call notes from sheet '9.2.24 Economics'
2026-05-30 18:14:05,744 [INFO] Extracted 20 call notes from sheet '9.9.24 Economics'
2026-05-30 18:14:05,754 [INFO] Extracted 15 call notes from sheet '9.16.24 Economics'
2026-05-30 18:14:05,764 [INFO] Extracted 1 call notes from sheet '9.23.24 Economics'
2026-05-30 18:14:05,774 [INFO] Extracted 10 call notes from sheet '9.30.24 Economics'
2026-05-30 18:14:05,784 [INFO] Extracted 26 call notes from sheet '10.7.24 Economics'
2026-05-30 18:14:05,844 [INFO] Extracted 25 call notes from sheet '10.14.24 Economics'
2026-05-30 18:14:05,861 [INFO] Extracted 24 call notes from sheet '10.28.24 Economics'
2026-05-30 18:14:05,866 [INFO] Extracted 24 call notes from sheet '11.4.24 Economics'
2026-05-30 18:14:05,883 [INFO] Extracted 29 call notes from sheet '11.11.24 Economics'
2026-05-30 18:14:05,901 [INFO] Extracted 24 call notes from sheet '11.18.2024 Economics'
2026-05-30 18:14:05,922 [INFO] Extracted 20 call notes from sheet '11.25.24 Economics'
2026-05-30 18:14:05,939 [INFO] Extracted 37 call notes from sheet '12.2.2024 Economics'
2026-05-30 18:14:05,955 [INFO] Extracted 11 call notes from sheet '12.9.24 Economics'
2026-05-30 18:14:05,959 [INFO] Extracted 0 call notes from sheet '12.16.24 Economics'
2026-05-30 18:14:05,962 [INFO] Extracted 0 call notes from sheet '1.13.25 Economics'
2026-05-30 18:14:06,016 [INFO] Extracted 38 call notes from sheet '1.20.25 Economics'
2026-05-30 18:14:06,038 [INFO] Extracted 20 call notes from sheet '1.26.25 Economics'
2026-05-30 18:14:06,093 [INFO] Extracted 32 call notes from sheet '2.3.25 Economics'
2026-05-30 18:14:06,153 [INFO] Extracted 13 call notes from sheet '2.10.25 Economics'
2026-05-30 18:14:06,169 [INFO] Extracted 0 call notes from sheet '2.17.25 Economics'
2026-05-30 18:14:06,186 [INFO] Extracted 49 call notes from sheet '2.24.2025 Economics'
2026-05-30 18:14:06,192 [INFO] Extracted 36 call notes from sheet '3.3.2025 Economics'
2026-05-30 18:14:06,253 [INFO] Extracted 39 call notes from sheet '3.10.25 Economics'
2026-05-30 18:14:06,309 [INFO] Extracted 29 call notes from sheet '3.17.2025 Economics'
2026-05-30 18:14:06,370 [INFO] Extracted 34 call notes from sheet '3.24.25 Economics'
2026-05-30 18:14:06,387 [INFO] Extracted 23 call notes from sheet '3.31.25 Economics'
2026-05-30 18:14:06,403 [INFO] Extracted 30 call notes from sheet '4.7.25 Economics'
2026-05-30 18:14:06,419 [INFO] Extracted 28 call notes from sheet '4.14.25 Economics'
2026-05-30 18:14:06,436 [INFO] Extracted 30 call notes from sheet '4.21.25 Economics'
2026-05-30 18:14:06,453 [INFO] Extracted 29 call notes from sheet '4.28.25 Economics'
2026-05-30 18:14:06,470 [INFO] Extracted 22 call notes from sheet '5.5.25 Economics'
2026-05-30 18:14:06,491 [INFO] Extracted 21 call notes from sheet '5.12.25 Economics'
2026-05-30 18:14:06,507 [INFO] Extracted 22 call notes from sheet '5.19.25 Economics'
2026-05-30 18:14:06,524 [INFO] Extracted 26 call notes from sheet '5.26.25 Economics'
2026-05-30 18:14:06,541 [INFO] Extracted 23 call notes from sheet '6.2.25 Economics'
2026-05-30 18:14:06,557 [INFO] Extracted 25 call notes from sheet '6.9.25 Economics'
2026-05-30 18:14:06,574 [INFO] Extracted 12 call notes from sheet '6.16.25 Economics'
2026-05-30 18:14:06,591 [INFO] Extracted 17 call notes from sheet '6.23.25 Economics'
2026-05-30 18:14:06,613 [INFO] Extracted 15 call notes from sheet '6.30.25 Economics'
2026-05-30 18:14:06,630 [INFO] Extracted 25 call notes from sheet '7.7.25 Economics'
2026-05-30 18:14:06,646 [INFO] Extracted 20 call notes from sheet '7.14.25 Economics'
2026-05-30 18:14:06,662 [INFO] Extracted 26 call notes from sheet '7.21.25 Economics'
2026-05-30 18:14:06,679 [INFO] Extracted 20 call notes from sheet '7.28.25 Economics'
2026-05-30 18:14:06,696 [INFO] Extracted 26 call notes from sheet '8.4.25 Economics'
2026-05-30 18:14:06,712 [INFO] Extracted 18 call notes from sheet '8.11.25 Economics'
2026-05-30 18:14:06,734 [INFO] Extracted 16 call notes from sheet '8.18.25 Economics'
2026-05-30 18:14:06,750 [INFO] Extracted 14 call notes from sheet '8.25.25 Economics'
2026-05-30 18:14:06,767 [INFO] Extracted 12 call notes from sheet '9.1.25 Economics'
2026-05-30 18:14:06,784 [INFO] Extracted 19 call notes from sheet '9.9.25 Economics'
2026-05-30 18:14:06,801 [INFO] Extracted 24 call notes from sheet '9.15.25 Economics'
2026-05-30 18:14:06,818 [INFO] Extracted 22 call notes from sheet '9.22.25 Economics'
2026-05-30 18:14:06,834 [INFO] Extracted 15 call notes from sheet '9.29.25 Economics'
2026-05-30 18:14:06,856 [INFO] Extracted 12 call notes from sheet '10.6.25 Economics'
2026-05-30 18:14:06,873 [INFO] Extracted 6 call notes from sheet '10.13.25 Economics'
2026-05-30 18:14:06,890 [INFO] Extracted 35 call notes from sheet '10.20.25 Economics'
2026-05-30 18:14:06,907 [INFO] Extracted 16 call notes from sheet '10.27.25 Economics'
2026-05-30 18:14:06,925 [INFO] Extracted 6 call notes from sheet '11.3.25 Economics'
2026-05-30 18:14:06,942 [INFO] Extracted 15 call notes from sheet '11.10.25 Economics'
2026-05-30 18:14:06,959 [INFO] Extracted 0 call notes from sheet '11.17.25 Economics'
2026-05-30 18:14:06,982 [INFO] Extracted 15 call notes from sheet '11.24.25 Economics'
2026-05-30 18:14:07,000 [INFO] Extracted 10 call notes from sheet '12.1.25 Economics'
2026-05-30 18:14:07,054 [INFO] Extracted 12 call notes from sheet '12.8.25 Economics'
2026-05-30 18:14:07,120 [INFO] Extracted 11 call notes from sheet '12.15.25 Economics'
2026-05-30 18:14:07,198 [INFO] Extracted 0 call notes from sheet '12.22.25 Economics'
2026-05-30 18:14:07,488 [INFO] Extracted 0 call notes from sheet '12.29.25 Economics'
2026-05-30 18:14:07,598 [INFO] Extracted 16 call notes from sheet '1.5.26 Economics'
2026-05-30 18:14:07,669 [INFO] Extracted 9 call notes from sheet '1.12.25 Economics'
2026-05-30 18:14:07,727 [INFO] Extracted 0 call notes from sheet '1.19.26 Economics'
2026-05-30 18:14:07,788 [INFO] Extracted 11 call notes from sheet '1.26.26 Economics'
2026-05-30 18:14:07,844 [INFO] Extracted 9 call notes from sheet '2.2.26 Economics'
2026-05-30 18:14:07,905 [INFO] Extracted 10 call notes from sheet '2.9.26 Economics'
2026-05-30 18:14:07,960 [INFO] Extracted 23 call notes from sheet '2.16.26 Economics'
2026-05-30 18:14:08,021 [INFO] Extracted 11 call notes from sheet '2.23.26 Economics'
2026-05-30 18:14:08,100 [INFO] Extracted 19 call notes from sheet '3.2.26 Economics'
2026-05-30 18:14:08,159 [INFO] Extracted 12 call notes from sheet '3.9.26 Economics'
2026-05-30 18:14:08,221 [INFO] Extracted 16 call notes from sheet '3.16.26 Economics'
2026-05-30 18:14:08,277 [INFO] Extracted 16 call notes from sheet '3.23.26 Economics'
2026-05-30 18:14:08,338 [INFO] Extracted 12 call notes from sheet '3.30.26 Economics'
2026-05-30 18:14:08,392 [INFO] Extracted 15 call notes from sheet '4.6.26 Economics'
2026-05-30 18:14:08,454 [INFO] Extracted 7 call notes from sheet '4.13.26 Economics'
2026-05-30 18:14:08,509 [INFO] Extracted 18 call notes from sheet '4.20.26 Economics'
2026-05-30 18:14:08,569 [INFO] Extracted 15 call notes from sheet '4.27.26 Economics'
2026-05-30 18:14:08,623 [INFO] Extracted 4 call notes from sheet '5.4.26 Economics'
2026-05-30 18:14:08,683 [INFO] Extracted 11 call notes from sheet '5.11.26 Economics'
2026-05-30 18:14:08,738 [INFO] Extracted 13 call notes from sheet '5.18.26 Economics'
2026-05-30 18:14:08,798 [INFO] Extracted 11 call notes from sheet '5.25.26 Economics'
2026-05-30 18:14:08,853 [INFO] Extracted 0 call notes from sheet '6.1.26 Economics'
2026-05-30 18:14:08,853 [INFO] Extracted 2807 total call notes (chronological)
2026-05-30 18:14:08,853 [INFO] Unique contacts: 644
2026-05-30 18:14:08,853 [INFO] [lookup 1/644] Tina Smothers
2026-05-30 18:14:09,296 [INFO] Exact match found for 'Tina Smothers': contactId=f8PfobVgJV191bpRqaW6
2026-05-30 18:14:09,797 [INFO] [lookup 2/644] Paul Davis
2026-05-30 18:14:10,296 [INFO] Exact match found for 'Paul Davis': contactId=YAViw1ve7T3fRX662qqr
2026-05-30 18:14:10,800 [INFO] [lookup 3/644] Joe Hansen
2026-05-30 18:14:11,208 [INFO] Exact match found for 'Joe Hansen': contactId=i654JFnxFwrMTgaxy9GR
2026-05-30 18:14:11,710 [INFO] [lookup 4/644] Bryan Witherwax
2026-05-30 18:14:12,055 [INFO] Exact match found for 'Bryan Witherwax': contactId=1F7Uo7P7jiufUFajbgQ3
2026-05-30 18:14:12,555 [INFO] [lookup 5/644] Jeff Stanbrough
2026-05-30 18:14:12,885 [INFO] Exact match found for 'Jeff Stanbrough': contactId=HU7AzwWd1cY4il0hXLar
2026-05-30 18:14:13,389 [INFO] [lookup 6/644] John Larson
2026-05-30 18:14:13,838 [INFO] Exact match found for 'John Larson': contactId=xlw0wbxKMTdcKqgHEQ5p
2026-05-30 18:14:14,343 [INFO] [lookup 7/644] Mukesh Taya
2026-05-30 18:14:14,725 [INFO] Using closest match for 'Mukesh Taya': 'mukesh tayal' (contactId=zYqNfZDh3KjSVtvAZfjl)
2026-05-30 18:14:15,229 [INFO] [lookup 8/644] Justin Washburn
2026-05-30 18:14:15,633 [INFO] Exact match found for 'Justin Washburn': contactId=yrkUqI12iiTdR8NTUtnh
2026-05-30 18:14:16,138 [INFO] [lookup 9/644] Mike Hutchinson
2026-05-30 18:14:16,515 [WARNING] No GHL contact found for 'Mike Hutchinson'
2026-05-30 18:14:17,020 [INFO] [lookup 10/644] Paul Butterfield
2026-05-30 18:14:17,487 [INFO] Exact match found for 'Paul Butterfield': contactId=IErlQo5BoLUZHGenX0Ms
2026-05-30 18:14:17,992 [INFO] [lookup 11/644] Gerry Manning
2026-05-30 18:14:18,436 [INFO] Exact match found for 'Gerry Manning': contactId=HjqIb4ko226Q3a09otiv
2026-05-30 18:14:18,942 [INFO] [lookup 12/644] Brian Martin
2026-05-30 18:14:19,440 [INFO] Exact match found for 'Brian Martin': contactId=kx1pxBvxYYeSi0oDzzRV
2026-05-30 18:14:19,945 [INFO] [lookup 13/644] Michael Erickson
2026-05-30 18:14:20,480 [INFO] Exact match found for 'Michael Erickson': contactId=WHoZ1rRKDp1KJmR5FN5S
2026-05-30 18:14:20,985 [INFO] [lookup 14/644] Tedi Nati
2026-05-30 18:14:21,465 [INFO] Exact match found for 'Tedi Nati': contactId=ZBsa9PXXFRwdoMgzt898
2026-05-30 18:14:21,966 [INFO] [lookup 15/644] Bill Kalianov
2026-05-30 18:14:22,360 [INFO] Exact match found for 'Bill Kalianov': contactId=dUshdwPMqm7GM16wR7vx
2026-05-30 18:14:22,865 [INFO] [lookup 16/644] Dan Doyle
2026-05-30 18:14:23,291 [WARNING] No GHL contact found for 'Dan Doyle'
2026-05-30 18:14:23,796 [INFO] [lookup 17/644] Mark Donahoe
2026-05-30 18:14:24,223 [INFO] Exact match found for 'Mark Donahoe': contactId=qUWRnFfdTQ63r6s6cpLf
2026-05-30 18:14:24,726 [INFO] [lookup 18/644] Cherian Koshy
2026-05-30 18:14:25,350 [INFO] Exact match found for 'Cherian Koshy': contactId=gRCH8M67NlKxvnAmY4cj
2026-05-30 18:14:25,851 [INFO] [lookup 19/644] Craig Anfinson
2026-05-30 18:14:26,213 [INFO] Exact match found for 'Craig Anfinson': contactId=rDk15e1Z3Y0F315CnsGw
2026-05-30 18:14:26,717 [INFO] [lookup 20/644] David Barker
2026-05-30 18:14:27,191 [INFO] Exact match found for 'David Barker': contactId=n7MflmGrJhIE4kK14bWb
2026-05-30 18:14:27,697 [INFO] [lookup 21/644] Eric Fitzgerald
2026-05-30 18:14:28,092 [INFO] Exact match found for 'Eric Fitzgerald': contactId=1p3VKwIhrtSo6Uy0KVWC
2026-05-30 18:14:28,597 [INFO] [lookup 22/644] Eric Himmelsbach
2026-05-30 18:14:28,944 [INFO] Exact match found for 'Eric Himmelsbach': contactId=KQsW4pQaOR6igGKiClT5
2026-05-30 18:14:29,446 [INFO] [lookup 23/644] Eric Ingvall
2026-05-30 18:14:29,794 [INFO] Exact match found for 'Eric Ingvall': contactId=AlYNpwCDUgt9Gh6k6V1T
2026-05-30 18:14:30,297 [INFO] [lookup 24/644] Eric Lewis
2026-05-30 18:14:31,212 [INFO] Exact match found for 'Eric Lewis': contactId=EBRwtiK6piKe2ocyel7L
2026-05-30 18:14:31,717 [INFO] [lookup 25/644] Eric McCormick
2026-05-30 18:14:32,102 [INFO] Exact match found for 'Eric McCormick': contactId=AdPJuFhxcsJsHnP89tsP
2026-05-30 18:14:32,604 [INFO] [lookup 26/644] Bruce Klink
2026-05-30 18:14:32,985 [INFO] Exact match found for 'Bruce Klink': contactId=W2Lj3MdYN9y5NMjzqNlE
2026-05-30 18:14:33,491 [INFO] [lookup 27/644] Bryant Abel
2026-05-30 18:14:33,904 [INFO] Exact match found for 'Bryant Abel': contactId=pGdGcfBmAGnsoXBNdsnI
2026-05-30 18:14:34,405 [INFO] [lookup 28/644] Carl Wiederaenders
2026-05-30 18:14:34,742 [INFO] Exact match found for 'Carl Wiederaenders': contactId=iKNJUJnSuPdKpnNTyNjJ
2026-05-30 18:14:35,247 [INFO] [lookup 29/644] Charles Wheeler Sr
2026-05-30 18:14:35,770 [INFO] Exact match found for 'Charles Wheeler Sr': contactId=XYF45kdNk74aIMo1PYKr
2026-05-30 18:14:36,275 [INFO] [lookup 30/644] Charlie Wheeler Jr
2026-05-30 18:14:36,733 [INFO] Exact match found for 'Charlie Wheeler Jr': contactId=RmhKMX9p0vOTZSIelutP
2026-05-30 18:14:37,233 [INFO] [lookup 31/644] Chris Black
2026-05-30 18:14:37,702 [INFO] Exact match found for 'Chris Black': contactId=Teir2FRComNB2nN8eFid
2026-05-30 18:14:38,205 [INFO] [lookup 32/644] Chris Chiaramonte
2026-05-30 18:14:38,563 [INFO] Exact match found for 'Chris Chiaramonte': contactId=h1jaXR61wn9oRjZIsCfT
2026-05-30 18:14:39,066 [INFO] [lookup 33/644] Chris Salazar
2026-05-30 18:14:39,527 [INFO] Exact match found for 'Chris Salazar': contactId=BXQZIzTcEkjT2bODqzMP
2026-05-30 18:14:40,032 [INFO] [lookup 34/644] Cody Shepard
2026-05-30 18:14:40,448 [INFO] Exact match found for 'Cody Shepard': contactId=r6csCfmzO6v3VXHBNFkO
2026-05-30 18:14:40,952 [INFO] [lookup 35/644] Darsh Desai
2026-05-30 18:14:41,353 [INFO] Exact match found for 'Darsh Desai': contactId=o3RhMU30tsY9tHnvLyAd
2026-05-30 18:14:41,856 [INFO] [lookup 36/644] Dennis Carroll
2026-05-30 18:14:42,303 [INFO] Exact match found for 'Dennis Carroll': contactId=7wH9FamB2seVMWHl8CwC
2026-05-30 18:14:42,808 [INFO] [lookup 37/644] Dennis Ramsey
2026-05-30 18:14:43,298 [INFO] Exact match found for 'Dennis Ramsey': contactId=zJlEhH7Q1x8UVkHxTurP
2026-05-30 18:14:43,799 [INFO] [lookup 38/644] Dennis Tierney
2026-05-30 18:14:44,279 [INFO] Exact match found for 'Dennis Tierney': contactId=7TXR03IJ18Lpf7f3nuDr
2026-05-30 18:14:44,784 [INFO] [lookup 39/644] Bishal Shrestha
2026-05-30 18:14:45,233 [INFO] Exact match found for 'Bishal Shrestha': contactId=WJFG6CXdSelXAoSts9mi
2026-05-30 18:14:45,738 [INFO] [lookup 40/644] Brad Houser
2026-05-30 18:14:46,152 [INFO] Exact match found for 'Brad Houser': contactId=lzXOFHwDDW0x4HugKD9W
2026-05-30 18:14:46,655 [INFO] [lookup 41/644] Brad Vander Linden
2026-05-30 18:14:47,171 [INFO] Exact match found for 'Brad Vander Linden': contactId=5tYrXLCySOXW6sz760Vi
2026-05-30 18:14:47,676 [INFO] [lookup 42/644] Brandon Hughes
2026-05-30 18:14:48,211 [INFO] Exact match found for 'Brandon Hughes': contactId=HnQCUzIzcC1Ckjbjtkkq
2026-05-30 18:14:48,713 [INFO] [lookup 43/644] Brent Dahlstrom
2026-05-30 18:14:49,097 [INFO] Exact match found for 'Brent Dahlstrom': contactId=paxituVuTgfIMirDgFVF
2026-05-30 18:14:49,598 [INFO] [lookup 44/644] Brice Laux
2026-05-30 18:14:50,010 [INFO] Exact match found for 'Brice Laux': contactId=dCWyLKbjkG3u8PCYNBCL
2026-05-30 18:14:50,513 [INFO] [lookup 45/644] Catherine Payvandi
2026-05-30 18:14:50,957 [INFO] Exact match found for 'Catherine Payvandi': contactId=HjRRCbqJzzwBq7hYzIXP
2026-05-30 18:14:51,462 [INFO] [lookup 46/644] Chad Detweiler
2026-05-30 18:14:51,880 [INFO] Exact match found for 'Chad Detweiler': contactId=RNy4xYPn4wDolR717I1D
2026-05-30 18:14:52,384 [INFO] [lookup 47/644] Chad Langemeier
2026-05-30 18:14:52,732 [INFO] Exact match found for 'Chad Langemeier': contactId=MoWywdjHa0VofiHGaBRp
2026-05-30 18:14:53,232 [INFO] [lookup 48/644] Chad Welsh
2026-05-30 18:14:53,597 [INFO] Exact match found for 'Chad Welsh': contactId=ntRpoeacCdBcizHI0HNb
2026-05-30 18:14:54,102 [INFO] [lookup 49/644] Charles O'Griffin
2026-05-30 18:14:54,449 [INFO] Exact match found for 'Charles O'Griffin': contactId=BQc3ssb5aUQtp2XpBj8V
2026-05-30 18:14:54,955 [INFO] [lookup 50/644] Steve Ames
2026-05-30 18:14:55,460 [WARNING] No GHL contact found for 'Steve Ames'
2026-05-30 18:14:55,961 [INFO] [lookup 51/644] Stephan Ward
2026-05-30 18:14:56,396 [WARNING] No GHL contact found for 'Stephan Ward'
2026-05-30 18:14:56,900 [INFO] [lookup 52/644] Aaron Bernard
2026-05-30 18:14:57,385 [INFO] Exact match found for 'Aaron Bernard': contactId=Jg6MNoKB7WWideXGqFn2
2026-05-30 18:14:57,891 [INFO] [lookup 53/644] Tyler Tompkins
2026-05-30 18:14:58,391 [INFO] Exact match found for 'Tyler Tompkins': contactId=88pCawNb6XXRtIztO0q0
2026-05-30 18:14:58,892 [INFO] [lookup 54/644] Teddy Mohlman
2026-05-30 18:14:59,281 [INFO] Exact match found for 'Teddy Mohlman': contactId=GCXQipuzqityFXUE9KUH
2026-05-30 18:14:59,786 [INFO] [lookup 55/644] Adam Roepke
2026-05-30 18:15:00,264 [INFO] Exact match found for 'Adam Roepke': contactId=EYE1Vr8uGeVif0rJATjS
2026-05-30 18:15:00,767 [INFO] [lookup 56/644] Brian James
2026-05-30 18:15:01,256 [INFO] Exact match found for 'Brian James': contactId=EzZe9iK1M44XkSPNOITP
2026-05-30 18:15:01,758 [INFO] [lookup 57/644] Greg Danielson
2026-05-30 18:15:02,175 [INFO] Exact match found for 'Greg Danielson': contactId=Gm5tuddza3SpsEXkqTq8
2026-05-30 18:15:02,675 [INFO] [lookup 58/644] Hamid Safdari
2026-05-30 18:15:03,140 [INFO] Exact match found for 'Hamid Safdari': contactId=nzZZzifApKRheMCme1TJ
2026-05-30 18:15:03,645 [INFO] [lookup 59/644] Jeff Osborn
2026-05-30 18:15:04,322 [INFO] Exact match found for 'Jeff Osborn': contactId=UV43ZmY6pC85lsfblnX8
2026-05-30 18:15:04,827 [INFO] [lookup 60/644] Jeff Stark
2026-05-30 18:15:05,326 [INFO] Exact match found for 'Jeff Stark': contactId=gX1ht7dC9lkFlJZyXoHS
2026-05-30 18:15:05,831 [INFO] [lookup 61/644] Joe Davitt
2026-05-30 18:15:06,216 [INFO] Exact match found for 'Joe Davitt': contactId=VU3sOBFgBiddAiAtdfVN
2026-05-30 18:15:06,722 [INFO] [lookup 62/644] Justin Madsen
2026-05-30 18:15:07,113 [INFO] Exact match found for 'Justin Madsen': contactId=94RHVIOiAcnpOBq2Uxg6
2026-05-30 18:15:07,617 [INFO] [lookup 63/644] Ken Wick
2026-05-30 18:15:08,108 [WARNING] No GHL contact found for 'Ken Wick'
2026-05-30 18:15:08,613 [INFO] [lookup 64/644] Kyle Galloway
2026-05-30 18:15:09,060 [INFO] Exact match found for 'Kyle Galloway': contactId=7AC8ps6BCGR3k6kJkfVM
2026-05-30 18:15:09,565 [INFO] [lookup 65/644] Lee Paulson
2026-05-30 18:15:09,958 [INFO] Exact match found for 'Lee Paulson': contactId=2X9oWvgHCA26YfP8UDAy
2026-05-30 18:15:10,463 [INFO] [lookup 66/644] Levi Franzen
2026-05-30 18:15:11,027 [INFO] Exact match found for 'Levi Franzen': contactId=st4aqBYMQbffsiJNvDS2
2026-05-30 18:15:11,532 [INFO] [lookup 67/644] Drew Heberer
2026-05-30 18:15:11,936 [INFO] Exact match found for 'Drew Heberer': contactId=oGIc9KBw426SVOM5dmCH
2026-05-30 18:15:12,439 [INFO] [lookup 68/644] Duane Vander Leest
2026-05-30 18:15:12,938 [INFO] Exact match found for 'Duane Vander Leest': contactId=o2SNIdpYf4ElEsBVgAff
2026-05-30 18:15:13,444 [INFO] [lookup 69/644] Dustin Kupka
2026-05-30 18:15:13,790 [INFO] Exact match found for 'Dustin Kupka': contactId=FQhnguqpEe3oUxl50vED
2026-05-30 18:15:14,292 [INFO] [lookup 70/644] Elizabeth Christenson
2026-05-30 18:15:14,704 [INFO] Exact match found for 'Elizabeth Christenson': contactId=GVn4ga3WVoukpLrpE5Ue
2026-05-30 18:15:15,207 [INFO] [lookup 71/644] Eric Daniels
2026-05-30 18:15:15,651 [INFO] Exact match found for 'Eric Daniels': contactId=WhtSddmyyMOij9AzaNSn
2026-05-30 18:15:16,153 [INFO] [lookup 72/644] Eric Harlan
2026-05-30 18:15:16,564 [INFO] Exact match found for 'Eric Harlan': contactId=2NJPICj8C6wVMMe92rCD
2026-05-30 18:15:17,064 [INFO] [lookup 73/644] Eric Lynner
2026-05-30 18:15:17,522 [INFO] Exact match found for 'Eric Lynner': contactId=hsnJuQv2SPbyqhmoyzT9
2026-05-30 18:15:18,027 [INFO] [lookup 74/644] Frank Levy
2026-05-30 18:15:18,559 [INFO] Exact match found for 'Frank Levy': contactId=ftVYMldQIUvzYM5qOpJv
2026-05-30 18:15:19,064 [INFO] [lookup 75/644] Gabe Molstre
2026-05-30 18:15:19,412 [INFO] Exact match found for 'Gabe Molstre': contactId=0WrZoo7fs76vyJ0IcXkq
2026-05-30 18:15:19,912 [INFO] [lookup 76/644] Gary Gilbert
2026-05-30 18:15:20,513 [INFO] Exact match found for 'Gary Gilbert': contactId=9HY27JXsnT6bx84KbXwy
2026-05-30 18:15:21,017 [INFO] [lookup 77/644] Gerry Ambrose
2026-05-30 18:15:21,372 [INFO] Exact match found for 'Gerry Ambrose': contactId=KeNbVQXWlnI67erurNWk
2026-05-30 18:15:21,878 [INFO] [lookup 78/644] Graham Garnos
2026-05-30 18:15:22,242 [INFO] Exact match found for 'Graham Garnos': contactId=h3IZKMVHnU6Q9xDvdTPR
2026-05-30 18:15:22,745 [INFO] [lookup 79/644] Guy Varble
2026-05-30 18:15:23,132 [INFO] Exact match found for 'Guy Varble': contactId=yl2ouByFHrAD45pzGkpJ
2026-05-30 18:15:23,637 [INFO] [lookup 80/644] Harvey Miller
2026-05-30 18:15:24,093 [INFO] Exact match found for 'Harvey Miller': contactId=fiKlR6WimcustCMmucs1
2026-05-30 18:15:24,597 [INFO] [lookup 81/644] Ian Schwickert
2026-05-30 18:15:25,056 [INFO] Exact match found for 'Ian Schwickert': contactId=Mgpkq6M995tOEcMdaH6f
2026-05-30 18:15:25,560 [INFO] [lookup 82/644] Israel Garavito
2026-05-30 18:15:25,905 [INFO] Exact match found for 'Israel Garavito': contactId=BoPqO63kDTQpWTU5zKTe
2026-05-30 18:15:26,410 [INFO] [lookup 83/644] Jacob Mosqueda
2026-05-30 18:15:26,770 [INFO] Exact match found for 'Jacob Mosqueda': contactId=qAriX5n9TxKCJyOI3bf6
2026-05-30 18:15:27,273 [INFO] [lookup 84/644] Chong Lee
2026-05-30 18:15:27,839 [INFO] Exact match found for 'Chong Lee': contactId=MsT69O0REPkDnWVzIxWu
2026-05-30 18:15:28,344 [INFO] [lookup 85/644] Chris Greer
2026-05-30 18:15:28,814 [INFO] Exact match found for 'Chris Greer': contactId=5wEufP5MiZV405OXoRPX
2026-05-30 18:15:29,315 [INFO] [lookup 86/644] Chris Rozek
2026-05-30 18:15:29,695 [INFO] Exact match found for 'Chris Rozek': contactId=yuuS1IsdHPCI7QS9eJLS
2026-05-30 18:15:30,199 [INFO] [lookup 87/644] Christopher Sanders
2026-05-30 18:15:30,631 [INFO] Exact match found for 'Christopher Sanders': contactId=1QDEeaovev9g4MNxJZq3
2026-05-30 18:15:31,137 [INFO] [lookup 88/644] Cory Gamble
2026-05-30 18:15:31,589 [INFO] Exact match found for 'Cory Gamble': contactId=Kkc0UM5MDdOH97KHweBz
2026-05-30 18:15:32,092 [INFO] [lookup 89/644] Craig Farlinger
2026-05-30 18:15:32,529 [INFO] Exact match found for 'Craig Farlinger': contactId=Q1W8YZNNkU6MkZF9qKI8
2026-05-30 18:15:33,034 [INFO] [lookup 90/644] Daniel Kramer
2026-05-30 18:15:33,462 [INFO] Exact match found for 'Daniel Kramer': contactId=oL5oNpHjrn4CLb634OXa
2026-05-30 18:15:33,963 [INFO] [lookup 91/644] Daniel O'Connor
2026-05-30 18:15:34,325 [INFO] Exact match found for 'Daniel O'Connor': contactId=OC4Hr1xzNu5m3E7FYvOw
2026-05-30 18:15:34,830 [INFO] [lookup 92/644] Dennis Resh
2026-05-30 18:15:35,257 [INFO] Exact match found for 'Dennis Resh': contactId=kXFZUfpG73hefrzENKno
2026-05-30 18:15:35,758 [INFO] [lookup 93/644] Kirk Lautensleger at
2026-05-30 18:15:36,184 [WARNING] No GHL contact found for 'Kirk Lautensleger at'
2026-05-30 18:15:36,689 [INFO] [lookup 94/644] Jason Grove
2026-05-30 18:15:37,439 [INFO] Exact match found for 'Jason Grove': contactId=ykHDUYrB5pyykqi0x1bC
2026-05-30 18:15:37,941 [INFO] [lookup 95/644] Dennis Coon
2026-05-30 18:15:38,407 [INFO] Exact match found for 'Dennis Coon': contactId=WEPQmYjkDPVZf0Mm3jp7
2026-05-30 18:15:38,912 [INFO] [lookup 96/644] Roberta McAfee
2026-05-30 18:15:39,295 [INFO] Exact match found for 'Roberta McAfee': contactId=AfpAs9X0muEcjQkqgJyB
2026-05-30 18:15:39,799 [INFO] [lookup 97/644] Matt Forsum
2026-05-30 18:15:40,197 [INFO] Exact match found for 'Matt Forsum': contactId=K61RClOZJztyyQDvSfqx
2026-05-30 18:15:40,702 [INFO] [lookup 98/644] Misty Carver
2026-05-30 18:15:41,074 [INFO] Exact match found for 'Misty Carver': contactId=iXpJR8nqoDXnqZT000WV
2026-05-30 18:15:41,578 [INFO] [lookup 99/644] Stephen Catarinella - CapREIT - https://www.capreit.com/about-us/executive-leadership/
2026-05-30 18:15:41,955 [WARNING] No GHL contact found for 'Stephen Catarinella - CapREIT - https://www.capreit.com/about-us/executive-leadership/'
2026-05-30 18:15:42,460 [INFO] [lookup 100/644] Matt Blickenderfer
2026-05-30 18:15:42,832 [INFO] Exact match found for 'Matt Blickenderfer': contactId=VAgaOijrH59c5DYp4odu
2026-05-30 18:15:43,336 [INFO] [lookup 101/644] Leif Anderson
2026-05-30 18:15:43,821 [INFO] Exact match found for 'Leif Anderson': contactId=qqhwh2a0oL9IcR0jIFVa
2026-05-30 18:15:44,326 [INFO] [lookup 102/644] JB Conlin
2026-05-30 18:15:44,721 [INFO] Exact match found for 'JB Conlin': contactId=CmexSPfeC3FDvkpWq9JN
2026-05-30 18:15:45,224 [INFO] [lookup 103/644] Marco Miranda
2026-05-30 18:15:45,731 [INFO] Exact match found for 'Marco Miranda': contactId=4Mo2PCseQSe93osDCH2j
2026-05-30 18:15:46,236 [INFO] [lookup 104/644] Marcus Carris
2026-05-30 18:15:46,663 [INFO] Exact match found for 'Marcus Carris': contactId=47yldxwwc3qV67LkoqLl
2026-05-30 18:15:47,169 [INFO] [lookup 105/644] Matt DeBoth
2026-05-30 18:15:47,554 [INFO] Exact match found for 'Matt DeBoth': contactId=8q9rJd9No2OCZS1DqrM3
2026-05-30 18:15:48,059 [INFO] [lookup 106/644] Michael Hills
2026-05-30 18:15:48,465 [INFO] Exact match found for 'Michael Hills': contactId=hqnX5au972iSdaDWXZWi
2026-05-30 18:15:48,966 [INFO] [lookup 107/644] Mike Nixon
2026-05-30 18:15:50,064 [INFO] Exact match found for 'Mike Nixon': contactId=pVLOA3Rg7uXo3Rgl8srI
2026-05-30 18:15:50,569 [INFO] [lookup 108/644] Jake Christensen
2026-05-30 18:15:51,351 [INFO] Exact match found for 'Jake Christensen': contactId=yMROmAjENezLUIeRKcNz
2026-05-30 18:15:51,853 [INFO] [lookup 109/644] Jake Miller
2026-05-30 18:15:52,326 [INFO] Exact match found for 'Jake Miller': contactId=HBEUhf3sw0iSVA5BamHv
2026-05-30 18:15:52,832 [INFO] [lookup 110/644] James Morrow
2026-05-30 18:15:53,228 [INFO] Exact match found for 'James Morrow': contactId=m5CzcTFrO79OOPVFGBbr
2026-05-30 18:15:53,732 [INFO] [lookup 111/644] Jason Smith
2026-05-30 18:15:54,250 [INFO] Exact match found for 'Jason Smith': contactId=9eNljpmRCDEbUdzU183U
2026-05-30 18:15:54,755 [INFO] [lookup 112/644] Jasvinder Kakar
2026-05-30 18:15:55,103 [INFO] Exact match found for 'Jasvinder Kakar': contactId=BjFh8jlJJf3hjMvnd6hb
2026-05-30 18:15:55,603 [INFO] [lookup 113/644] Jb Conlin
2026-05-30 18:15:55,958 [INFO] Exact match found for 'Jb Conlin': contactId=CmexSPfeC3FDvkpWq9JN
2026-05-30 18:15:56,463 [INFO] [lookup 114/644] Jeanette Webb
2026-05-30 18:15:56,894 [INFO] Exact match found for 'Jeanette Webb': contactId=WKsD4sHCJ4LKvsSYglis
2026-05-30 18:15:57,395 [INFO] [lookup 115/644] Jeff Knake
2026-05-30 18:15:57,827 [INFO] Exact match found for 'Jeff Knake': contactId=CfKSvgpSjZAKPxo6j3G3
2026-05-30 18:15:58,329 [INFO] [lookup 116/644] Jeff Schachtner
2026-05-30 18:15:58,707 [INFO] Exact match found for 'Jeff Schachtner': contactId=qGqQ3arkbxxKawEAHBqJ
2026-05-30 18:15:59,213 [INFO] [lookup 117/644] Jeff Sullivan
2026-05-30 18:15:59,672 [INFO] Exact match found for 'Jeff Sullivan': contactId=MOLQ8ezD4FtK2BkSS7xi
2026-05-30 18:16:00,177 [INFO] [lookup 118/644] Jim Farmer
2026-05-30 18:16:00,633 [INFO] Exact match found for 'Jim Farmer': contactId=Aw7hPZAJeDoVZLznOFpd
2026-05-30 18:16:01,138 [INFO] [lookup 119/644] Jim Haertjens
2026-05-30 18:16:01,506 [INFO] Exact match found for 'Jim Haertjens': contactId=MF9d3PkRvmV2CUZLjzk2
2026-05-30 18:16:02,009 [INFO] [lookup 120/644] Jim Isenhart
2026-05-30 18:16:02,663 [INFO] Exact match found for 'Jim Isenhart': contactId=SVVcF00KdewJoZZTkg3j
2026-05-30 18:16:03,169 [INFO] [lookup 121/644] Joe Bryant
2026-05-30 18:16:03,687 [INFO] Exact match found for 'Joe Bryant': contactId=iZzb7o5X54kz8yWBYauU
2026-05-30 18:16:04,192 [INFO] [lookup 122/644] Joe Cover
2026-05-30 18:16:04,658 [INFO] Exact match found for 'Joe Cover': contactId=9fEWeW2GwylIWZRULiEA
2026-05-30 18:16:05,163 [INFO] [lookup 123/644] Joe Ekis
2026-05-30 18:16:05,529 [INFO] Exact match found for 'Joe Ekis': contactId=sqAPU3NpqIzyrIKYMsps
2026-05-30 18:16:06,031 [INFO] [lookup 124/644] John Brees
2026-05-30 18:16:06,444 [INFO] Exact match found for 'John Brees': contactId=zrnfcuWv6dv3ctAw95hn
2026-05-30 18:16:06,945 [INFO] [lookup 125/644] John Chickering
2026-05-30 18:16:07,303 [INFO] Exact match found for 'John Chickering': contactId=ikNfXh6107LnxT4hgXlC
2026-05-30 18:16:07,804 [INFO] [lookup 126/644] John Kline
2026-05-30 18:16:08,162 [INFO] Exact match found for 'John Kline': contactId=zwqFRqibsGAVb7SuDCZO
2026-05-30 18:16:08,667 [INFO] [lookup 127/644] Jon Engelman
2026-05-30 18:16:09,059 [INFO] Exact match found for 'Jon Engelman': contactId=4dnWMvTwBasVoULuYLkF
2026-05-30 18:16:09,564 [INFO] [lookup 128/644] Don Nenninger
2026-05-30 18:16:10,012 [INFO] Exact match found for 'Don Nenninger': contactId=0cFBKrquPE2RQlX7m0zF
2026-05-30 18:16:10,517 [INFO] [lookup 129/644] Drew Coffin
2026-05-30 18:16:10,858 [INFO] Exact match found for 'Drew Coffin': contactId=VDdgiAJc2k57JQIGa4cp
2026-05-30 18:16:11,360 [INFO] [lookup 130/644] Dustin Salmon
2026-05-30 18:16:11,746 [INFO] Exact match found for 'Dustin Salmon': contactId=sHW4Exz5VKsneCsvHWuL
2026-05-30 18:16:12,248 [INFO] [lookup 131/644] Eric Boatwright
2026-05-30 18:16:12,589 [INFO] Exact match found for 'Eric Boatwright': contactId=IlWEk3HPm7ssPNlNCbDa
2026-05-30 18:16:13,093 [INFO] [lookup 132/644] Eric Nemeyer
2026-05-30 18:16:13,444 [INFO] Exact match found for 'Eric Nemeyer': contactId=PQF5kn0vg5doWT3xDncL
2026-05-30 18:16:13,944 [INFO] [lookup 133/644] Gaurav Bhalla
2026-05-30 18:16:14,292 [INFO] Exact match found for 'Gaurav Bhalla': contactId=JTJr7xLlhYRRVCamEX4J
2026-05-30 18:16:14,797 [INFO] [lookup 134/644] Gautam Gour
2026-05-30 18:16:15,243 [INFO] Exact match found for 'Gautam Gour': contactId=zGPJsK7CxghODIyV2MPD
2026-05-30 18:16:15,745 [INFO] [lookup 135/644] Gene Song
2026-05-30 18:16:16,814 [INFO] Exact match found for 'Gene Song': contactId=Jhp3HGeQ2bP0A7ND20cI
2026-05-30 18:16:17,318 [INFO] [lookup 136/644] Mason Bear
2026-05-30 18:16:17,746 [INFO] Exact match found for 'Mason Bear': contactId=LvOzLwRULjDUe8QqoteH
2026-05-30 18:16:18,251 [INFO] [lookup 137/644] Andy Kouri
2026-05-30 18:16:18,639 [INFO] Exact match found for 'Andy Kouri': contactId=PmTq3bG5wklktaDDNop0
2026-05-30 18:16:19,144 [INFO] [lookup 138/644] Scott Peck
2026-05-30 18:16:19,546 [INFO] Exact match found for 'Scott Peck': contactId=3FZcM85AYLcMtI4jzfN4
2026-05-30 18:16:20,052 [INFO] [lookup 139/644] Mike Boge
2026-05-30 18:16:20,435 [WARNING] No GHL contact found for 'Mike Boge'
2026-05-30 18:16:20,940 [INFO] [lookup 140/644] Britt Randall
2026-05-30 18:16:21,372 [INFO] Exact match found for 'Britt Randall': contactId=WHF2oYR8oOuZEE8kfHve
2026-05-30 18:16:21,877 [INFO] [lookup 141/644] Ryan Cahalan
2026-05-30 18:16:22,201 [INFO] Exact match found for 'Ryan Cahalan': contactId=zGgysovbCofFSbSgnQOq
2026-05-30 18:16:22,707 [INFO] [lookup 142/644] Reike Plecas
2026-05-30 18:16:23,116 [INFO] Exact match found for 'Reike Plecas': contactId=KU41uSQMATjaQD5C6zDJ
2026-05-30 18:16:23,621 [INFO] [lookup 143/644] Prabhjot Singh
2026-05-30 18:16:24,025 [INFO] Exact match found for 'Prabhjot Singh': contactId=9IgaJky8dWCjm0hqpPL7
2026-05-30 18:16:24,531 [INFO] [lookup 144/644] Richard Hutsell
2026-05-30 18:16:24,894 [INFO] Exact match found for 'Richard Hutsell': contactId=VMtCvb9bpqFoNYK7kfpT
2026-05-30 18:16:25,397 [INFO] [lookup 145/644] Roger Langpaul
2026-05-30 18:16:25,784 [INFO] Exact match found for 'Roger Langpaul': contactId=cNqy7wjidDXzJkoiMjOJ
2026-05-30 18:16:26,285 [INFO] [lookup 146/644] Ryan Galloway
2026-05-30 18:16:26,680 [INFO] Exact match found for 'Ryan Galloway': contactId=E4pUMQW4W8uJnT3AUjvw
2026-05-30 18:16:27,185 [INFO] [lookup 147/644] Ted Oswald
2026-05-30 18:16:27,630 [INFO] Exact match found for 'Ted Oswald': contactId=tPPJ1M1FjSZloYuv6KK0
2026-05-30 18:16:28,134 [INFO] [lookup 148/644] Terrance Doyle
2026-05-30 18:16:28,517 [INFO] Exact match found for 'Terrance Doyle': contactId=yP7Juy1CS9Ra1b1cG69M
2026-05-30 18:16:29,022 [INFO] [lookup 149/644] Joseph Wolfgram
2026-05-30 18:16:29,374 [INFO] Exact match found for 'Joseph Wolfgram': contactId=3hHd52AehiYh0xSZ4aQp
2026-05-30 18:16:29,876 [INFO] [lookup 150/644] Judy Lampe
2026-05-30 18:16:30,284 [INFO] Exact match found for 'Judy Lampe': contactId=yfKXUwIWcD2ncNEwQgsZ
2026-05-30 18:16:30,787 [INFO] [lookup 151/644] Justin Elliott
2026-05-30 18:16:31,260 [INFO] Exact match found for 'Justin Elliott': contactId=HZU0NXrsfG4BTDyREh8C
2026-05-30 18:16:31,766 [INFO] [lookup 152/644] Justin Marshall
2026-05-30 18:16:32,364 [INFO] Exact match found for 'Justin Marshall': contactId=2mGqJ2Lq6HrXnutDcP8f
2026-05-30 18:16:32,870 [INFO] [lookup 153/644] Kamal Aderibigbe
2026-05-30 18:16:33,205 [INFO] Exact match found for 'Kamal Aderibigbe': contactId=uReTLj8LjJbdzYNup048
2026-05-30 18:16:33,710 [INFO] [lookup 154/644] Karl Keeler
2026-05-30 18:16:34,089 [INFO] Exact match found for 'Karl Keeler': contactId=HVbRxODu6DH7AzMBHczP
2026-05-30 18:16:34,591 [INFO] [lookup 155/644] Karrie Kading
2026-05-30 18:16:34,992 [INFO] Exact match found for 'Karrie Kading': contactId=QZ4jGkhMA7DE8480N4zs
2026-05-30 18:16:35,494 [INFO] [lookup 156/644] Kathy Bradshaw
2026-05-30 18:16:35,865 [INFO] Exact match found for 'Kathy Bradshaw': contactId=zwVO9hF7zCkMGlO8aC06
2026-05-30 18:16:36,370 [INFO] [lookup 157/644] Kelly Farley
2026-05-30 18:16:36,734 [INFO] Exact match found for 'Kelly Farley': contactId=LZNMXM6iVOLhZdN8BUFz
2026-05-30 18:16:37,236 [INFO] [lookup 158/644] Kent Lehs
2026-05-30 18:16:37,669 [INFO] Exact match found for 'Kent Lehs': contactId=sYjlRt9hLnBuWNIT8P67
2026-05-30 18:16:38,170 [INFO] [lookup 159/644] Kevin Russell
2026-05-30 18:16:38,594 [INFO] Exact match found for 'Kevin Russell': contactId=tl1J6F3TqrtcVn2vDszY
2026-05-30 18:16:39,099 [INFO] [lookup 160/644] Kristyn Arnold
2026-05-30 18:16:39,534 [INFO] Exact match found for 'Kristyn Arnold': contactId=jziQWlKJrdCqDLXoo3js
2026-05-30 18:16:40,038 [INFO] [lookup 161/644] Kyle Ellensohn
2026-05-30 18:16:40,375 [INFO] Exact match found for 'Kyle Ellensohn': contactId=SQ7QJFrhdcscZn7KeaSn
2026-05-30 18:16:40,878 [INFO] [lookup 162/644] Larry Scott
2026-05-30 18:16:41,390 [INFO] Exact match found for 'Larry Scott': contactId=SFVoqkd85pIjCANIvTTN
2026-05-30 18:16:41,895 [INFO] [lookup 163/644] Lisa Wirth
2026-05-30 18:16:42,276 [INFO] Exact match found for 'Lisa Wirth': contactId=WaDp2LYgpJUg0wbVCf7i
2026-05-30 18:16:42,779 [INFO] [lookup 164/644] Genevieve Barros
2026-05-30 18:16:43,201 [INFO] Exact match found for 'Genevieve Barros': contactId=3WvyHtpy30vv1cRzClh5
2026-05-30 18:16:43,703 [INFO] [lookup 165/644] Georgie Riley
2026-05-30 18:16:44,118 [INFO] Exact match found for 'Georgie Riley': contactId=3zuYqBBtIPXCdKa2QoHo
2026-05-30 18:16:44,623 [INFO] [lookup 166/644] Greg Dryden
2026-05-30 18:16:44,987 [INFO] Exact match found for 'Greg Dryden': contactId=oN10xcqSZlbwUDn5d3Y0
2026-05-30 18:16:45,491 [INFO] [lookup 167/644] Greg Givanoff
2026-05-30 18:16:45,834 [INFO] Exact match found for 'Greg Givanoff': contactId=5wTupre4oeXARY59fp6M
2026-05-30 18:16:46,339 [INFO] [lookup 168/644] Greg McLaughlin
2026-05-30 18:16:46,699 [INFO] Exact match found for 'Greg McLaughlin': contactId=SaVpkevfHT5O93W7rv3C
2026-05-30 18:16:47,204 [INFO] [lookup 169/644] Gregory A Jasper
2026-05-30 18:16:47,630 [INFO] Exact match found for 'Gregory A Jasper': contactId=S9QImRIF2G1vOnm3gtQB
2026-05-30 18:16:48,132 [INFO] [lookup 170/644] Gregory Steffensmeier
2026-05-30 18:16:48,480 [INFO] Exact match found for 'Gregory Steffensmeier': contactId=41VGXgDrDHpnDSoelp10
2026-05-30 18:16:48,981 [INFO] [lookup 171/644] Harry Feng
2026-05-30 18:16:49,386 [INFO] Exact match found for 'Harry Feng': contactId=vTx7rXzoCtVs7XQvQGyI
2026-05-30 18:16:49,891 [INFO] [lookup 172/644] Hunter Bradford
2026-05-30 18:16:50,358 [INFO] Exact match found for 'Hunter Bradford': contactId=idTSiSHti0KybHQEF0Qt
2026-05-30 18:16:50,861 [INFO] [lookup 173/644] Hunter Washburn
2026-05-30 18:16:51,247 [INFO] Exact match found for 'Hunter Washburn': contactId=sqghoT89boCCESYZg5KN
2026-05-30 18:16:51,748 [INFO] [lookup 174/644] Irfan Khan
2026-05-30 18:16:52,204 [INFO] Exact match found for 'Irfan Khan': contactId=msOgyNvZqISSHJYw0BOF
2026-05-30 18:16:52,706 [INFO] [lookup 175/644] Jack DeLeon
2026-05-30 18:16:53,132 [INFO] Exact match found for 'Jack DeLeon': contactId=lzvB9LxfYn8y78lTZvWZ
2026-05-30 18:16:53,634 [INFO] [lookup 176/644] Jake Findi
2026-05-30 18:16:53,993 [INFO] Exact match found for 'Jake Findi': contactId=VbLbfN3HTL7Y5v5PutaX
2026-05-30 18:16:54,498 [INFO] [lookup 177/644] Ed Behrman
2026-05-30 18:16:54,860 [INFO] Exact match found for 'Ed Behrman': contactId=X3TcBca2RsMoG20rPMDT
2026-05-30 18:16:55,364 [INFO] [lookup 178/644] Aaron Purcell
2026-05-30 18:16:55,753 [INFO] Exact match found for 'Aaron Purcell': contactId=tWN1kEGTK7z1bBPz7gi2
2026-05-30 18:16:56,256 [INFO] [lookup 179/644] Brian LaRacco
2026-05-30 18:16:56,607 [INFO] Exact match found for 'Brian LaRacco': contactId=wRfPz8SabPXKcALGN743
2026-05-30 18:16:57,110 [INFO] [lookup 180/644] Merle Laswell
2026-05-30 18:16:57,461 [INFO] Exact match found for 'Merle Laswell': contactId=itfztLiiAf1mg3zCOydc
2026-05-30 18:16:57,963 [INFO] [lookup 181/644] Doug Shiplett
2026-05-30 18:16:58,289 [INFO] Exact match found for 'Doug Shiplett': contactId=SH6WaAsPLmBRgaXT7qtM
2026-05-30 18:16:58,794 [INFO] [lookup 182/644] Robert Farrell
2026-05-30 18:16:59,214 [INFO] Exact match found for 'Robert Farrell': contactId=krv8v6ZWCcc7dJa12PvN
2026-05-30 18:16:59,715 [INFO] [lookup 183/644] Caleb Fritzler
2026-05-30 18:17:00,081 [INFO] Exact match found for 'Caleb Fritzler': contactId=4XaUR4UM9L3VeZe1YSKE
2026-05-30 18:17:00,582 [INFO] [lookup 184/644] Joe Goerdt
2026-05-30 18:17:00,977 [INFO] Exact match found for 'Joe Goerdt': contactId=tpE6YLwADZuCGZbAjSEV
2026-05-30 18:17:01,478 [INFO] [lookup 185/644] Dan Sethi
2026-05-30 18:17:01,886 [INFO] Exact match found for 'Dan Sethi': contactId=4azjkNoZeCw7HynB9DvA
2026-05-30 18:17:02,391 [INFO] [lookup 186/644] Tim Albright
2026-05-30 18:17:02,824 [INFO] Exact match found for 'Tim Albright': contactId=nw2T7H2E1eDjNtYokXUY
2026-05-30 18:17:03,329 [INFO] [lookup 187/644] Tim Campbell
2026-05-30 18:17:04,081 [INFO] Exact match found for 'Tim Campbell': contactId=7CsiWFANqSkP5yVxElZK
2026-05-30 18:17:04,581 [INFO] [lookup 188/644] Todd Scott
2026-05-30 18:17:05,044 [INFO] Exact match found for 'Todd Scott': contactId=OTZHxqizqEAM0fv6Ze5z
2026-05-30 18:17:05,550 [INFO] [lookup 189/644] Tony Hung-Nguyen
2026-05-30 18:17:05,966 [INFO] Exact match found for 'Tony Hung-Nguyen': contactId=gQGxit6PkSb6wiVxheBW
2026-05-30 18:17:06,471 [INFO] [lookup 190/644] Tyler Hogue
2026-05-30 18:17:06,869 [INFO] Exact match found for 'Tyler Hogue': contactId=ghCnlFo2S9n6zW0kKCly
2026-05-30 18:17:07,374 [INFO] [lookup 191/644] Virdi Baljit
2026-05-30 18:17:07,761 [INFO] Exact match found for 'Virdi Baljit': contactId=cSo9QdxT2Colb7GTShRo
2026-05-30 18:17:08,264 [INFO] [lookup 192/644] Luke Jensen
2026-05-30 18:17:08,690 [INFO] Exact match found for 'Luke Jensen': contactId=IQupauaumGVjxSANvPAb
2026-05-30 18:17:09,196 [INFO] [lookup 193/644] Marija Balac
2026-05-30 18:17:09,610 [INFO] Exact match found for 'Marija Balac': contactId=FeNnTSDvdlgzqvRoj2jT
2026-05-30 18:17:10,115 [INFO] [lookup 194/644] Mark Nelson
2026-05-30 18:17:10,651 [INFO] Exact match found for 'Mark Nelson': contactId=FA5JH2JsbDnwFsy76Rja
2026-05-30 18:17:11,153 [INFO] [lookup 195/644] Mark Peitzman
2026-05-30 18:17:11,499 [INFO] Exact match found for 'Mark Peitzman': contactId=hhrmiklBNtfilPMZZGuM
2026-05-30 18:17:12,004 [INFO] [lookup 196/644] Mark Porter
2026-05-30 18:17:12,504 [INFO] Exact match found for 'Mark Porter': contactId=MsVpIodo9nNhYZKtcS4Q
2026-05-30 18:17:13,005 [INFO] [lookup 197/644] Mark Roberts
2026-05-30 18:17:13,439 [INFO] Exact match found for 'Mark Roberts': contactId=jt0ijKcpxGwavNJD4T3J
2026-05-30 18:17:13,945 [INFO] [lookup 198/644] Mark Theis
2026-05-30 18:17:14,321 [INFO] Exact match found for 'Mark Theis': contactId=NuIUuu0TdjHkUy63oVYc
2026-05-30 18:17:14,826 [INFO] [lookup 199/644] Mary Frasier
2026-05-30 18:17:15,204 [INFO] Exact match found for 'Mary Frasier': contactId=XHkZTQPYU5B6nGhdFbTh
2026-05-30 18:17:15,709 [INFO] [lookup 200/644] Mason Ouderkirk
2026-05-30 18:17:16,069 [INFO] Exact match found for 'Mason Ouderkirk': contactId=4udcR0dDwVxnJBNNERp6
2026-05-30 18:17:16,571 [INFO] [lookup 201/644] Michael Boge
2026-05-30 18:17:16,941 [INFO] Exact match found for 'Michael Boge': contactId=WOIK1QgnMmEZTJA4Stvu
2026-05-30 18:17:17,447 [INFO] [lookup 202/644] Michael Perrin
2026-05-30 18:17:17,799 [INFO] Exact match found for 'Michael Perrin': contactId=jBW7JmtTM2awq04aVm0D
2026-05-30 18:17:18,303 [INFO] [lookup 203/644] Michael Sandvig
2026-05-30 18:17:18,667 [INFO] Exact match found for 'Michael Sandvig': contactId=kGXxOVjImjreFtQWCGoF
2026-05-30 18:17:19,172 [INFO] [lookup 204/644] Mike Berns
2026-05-30 18:17:19,554 [INFO] Exact match found for 'Mike Berns': contactId=F5hE0X9flZK7urPoSVYJ
2026-05-30 18:17:20,055 [INFO] [lookup 205/644] Jared Whitinger
2026-05-30 18:17:20,431 [INFO] Exact match found for 'Jared Whitinger': contactId=9uF9b2ULwGIlKvnyQpIh
2026-05-30 18:17:20,934 [INFO] [lookup 206/644] Jason Babcock
2026-05-30 18:17:21,334 [INFO] Exact match found for 'Jason Babcock': contactId=9aWWS94rCT8nKASp11xO
2026-05-30 18:17:21,836 [INFO] [lookup 207/644] Jason Holland
2026-05-30 18:17:22,541 [INFO] Exact match found for 'Jason Holland': contactId=uSrpHVmWzm6JWzLnJOZp
2026-05-30 18:17:23,046 [INFO] [lookup 208/644] Jay Connor
2026-05-30 18:17:23,810 [INFO] Exact match found for 'Jay Connor': contactId=ZuRzQ5XnVOhUD7lygrGj
2026-05-30 18:17:24,312 [INFO] [lookup 209/644] Jean Toledano
2026-05-30 18:17:25,407 [INFO] Exact match found for 'Jean Toledano': contactId=YCx9KnSM1SEsJAh0tFzV
2026-05-30 18:17:25,910 [INFO] [lookup 210/644] Jeff Bakeris
2026-05-30 18:17:28,140 [INFO] Exact match found for 'Jeff Bakeris': contactId=BAXhwQatylcfRuDIJ1eF
2026-05-30 18:17:28,644 [INFO] [lookup 211/644] Jerry Floyd
2026-05-30 18:17:29,059 [INFO] Exact match found for 'Jerry Floyd': contactId=2pCDMNYDoWw6qnlXpGSw
2026-05-30 18:17:29,564 [INFO] [lookup 212/644] Jim Bell
2026-05-30 18:17:30,056 [INFO] Exact match found for 'Jim Bell': contactId=djTgCycx9T817mwhPd2U
2026-05-30 18:17:30,557 [INFO] [lookup 213/644] Jim Kesterson
2026-05-30 18:17:31,274 [INFO] Exact match found for 'Jim Kesterson': contactId=aJBjJDUBdPWAJTJ5uCeZ
2026-05-30 18:17:31,779 [INFO] [lookup 214/644] Joe Greaves
2026-05-30 18:17:32,141 [INFO] Exact match found for 'Joe Greaves': contactId=FS1789XQH5oTCqJd1ysD
2026-05-30 18:17:32,644 [INFO] [lookup 215/644] Adam Metzker
2026-05-30 18:17:32,965 [INFO] Exact match found for 'Adam Metzker': contactId=sRCN1Ub12iA4vGrTwNu7
2026-05-30 18:17:33,468 [INFO] [lookup 216/644] Aquib Ali
2026-05-30 18:17:33,870 [INFO] Exact match found for 'Aquib Ali': contactId=dCPIMNuahMRKplRtgIID
2026-05-30 18:17:34,375 [INFO] [lookup 217/644] Becky Hiu
2026-05-30 18:17:34,795 [INFO] Exact match found for 'Becky Hiu': contactId=k34rvyJieNXzwpVIK2GD
2026-05-30 18:17:35,296 [INFO] [lookup 218/644] Bob Davis
2026-05-30 18:17:35,827 [INFO] Exact match found for 'Bob Davis': contactId=lIPL7QAhVTOLg4QQpmUi
2026-05-30 18:17:36,332 [INFO] [lookup 219/644] Brad Lowe
2026-05-30 18:17:37,440 [INFO] Exact match found for 'Brad Lowe': contactId=9103vSJGQbgwaK5NLhtG
2026-05-30 18:17:37,945 [INFO] [lookup 220/644] Brian Smith
2026-05-30 18:17:38,454 [INFO] Exact match found for 'Brian Smith': contactId=nmUp7nf9unl1OKHWtBqt
2026-05-30 18:17:38,959 [INFO] [lookup 221/644] Bruce McCann
2026-05-30 18:17:40,350 [INFO] Exact match found for 'Bruce McCann': contactId=pbsoR6xUAwPxzLxuHG00
2026-05-30 18:17:40,851 [INFO] [lookup 222/644] Casey Shelton
2026-05-30 18:17:41,372 [INFO] Exact match found for 'Casey Shelton': contactId=0fg8OhjB9tXnnOYjGIsf
2026-05-30 18:17:41,875 [INFO] [lookup 223/644] Chase Gochnauer
2026-05-30 18:17:42,373 [INFO] Exact match found for 'Chase Gochnauer': contactId=qo7FWgXPhS2KKgKXNbGJ
2026-05-30 18:17:42,876 [INFO] [lookup 224/644] Mike Graf
2026-05-30 18:17:43,325 [INFO] Exact match found for 'Mike Graf': contactId=ZZGsTGenBzkSPlKI495X
2026-05-30 18:17:43,830 [INFO] [lookup 225/644] Mike Hutchison
2026-05-30 18:17:44,194 [INFO] Exact match found for 'Mike Hutchison': contactId=wJzFQaQYaGbOh2ZA4WCd
2026-05-30 18:17:44,699 [INFO] [lookup 226/644] Mike Panchal
2026-05-30 18:17:45,039 [INFO] Exact match found for 'Mike Panchal': contactId=FPwMpKUXwnKEUWx15U1H
2026-05-30 18:17:45,544 [INFO] [lookup 227/644] Mike Pierson
2026-05-30 18:17:45,931 [INFO] Exact match found for 'Mike Pierson': contactId=v9p6HfYwcg8G7Ssnz574
2026-05-30 18:17:46,436 [INFO] [lookup 228/644] Mikhail "Mike" Geister
2026-05-30 18:17:46,765 [INFO] Using closest match for 'Mikhail "Mike" Geister': 'mikhail \"mike\" geister' (contactId=oF49CFmhbkC0nxmVEk4e)
2026-05-30 18:17:47,267 [INFO] [lookup 229/644] Mukesh Tayal
2026-05-30 18:17:47,605 [INFO] Exact match found for 'Mukesh Tayal': contactId=zYqNfZDh3KjSVtvAZfjl
2026-05-30 18:17:48,110 [INFO] [lookup 230/644] Nathan Smith
2026-05-30 18:17:48,590 [INFO] Exact match found for 'Nathan Smith': contactId=YOiguCOVAlPZPRo8j57B
2026-05-30 18:17:49,094 [INFO] [lookup 231/644] Nick Bruhn
2026-05-30 18:17:49,475 [INFO] Exact match found for 'Nick Bruhn': contactId=zlFXlIWLi3HCYBASe9vS
2026-05-30 18:17:49,975 [INFO] [lookup 232/644] Nick Graham
2026-05-30 18:17:50,422 [INFO] Exact match found for 'Nick Graham': contactId=oNHNYkWkIy1kvor1VIDM
2026-05-30 18:17:50,927 [INFO] [lookup 233/644] Nick Olson
2026-05-30 18:17:51,334 [INFO] Exact match found for 'Nick Olson': contactId=x0m5y3C4EznBTuR0w97D
2026-05-30 18:17:51,840 [INFO] [lookup 234/644] Nick Pierson
2026-05-30 18:17:52,294 [INFO] Exact match found for 'Nick Pierson': contactId=3qF46COu50pP4vNZhnbG
2026-05-30 18:17:52,799 [INFO] [lookup 235/644] Pete Schaul
2026-05-30 18:17:53,386 [INFO] Exact match found for 'Pete Schaul': contactId=YjZaRmPsIgQYwuO105vG
2026-05-30 18:17:53,891 [INFO] [lookup 236/644] Peter Nixon
2026-05-30 18:17:54,316 [INFO] Exact match found for 'Peter Nixon': contactId=xVPzpdF07gORQczfeqD3
2026-05-30 18:17:54,817 [INFO] [lookup 237/644] Phillip Hatzopoulos
2026-05-30 18:17:55,195 [INFO] Exact match found for 'Phillip Hatzopoulos': contactId=Fn55OERlTlTqmyLmZYwz
2026-05-30 18:17:55,698 [INFO] [lookup 238/644] Rahul Chadha
2026-05-30 18:17:56,131 [INFO] Exact match found for 'Rahul Chadha': contactId=PwJyBfk3m38LvQrP80df
2026-05-30 18:17:56,635 [INFO] [lookup 239/644] John Galkowski
2026-05-30 18:17:57,012 [INFO] Exact match found for 'John Galkowski': contactId=eCjQC3bKPOwdijs5IFxG
2026-05-30 18:17:57,513 [INFO] [lookup 240/644] John Joyce
2026-05-30 18:17:57,948 [INFO] Exact match found for 'John Joyce': contactId=KTcxiQsAiHrcXOL4Lntk
2026-05-30 18:17:58,453 [INFO] [lookup 241/644] John Lassaux
2026-05-30 18:17:58,775 [INFO] Exact match found for 'John Lassaux': contactId=3i13hSrNEsujPIWsXDSM
2026-05-30 18:17:59,280 [INFO] [lookup 242/644] John Rader
2026-05-30 18:17:59,652 [INFO] Exact match found for 'John Rader': contactId=uU64tkhMnSk4kvVLVMWc
2026-05-30 18:18:00,154 [INFO] [lookup 243/644] Jon Harding
2026-05-30 18:18:00,563 [INFO] Exact match found for 'Jon Harding': contactId=5yRd6ApGc2aoMC3rOucU
2026-05-30 18:18:01,068 [INFO] [lookup 244/644] Jonathan Bradley
2026-05-30 18:18:01,483 [INFO] Exact match found for 'Jonathan Bradley': contactId=0KzGsJkza2mEVW83Benz
2026-05-30 18:18:01,988 [INFO] [lookup 245/644] Josh Kenitzer
2026-05-30 18:18:02,376 [INFO] Exact match found for 'Josh Kenitzer': contactId=cyzzgfZSMgNJpr1Rg9Ni
2026-05-30 18:18:02,880 [INFO] [lookup 246/644] Kai Liu
2026-05-30 18:18:03,314 [INFO] Exact match found for 'Kai Liu': contactId=ZknYSevPTkI5CnyJYKZF
2026-05-30 18:18:03,818 [INFO] [lookup 247/644] Kevin Dodson
2026-05-30 18:18:04,169 [INFO] Exact match found for 'Kevin Dodson': contactId=os6jXsLK7IRok37Bid1S
2026-05-30 18:18:04,674 [INFO] [lookup 248/644] Kevin Owens
2026-05-30 18:18:05,176 [INFO] Exact match found for 'Kevin Owens': contactId=3C4IgLa6eUYCYMzVPtcA
2026-05-30 18:18:05,682 [INFO] [lookup 249/644] Scott Cutler
2026-05-30 18:18:06,172 [INFO] Exact match found for 'Scott Cutler': contactId=Eplel3HrAprHO0G63lt6
2026-05-30 18:18:06,678 [INFO] [lookup 250/644] Cory Blood
2026-05-30 18:18:07,790 [INFO] Exact match found for 'Cory Blood': contactId=o7aFCjJefgDRSLaU2ctd
2026-05-30 18:18:08,293 [INFO] [lookup 251/644] Daniel Doyle
2026-05-30 18:18:10,354 [INFO] Exact match found for 'Daniel Doyle': contactId=SoKw5Zfb3cB2A42FEfXi
2026-05-30 18:18:10,859 [INFO] [lookup 252/644] Grant Lewis
2026-05-30 18:18:11,312 [INFO] Exact match found for 'Grant Lewis': contactId=NOlhnU7G2QPywSIP7K4H
2026-05-30 18:18:11,817 [INFO] [lookup 253/644] Rick Makohoniuk
2026-05-30 18:18:12,151 [INFO] Exact match found for 'Rick Makohoniuk': contactId=rHyW6lTtAfeYsXdi28kI
2026-05-30 18:18:12,657 [INFO] [lookup 254/644] Robert Dubansky
2026-05-30 18:18:13,093 [INFO] Exact match found for 'Robert Dubansky': contactId=ln79aLfCLcKDMACzQBir
2026-05-30 18:18:13,599 [INFO] [lookup 255/644] Ryan Phelan
2026-05-30 18:18:13,958 [INFO] Exact match found for 'Ryan Phelan': contactId=BToKxwlG0r69zHCxrl7C
2026-05-30 18:18:14,463 [INFO] [lookup 256/644] Ryan Wildenstein
2026-05-30 18:18:15,062 [WARNING] No GHL contact found for 'Ryan Wildenstein'
2026-05-30 18:18:15,565 [INFO] [lookup 257/644] Saurabh Aggarwal
2026-05-30 18:18:15,909 [INFO] Exact match found for 'Saurabh Aggarwal': contactId=kBnWWg9oeTbDma4Tu4Sj
2026-05-30 18:18:16,414 [INFO] [lookup 258/644] Scott Hubbard
2026-05-30 18:18:16,797 [INFO] Exact match found for 'Scott Hubbard': contactId=VFkVgpUqrHIjeUObClAN
2026-05-30 18:18:17,302 [INFO] [lookup 259/644] Shane Isley
2026-05-30 18:18:17,648 [INFO] Exact match found for 'Shane Isley': contactId=oFsdOpZwWe6IOB35ZjP8
2026-05-30 18:18:18,153 [INFO] [lookup 260/644] Stephen Emerson
2026-05-30 18:18:18,571 [INFO] Exact match found for 'Stephen Emerson': contactId=j7qPYX8bxzHm1Bzljgiq
2026-05-30 18:18:19,076 [INFO] [lookup 261/644] Stephen Roney
2026-05-30 18:18:19,405 [INFO] Exact match found for 'Stephen Roney': contactId=9evWFeSuEE67c9S8yHN9
2026-05-30 18:18:19,908 [INFO] [lookup 262/644] Steve Cerese
2026-05-30 18:18:20,258 [INFO] Exact match found for 'Steve Cerese': contactId=6SGBQnq4rD63VYeIBOap
2026-05-30 18:18:20,762 [INFO] [lookup 263/644] Kirsten Stumpf
2026-05-30 18:18:21,107 [INFO] Exact match found for 'Kirsten Stumpf': contactId=IUA05H8aZh5SL3157EgZ
2026-05-30 18:18:21,612 [INFO] [lookup 264/644] Kyle Johnson
2026-05-30 18:18:22,100 [INFO] Exact match found for 'Kyle Johnson': contactId=RPdMCwJPUq1sKiWsgd6R
2026-05-30 18:18:22,602 [INFO] [lookup 265/644] Lance Schaefer
2026-05-30 18:18:22,955 [INFO] Exact match found for 'Lance Schaefer': contactId=l3xyZghowSXEyC8ncY83
2026-05-30 18:18:23,460 [INFO] [lookup 266/644] Larkin Adey
2026-05-30 18:18:23,817 [INFO] Exact match found for 'Larkin Adey': contactId=wWqHTMziqzF92Wbf39xF
2026-05-30 18:18:24,318 [INFO] [lookup 267/644] Lee Evans
2026-05-30 18:18:24,776 [INFO] Exact match found for 'Lee Evans': contactId=aH3ImchFLgdrq6YytXyy
2026-05-30 18:18:25,281 [INFO] [lookup 268/644] Leo Stegman
2026-05-30 18:18:25,617 [INFO] Exact match found for 'Leo Stegman': contactId=YUp03WSaxJyRuG4F92cm
2026-05-30 18:18:26,122 [INFO] [lookup 269/644] Lucy Weeks
2026-05-30 18:18:26,491 [INFO] Exact match found for 'Lucy Weeks': contactId=OKEmVtuIrvKHvzRi23TE
2026-05-30 18:18:26,996 [INFO] [lookup 270/644] Luis Lozada
2026-05-30 18:18:27,466 [INFO] Exact match found for 'Luis Lozada': contactId=3EBC4wAx4J0jjTe2oLsQ
2026-05-30 18:18:27,972 [INFO] [lookup 271/644] Mack Benson
2026-05-30 18:18:28,432 [INFO] Exact match found for 'Mack Benson': contactId=lxApR4MS0aOgEMF8Er5v
2026-05-30 18:18:28,937 [INFO] [lookup 272/644] Marcus Kuhnert
2026-05-30 18:18:29,270 [INFO] Exact match found for 'Marcus Kuhnert': contactId=edWRKnhiEmgGIyKNjIdH
2026-05-30 18:18:29,774 [INFO] [lookup 273/644] Mark Gremler
2026-05-30 18:18:30,229 [INFO] Exact match found for 'Mark Gremler': contactId=Blyv0WwiZL4pnLxRRo2l
2026-05-30 18:18:30,732 [INFO] [lookup 274/644] Matt Popilek
2026-05-30 18:18:31,104 [INFO] Exact match found for 'Matt Popilek': contactId=yiboltE9bgc3BvbZjNd8
2026-05-30 18:18:31,609 [INFO] [lookup 275/644] Brian LaRocco
2026-05-30 18:18:31,974 [INFO] Exact match found for 'Brian LaRocco': contactId=yOhsMqf8D0ZvKNSDTnZq
2026-05-30 18:18:32,479 [INFO] [lookup 276/644] Saheb Sahu
2026-05-30 18:18:32,845 [INFO] Exact match found for 'Saheb Sahu': contactId=bggSoROkXTYFnqaRmwqB
2026-05-30 18:18:33,348 [INFO] [lookup 277/644] Andrew Lietzow
2026-05-30 18:18:33,672 [INFO] Exact match found for 'Andrew Lietzow': contactId=2Gw4CxUxRLog1CRTmekp
2026-05-30 18:18:34,176 [INFO] [lookup 278/644] Metonic Real Estate - Trey Smith
2026-05-30 18:18:34,535 [WARNING] No GHL contact found for 'Metonic Real Estate - Trey Smith'
2026-05-30 18:18:35,040 [INFO] [lookup 279/644] Adam Clark
2026-05-30 18:18:35,504 [INFO] Exact match found for 'Adam Clark': contactId=RTyELGRVEBlZdWikcXYg
2026-05-30 18:18:36,007 [INFO] [lookup 280/644] Al Perry
2026-05-30 18:18:36,496 [INFO] Exact match found for 'Al Perry': contactId=RvbhbCfYFtRnImgYe2WA
2026-05-30 18:18:36,997 [INFO] [lookup 281/644] Alex Gaylon
2026-05-30 18:18:37,340 [INFO] Exact match found for 'Alex Gaylon': contactId=a9KsijxVk8nY9fGbcz1p
2026-05-30 18:18:37,842 [INFO] [lookup 282/644] Ali Pourian
2026-05-30 18:18:38,254 [INFO] Exact match found for 'Ali Pourian': contactId=2cX2N5tJ7KstCe7el8fD
2026-05-30 18:18:38,756 [INFO] [lookup 283/644] Andrew Howard
2026-05-30 18:18:39,296 [INFO] Exact match found for 'Andrew Howard': contactId=toRv08WPpVsEFD6MK9ZU
2026-05-30 18:18:39,801 [INFO] [lookup 284/644] Ben Latusek
2026-05-30 18:18:40,336 [INFO] Exact match found for 'Ben Latusek': contactId=eOFvB4YW3A7ZrH8UlgF1
2026-05-30 18:18:40,837 [INFO] [lookup 285/644] Bradley Baumler
2026-05-30 18:18:41,191 [INFO] Exact match found for 'Bradley Baumler': contactId=KJv44rOkRQWLtBk3jdDr
2026-05-30 18:18:41,692 [INFO] [lookup 286/644] Brandon Arends
2026-05-30 18:18:42,075 [INFO] Exact match found for 'Brandon Arends': contactId=HVyrMJoefk9BiGjFRl9V
2026-05-30 18:18:42,578 [INFO] [lookup 287/644] Brandon Foldes
2026-05-30 18:18:42,975 [INFO] Exact match found for 'Brandon Foldes': contactId=bEcNUraUkis2lrfU6mss
2026-05-30 18:18:43,479 [INFO] [lookup 288/644] Brandon Pratt
2026-05-30 18:18:43,888 [INFO] Exact match found for 'Brandon Pratt': contactId=PusZT6TxNGHT9dTeAK83
2026-05-30 18:18:44,394 [INFO] [lookup 289/644] Brian Blankenburg
2026-05-30 18:18:44,737 [INFO] Exact match found for 'Brian Blankenburg': contactId=Kz4RByDqPVAx8NuzdfWW
2026-05-30 18:18:45,243 [INFO] [lookup 290/644] Nchai Khang
2026-05-30 18:18:45,617 [INFO] Exact match found for 'Nchai Khang': contactId=dRTFcaNM3OVKOLenYAwi
2026-05-30 18:18:46,120 [INFO] [lookup 291/644] Nick Faselt
2026-05-30 18:18:46,513 [INFO] Exact match found for 'Nick Faselt': contactId=uPl2KJGyr7sA7Ct4csJq
2026-05-30 18:18:47,016 [INFO] [lookup 292/644] Nick Lankford
2026-05-30 18:18:47,400 [INFO] Exact match found for 'Nick Lankford': contactId=B2cHKVTd2sq6nsr4fa1M
2026-05-30 18:18:47,905 [INFO] [lookup 293/644] Paul Maloney
2026-05-30 18:18:48,285 [INFO] Exact match found for 'Paul Maloney': contactId=qr1iZEkvl4pQxyPUgo0B
2026-05-30 18:18:48,790 [INFO] [lookup 294/644] Richard Marguiles
2026-05-30 18:18:49,148 [INFO] Exact match found for 'Richard Marguiles': contactId=J2TNbPYYk5SHhLRieQ6i
2026-05-30 18:18:49,649 [INFO] [lookup 295/644] Riley Boyle
2026-05-30 18:18:50,027 [INFO] Exact match found for 'Riley Boyle': contactId=X0xYYhzpmllhYKxZQYNW
2026-05-30 18:18:50,528 [INFO] [lookup 296/644] Robert Moore
2026-05-30 18:18:51,049 [INFO] Exact match found for 'Robert Moore': contactId=9p8nR8zwReBfwxfVVTIz
2026-05-30 18:18:51,554 [INFO] [lookup 297/644] Rolston Boon
2026-05-30 18:18:51,931 [INFO] Exact match found for 'Rolston Boon': contactId=XMSAQghXx9KySX7A8h4E
2026-05-30 18:18:52,433 [INFO] [lookup 298/644] Ryan Winter
2026-05-30 18:18:52,923 [INFO] Exact match found for 'Ryan Winter': contactId=8fO2gTMKVHrADgoE0XL3
2026-05-30 18:18:53,428 [INFO] [lookup 299/644] Ruth Hugan
2026-05-30 18:18:53,749 [INFO] Exact match found for 'Ruth Hugan': contactId=1YAd07UO4ONUvHbXruin
2026-05-30 18:18:54,253 [INFO] [lookup 300/644] Ryan Dworak
2026-05-30 18:18:54,742 [INFO] Exact match found for 'Ryan Dworak': contactId=UzTRmdnMhnMH9FUEe5k6
2026-05-30 18:18:55,247 [INFO] [lookup 301/644] Ryan Siemens
2026-05-30 18:18:55,598 [INFO] Exact match found for 'Ryan Siemens': contactId=Gn9x9d0Y2Z3B9Eg4Anuq
2026-05-30 18:18:56,102 [INFO] [lookup 302/644] Ryan Thomas Parnow
2026-05-30 18:18:56,515 [INFO] Exact match found for 'Ryan Thomas Parnow': contactId=XZkMWwgiRbkZNWPMlYR4
2026-05-30 18:18:57,020 [INFO] [lookup 303/644] Sam Stalkfleet
2026-05-30 18:18:57,388 [INFO] Exact match found for 'Sam Stalkfleet': contactId=o02leQ10XYKZIgvxVGIY
2026-05-30 18:18:57,888 [INFO] [lookup 304/644] Sang Boina
2026-05-30 18:18:58,460 [INFO] Exact match found for 'Sang Boina': contactId=FPmXbiYh6bWixOEQxhSp
2026-05-30 18:18:58,962 [INFO] [lookup 305/644] Sarah Blodgett
2026-05-30 18:18:59,291 [INFO] Exact match found for 'Sarah Blodgett': contactId=pXoESDaRt6R018HSJcbF
2026-05-30 18:18:59,794 [INFO] [lookup 306/644] Scott Schurman
2026-05-30 18:19:00,162 [INFO] Exact match found for 'Scott Schurman': contactId=HhfAfyNEbuAeBcdsJQTw
2026-05-30 18:19:00,667 [INFO] [lookup 307/644] Sean Perkin
2026-05-30 18:19:01,147 [INFO] Exact match found for 'Sean Perkin': contactId=6pAer191n7fpw5caTJHC
2026-05-30 18:19:01,652 [INFO] [lookup 308/644] Guy Parisi
2026-05-30 18:19:02,018 [INFO] Exact match found for 'Guy Parisi': contactId=MnN4W5kKl8rfqDBkIn8J
2026-05-30 18:19:02,524 [INFO] [lookup 309/644] Zack Stull
2026-05-30 18:19:02,880 [INFO] Exact match found for 'Zack Stull': contactId=g2zmpPQQb9VZZE1X77Gw
2026-05-30 18:19:03,385 [INFO] [lookup 310/644] Zebediah Grimm
2026-05-30 18:19:03,723 [INFO] Exact match found for 'Zebediah Grimm': contactId=x8k0QVCtUmLSHv34zBXL
2026-05-30 18:19:04,224 [INFO] [lookup 311/644] Steve Iverson
2026-05-30 18:19:04,572 [INFO] Exact match found for 'Steve Iverson': contactId=ZzkYvwbY5tZpSeBAhvYN
2026-05-30 18:19:05,075 [INFO] [lookup 312/644] Alex Erickson
2026-05-30 18:19:05,593 [INFO] Exact match found for 'Alex Erickson': contactId=QnDPSk65aasYPUuqNRaP
2026-05-30 18:19:06,095 [INFO] [lookup 313/644] Chis Watkins
2026-05-30 18:19:06,485 [WARNING] No GHL contact found for 'Chis Watkins'
2026-05-30 18:19:06,986 [INFO] [lookup 314/644] Mitch Sellers
2026-05-30 18:19:07,381 [INFO] Exact match found for 'Mitch Sellers': contactId=JLxtoTvSgr64HOPiJ4BY
2026-05-30 18:19:07,881 [INFO] [lookup 315/644] Doug Daniel
2026-05-30 18:19:08,413 [INFO] Exact match found for 'Doug Daniel': contactId=lxG6wheuTR93xf4nd3EW
2026-05-30 18:19:08,918 [INFO] [lookup 316/644] Stephen Patel
2026-05-30 18:19:09,318 [INFO] Exact match found for 'Stephen Patel': contactId=5qyZkWJe39z21Bb8rSoo
2026-05-30 18:19:09,820 [INFO] [lookup 317/644] Steven Pfeifer
2026-05-30 18:19:10,160 [INFO] Exact match found for 'Steven Pfeifer': contactId=RqRpqlW7G7OLRmbUS9Er
2026-05-30 18:19:10,666 [INFO] [lookup 318/644] Ted Schultz
2026-05-30 18:19:11,096 [INFO] Exact match found for 'Ted Schultz': contactId=DHdVYbtFojfpFIvjFygj
2026-05-30 18:19:11,596 [INFO] [lookup 319/644] Terry Cullen
2026-05-30 18:19:11,985 [INFO] Exact match found for 'Terry Cullen': contactId=4nEwNvG5ITPYEtC8SgSl
2026-05-30 18:19:12,490 [INFO] [lookup 320/644] Thomas Campbell
2026-05-30 18:19:12,995 [INFO] Exact match found for 'Thomas Campbell': contactId=Rq5UmX2jEjs8y6ZDKFdS
2026-05-30 18:19:13,496 [INFO] [lookup 321/644] Thomas Reed
2026-05-30 18:19:13,899 [INFO] Exact match found for 'Thomas Reed': contactId=0TDTp7h8Y1dLyymwVgkc
2026-05-30 18:19:14,400 [INFO] [lookup 322/644] Travis Book
2026-05-30 18:19:14,927 [INFO] Exact match found for 'Travis Book': contactId=B4SHEqUT1NvEpwePd0lA
2026-05-30 18:19:15,433 [INFO] [lookup 323/644] Tripp Cunningham
2026-05-30 18:19:15,847 [INFO] Exact match found for 'Tripp Cunningham': contactId=BK9RDwJf483NfilJrPVN
2026-05-30 18:19:16,351 [INFO] [lookup 324/644] Vicky Hanus
2026-05-30 18:19:16,719 [INFO] Exact match found for 'Vicky Hanus': contactId=IPs02R1jbxkQ3wewUkvo
2026-05-30 18:19:17,224 [INFO] [lookup 325/644] Victor Omoniyi
2026-05-30 18:19:17,564 [INFO] Exact match found for 'Victor Omoniyi': contactId=IDznPMQHPUOqODPW29Jm
2026-05-30 18:19:18,069 [INFO] [lookup 326/644] Will Hallfax
2026-05-30 18:19:18,438 [INFO] Exact match found for 'Will Hallfax': contactId=5oZyuDqrnvcVhq1qessB
2026-05-30 18:19:18,943 [INFO] [lookup 327/644] Yeheskey Monk
2026-05-30 18:19:19,289 [INFO] Exact match found for 'Yeheskey Monk': contactId=bxwx0IOFrqf16pl8lm8x
2026-05-30 18:19:19,795 [INFO] [lookup 328/644] Devin King
2026-05-30 18:19:20,334 [INFO] Exact match found for 'Devin King': contactId=xHLD94wWJxsFFHCzaaCn
2026-05-30 18:19:20,846 [INFO] [lookup 329/644] Chris Salzaar
2026-05-30 18:19:21,314 [WARNING] No GHL contact found for 'Chris Salzaar'
2026-05-30 18:19:21,814 [INFO] [lookup 330/644] Tyler Spaans
2026-05-30 18:19:22,168 [INFO] Exact match found for 'Tyler Spaans': contactId=mDHFqbblbXr60EqPhkjN
2026-05-30 18:19:22,673 [INFO] [lookup 331/644] Tim Rypma
2026-05-30 18:19:23,020 [INFO] Exact match found for 'Tim Rypma': contactId=TuQIJNxi5Dx2U3yBd8Lu
2026-05-30 18:19:23,522 [INFO] [lookup 332/644] Tim Schulte
2026-05-30 18:19:23,883 [WARNING] No GHL contact found for 'Tim Schulte'
2026-05-30 18:19:24,389 [INFO] [lookup 333/644] Thomas Roth
2026-05-30 18:19:24,878 [INFO] Exact match found for 'Thomas Roth': contactId=hMWllY2pKyoScsfXsyvj
2026-05-30 18:19:25,382 [INFO] [lookup 334/644] Tim Maynard
2026-05-30 18:19:25,792 [INFO] Exact match found for 'Tim Maynard': contactId=jUk3wTU5sqPJdnJIoy8g
2026-05-30 18:19:26,297 [INFO] [lookup 335/644] Adam Hunemuller
2026-05-30 18:19:26,627 [INFO] Exact match found for 'Adam Hunemuller': contactId=nkAAXQ9X6LMpGtHjmFmQ
2026-05-30 18:19:27,130 [INFO] [lookup 336/644] Liviu Nicola
2026-05-30 18:19:27,597 [INFO] Exact match found for 'Liviu Nicola': contactId=DE52V7kPFOcesWNJpHJo
2026-05-30 18:19:28,103 [INFO] [lookup 337/644] Alan Mohabir
2026-05-30 18:19:28,432 [INFO] Exact match found for 'Alan Mohabir': contactId=z4uCOl70HnWVdJGfeCjP
2026-05-30 18:19:28,937 [INFO] [lookup 338/644] Alan Zee
2026-05-30 18:19:29,397 [INFO] Exact match found for 'Alan Zee': contactId=wdid5v6z1Fo4LZAiJzWx
2026-05-30 18:19:29,901 [INFO] [lookup 339/644] Andy Lee
2026-05-30 18:19:30,359 [INFO] Exact match found for 'Andy Lee': contactId=JyZOzm26ifBtRwqMFpIR
2026-05-30 18:19:30,865 [INFO] [lookup 340/644] Angie Michel
2026-05-30 18:19:31,404 [INFO] Exact match found for 'Angie Michel': contactId=eW1LySSMmSIlBRjlfpp7
2026-05-30 18:19:31,909 [INFO] [lookup 341/644] Anurag Bhalla
2026-05-30 18:19:32,263 [INFO] Exact match found for 'Anurag Bhalla': contactId=QV0PJ5GQq63p3sgMyTa7
2026-05-30 18:19:32,768 [INFO] [lookup 342/644] Austin Vaughn
2026-05-30 18:19:33,236 [INFO] Exact match found for 'Austin Vaughn': contactId=WuSkUdd9cTBFpv1wHraU
2026-05-30 18:19:33,741 [INFO] [lookup 343/644] Bar Goldstein
2026-05-30 18:19:34,140 [INFO] Exact match found for 'Bar Goldstein': contactId=KXXAQfm7ABqUyBA3V5hH
2026-05-30 18:19:34,645 [INFO] [lookup 344/644] Benjamin Widmyer
2026-05-30 18:19:35,071 [INFO] Exact match found for 'Benjamin Widmyer': contactId=WUqEnt1HaNqaiPNUSbwV
2026-05-30 18:19:35,577 [INFO] [lookup 345/644] Jeremy Mcfarland
2026-05-30 18:19:35,963 [INFO] Exact match found for 'Jeremy Mcfarland': contactId=r8pmyG3v6sCZuIVaVFpX
2026-05-30 18:19:36,464 [INFO] [lookup 346/644] Mike Crane
2026-05-30 18:19:36,909 [INFO] Exact match found for 'Mike Crane': contactId=9zVw22q3sGul0xzfY1w9
2026-05-30 18:19:37,414 [INFO] [lookup 347/644] Mike Dentler
2026-05-30 18:19:37,746 [INFO] Exact match found for 'Mike Dentler': contactId=AQuHHgVLMnoWLyRsd17N
2026-05-30 18:19:38,247 [INFO] [lookup 348/644] Daniel Owens
2026-05-30 18:19:38,633 [INFO] Exact match found for 'Daniel Owens': contactId=omsfvQNMifFKXNNT7MyO
2026-05-30 18:19:39,134 [INFO] [lookup 349/644] Daniel Scullen
2026-05-30 18:19:39,460 [INFO] Exact match found for 'Daniel Scullen': contactId=AiFbygRmWGvngU94DwiO
2026-05-30 18:19:39,965 [INFO] [lookup 350/644] David Cochran
2026-05-30 18:19:40,366 [INFO] Exact match found for 'David Cochran': contactId=zZs62lrUb2v87bnp5fr0
2026-05-30 18:19:40,867 [INFO] [lookup 351/644] Javier Baeza
2026-05-30 18:19:41,243 [INFO] Exact match found for 'Javier Baeza': contactId=4MUi4ljsuPyfQrEgDcP3
2026-05-30 18:19:41,748 [INFO] [lookup 352/644] Matt Gingerich
2026-05-30 18:19:42,176 [INFO] Exact match found for 'Matt Gingerich': contactId=0xvEkBRfT8Qf0Srh2eme
2026-05-30 18:19:42,680 [INFO] [lookup 353/644] Brian Blankenberg
2026-05-30 18:19:43,007 [WARNING] No GHL contact found for 'Brian Blankenberg'
2026-05-30 18:19:43,512 [INFO] [lookup 354/644] Sherman Associates
2026-05-30 18:19:43,850 [WARNING] No GHL contact found for 'Sherman Associates'
2026-05-30 18:19:44,355 [INFO] [lookup 355/644] Ramiz Dogic
2026-05-30 18:19:44,684 [INFO] Exact match found for 'Ramiz Dogic': contactId=4r64dygW47kDvTHwLU83
2026-05-30 18:19:45,189 [INFO] [lookup 356/644] Rich McHugh
2026-05-30 18:19:45,531 [INFO] Exact match found for 'Rich McHugh': contactId=D2laBVk7ZQ1bieskUJXS
2026-05-30 18:19:46,036 [INFO] [lookup 357/644] Rob Ells
2026-05-30 18:19:46,457 [INFO] Exact match found for 'Rob Ells': contactId=QpETwPTta7FmKs81f5du
2026-05-30 18:19:46,962 [INFO] [lookup 358/644] Sandy Coppolla
2026-05-30 18:19:47,307 [INFO] Exact match found for 'Sandy Coppolla': contactId=0kuT6xoS8PMwL6KJcyQn
2026-05-30 18:19:47,809 [INFO] [lookup 359/644] Phil Aiello
2026-05-30 18:19:48,155 [INFO] Exact match found for 'Phil Aiello': contactId=KxHlBtloUE5wnnBOjmeZ
2026-05-30 18:19:48,657 [INFO] [lookup 360/644] Corey Coleman
2026-05-30 18:19:49,202 [INFO] Exact match found for 'Corey Coleman': contactId=YuMrFww8C06PHnOgLxUf
2026-05-30 18:19:49,707 [INFO] [lookup 361/644] Dan Blome
2026-05-30 18:19:50,048 [INFO] Exact match found for 'Dan Blome': contactId=em9A9zBnPya5WWkItrNm
2026-05-30 18:19:50,553 [INFO] [lookup 362/644] Douglas William Bloes
2026-05-30 18:19:50,900 [INFO] Exact match found for 'Douglas William Bloes': contactId=QBCm5nm2x5hx8ipBoXmp
2026-05-30 18:19:51,402 [INFO] [lookup 363/644] Tyler Rasmussen
2026-05-30 18:19:51,751 [INFO] Exact match found for 'Tyler Rasmussen': contactId=bQQnagXVxwU56t7TxF2p
2026-05-30 18:19:52,256 [INFO] [lookup 364/644] Steve Eggers
2026-05-30 18:19:52,575 [INFO] Exact match found for 'Steve Eggers': contactId=OIvf4nmg4FAt7yWFa9jY
2026-05-30 18:19:53,079 [INFO] [lookup 365/644] Steven Ames
2026-05-30 18:19:53,515 [INFO] Exact match found for 'Steven Ames': contactId=xyb3BO7lDXRuU2NH9hN6
2026-05-30 18:19:54,018 [INFO] [lookup 366/644] Steven Koethe
2026-05-30 18:19:54,386 [INFO] Exact match found for 'Steven Koethe': contactId=AO8SFIrUvKgiFCE2CWkY
2026-05-30 18:19:54,889 [INFO] [lookup 367/644] Sunil Ramshetty
2026-05-30 18:19:55,223 [INFO] Exact match found for 'Sunil Ramshetty': contactId=34sSd3Ee6UD2saer2fNH
2026-05-30 18:19:55,726 [INFO] [lookup 368/644] Terrence Pesek
2026-05-30 18:19:56,068 [INFO] Exact match found for 'Terrence Pesek': contactId=4FyC6WT7kwBPIuwjF6zJ
2026-05-30 18:19:56,573 [INFO] [lookup 369/644] Thomas Ackerman
2026-05-30 18:19:56,924 [INFO] Exact match found for 'Thomas Ackerman': contactId=YPdYJMuDxMCgzr7ZrdWR
2026-05-30 18:19:57,425 [INFO] [lookup 370/644] Troy Hansen
2026-05-30 18:19:57,884 [INFO] Exact match found for 'Troy Hansen': contactId=Vnk6ZBU4glWLolL4vCEY
2026-05-30 18:19:58,389 [INFO] [lookup 371/644] William Rueter
2026-05-30 18:19:58,854 [INFO] Exact match found for 'William Rueter': contactId=rK60RcgiimSmTfFZP6wT
2026-05-30 18:19:59,359 [INFO] [lookup 372/644] Jason Roose
2026-05-30 18:19:59,808 [INFO] Exact match found for 'Jason Roose': contactId=IssiKCy4qeG1S6TZ2OjW
2026-05-30 18:20:00,309 [INFO] [lookup 373/644] Jay Hauck
2026-05-30 18:20:00,695 [INFO] Exact match found for 'Jay Hauck': contactId=FUJnrBfv9Cs0y3F3qGpU
2026-05-30 18:20:01,200 [INFO] [lookup 374/644] Jeff Zhang
2026-05-30 18:20:01,622 [INFO] Exact match found for 'Jeff Zhang': contactId=OQDbfeUVhETpD7BopSMj
2026-05-30 18:20:02,123 [INFO] [lookup 375/644] Mitch Kahring
2026-05-30 18:20:02,537 [INFO] Exact match found for 'Mitch Kahring': contactId=21ZWb7DGL0jBnlg0uhl6
2026-05-30 18:20:03,042 [INFO] [lookup 376/644] Greg Downes
2026-05-30 18:20:03,902 [INFO] Exact match found for 'Greg Downes': contactId=UFezNT7cQ0iYxGgxbmov
2026-05-30 18:20:04,407 [INFO] [lookup 377/644] Craig Ellingson
2026-05-30 18:20:04,771 [INFO] Exact match found for 'Craig Ellingson': contactId=aV656zKU86246xqBYxj7
2026-05-30 18:20:05,272 [INFO] [lookup 378/644] Craig Tracy
2026-05-30 18:20:05,724 [INFO] Exact match found for 'Craig Tracy': contactId=2nK3DJpuquyJShqohNWM
2026-05-30 18:20:06,226 [INFO] [lookup 379/644] Daniel Reyerson
2026-05-30 18:20:06,614 [INFO] Exact match found for 'Daniel Reyerson': contactId=IlCvGRgPR47EdapPQKDV
2026-05-30 18:20:07,119 [INFO] [lookup 380/644] David Conwill
2026-05-30 18:20:07,489 [INFO] Exact match found for 'David Conwill': contactId=vn3iFAP8K0sROp9wJfrD
2026-05-30 18:20:07,990 [INFO] [lookup 381/644] Ed Hendrickson
2026-05-30 18:20:08,356 [INFO] Exact match found for 'Ed Hendrickson': contactId=RAXlqI0uWJbg4bTDGvBx
2026-05-30 18:20:08,862 [INFO] [lookup 382/644] Frank Steinbach
2026-05-30 18:20:09,266 [INFO] Exact match found for 'Frank Steinbach': contactId=ylv1w0AT63SOQ6wDdOuU
2026-05-30 18:20:09,771 [INFO] [lookup 383/644] Fred Timko
2026-05-30 18:20:10,117 [INFO] Exact match found for 'Fred Timko': contactId=Z6X6x6DWqJRQDj5azrog
2026-05-30 18:20:10,622 [INFO] [lookup 384/644] Garrick R and Trishia L Gautner
2026-05-30 18:20:10,992 [WARNING] No GHL contact found for 'Garrick R and Trishia L Gautner'
2026-05-30 18:20:11,497 [INFO] [lookup 385/644] Chris Whalen
2026-05-30 18:20:11,837 [INFO] Exact match found for 'Chris Whalen': contactId=vavbEyUid2pfxgdDDgwx
2026-05-30 18:20:12,339 [INFO] [lookup 386/644] Dave Tallet
2026-05-30 18:20:12,675 [INFO] Using closest match for 'Dave Tallet': 'dave tallett' (contactId=gkNU0RnygPRGyqSlziI9)
2026-05-30 18:20:13,176 [INFO] [lookup 387/644] Nathan Faselt
2026-05-30 18:20:13,523 [INFO] Exact match found for 'Nathan Faselt': contactId=g1T4Mza7FqulMCYCog9f
2026-05-30 18:20:14,024 [INFO] [lookup 388/644] Prabjoht Sing
2026-05-30 18:20:14,370 [WARNING] No GHL contact found for 'Prabjoht Sing'
2026-05-30 18:20:14,872 [INFO] [lookup 389/644] Ryan Nguyen
2026-05-30 18:20:17,864 [INFO] Exact match found for 'Ryan Nguyen': contactId=F4ZnueYjcb5vkd0OX5Pk
2026-05-30 18:20:18,370 [INFO] [lookup 390/644] Al Wright
2026-05-30 18:20:18,913 [INFO] Exact match found for 'Al Wright': contactId=7OETBWnw4a95gI9S1VnJ
2026-05-30 18:20:19,414 [INFO] [lookup 391/644] Alan Levin
2026-05-30 18:20:19,881 [INFO] Exact match found for 'Alan Levin': contactId=3CmE0293JJdI0cG7Lfwe
2026-05-30 18:20:20,386 [INFO] [lookup 392/644] Bradley Grimm
2026-05-30 18:20:20,767 [INFO] Exact match found for 'Bradley Grimm': contactId=rCfyCz3nSY0RGsWxmR7A
2026-05-30 18:20:21,272 [INFO] [lookup 393/644] Bretta Miller
2026-05-30 18:20:21,731 [INFO] Exact match found for 'Bretta Miller': contactId=SUzuQNYuiQnC2TCF0Hbv
2026-05-30 18:20:22,233 [INFO] [lookup 394/644] John Gronen
2026-05-30 18:20:22,594 [INFO] Exact match found for 'John Gronen': contactId=YA80RMgTbr0fiDL4lrfe
2026-05-30 18:20:23,097 [INFO] [lookup 395/644] Joseph Beedon
2026-05-30 18:20:23,477 [INFO] Exact match found for 'Joseph Beedon': contactId=RLlrt2j5IapnJNkWX0RH
2026-05-30 18:20:23,979 [INFO] [lookup 396/644] Juana Douglas
2026-05-30 18:20:24,442 [INFO] Exact match found for 'Juana Douglas': contactId=GH5LW09VO1tY74JVOndg
2026-05-30 18:20:24,944 [INFO] [lookup 397/644] Kathleen Ermels
2026-05-30 18:20:25,329 [INFO] Exact match found for 'Kathleen Ermels': contactId=J7xr7OrxmJECU7fljxLa
2026-05-30 18:20:25,830 [INFO] [lookup 398/644] Kay Godfredsen
2026-05-30 18:20:26,213 [INFO] Exact match found for 'Kay Godfredsen': contactId=1MLshlXNaqDprSvSHwaL
2026-05-30 18:20:26,717 [INFO] [lookup 399/644] Keith Arneson
2026-05-30 18:20:27,056 [INFO] Exact match found for 'Keith Arneson': contactId=FL1Xsz8d68rpTwGUSWzV
2026-05-30 18:20:27,561 [INFO] [lookup 400/644] Keith Molene
2026-05-30 18:20:28,001 [INFO] Exact match found for 'Keith Molene': contactId=L9eyK71FoUvkyRj7OGiC
2026-05-30 18:20:28,505 [INFO] [lookup 401/644] Kent S Fowlkes
2026-05-30 18:20:28,849 [INFO] Exact match found for 'Kent S Fowlkes': contactId=C2SqW6bCeb2VhsXO8Sth
2026-05-30 18:20:29,355 [INFO] [lookup 402/644] Kim Christiansen
2026-05-30 18:20:30,261 [INFO] Exact match found for 'Kim Christiansen': contactId=rpxzRaLPIrUgwWfMzdhb
2026-05-30 18:20:30,764 [INFO] [lookup 403/644] Sean McCreadie
2026-05-30 18:20:31,112 [INFO] Exact match found for 'Sean McCreadie': contactId=UDKdj2pH5LuCmaLvg05Q
2026-05-30 18:20:31,617 [INFO] [lookup 404/644] Stephen Ward
2026-05-30 18:20:32,153 [INFO] Exact match found for 'Stephen Ward': contactId=FsS6qDjRw8Jr7uiJR7XB
2026-05-30 18:20:32,658 [INFO] [lookup 405/644] Boomer Peterson
2026-05-30 18:20:33,120 [WARNING] No GHL contact found for 'Boomer Peterson'
2026-05-30 18:20:33,625 [INFO] [lookup 406/644] 3201 Forrest Ave. Des Moines, IA - Southgate Properties
2026-05-30 18:20:34,031 [WARNING] No GHL contact found for '3201 Forrest Ave. Des Moines, IA - Southgate Properties'
2026-05-30 18:20:34,536 [INFO] [lookup 407/644] Dakota UPREIT
2026-05-30 18:20:34,912 [WARNING] No GHL contact found for 'Dakota UPREIT'
2026-05-30 18:20:35,413 [INFO] [lookup 408/644] SPRUCE Capital
2026-05-30 18:20:35,831 [WARNING] No GHL contact found for 'SPRUCE Capital'
2026-05-30 18:20:36,336 [INFO] [lookup 409/644] Carlos Arguello
2026-05-30 18:20:36,695 [INFO] Exact match found for 'Carlos Arguello': contactId=Gaf8EiEp9rMuPxjokv3T
2026-05-30 18:20:37,197 [INFO] [lookup 410/644] Chris Murray
2026-05-30 18:20:37,650 [INFO] Exact match found for 'Chris Murray': contactId=RI2iDmUoU27Ls3p7P4jN
2026-05-30 18:20:38,153 [INFO] [lookup 411/644] Chuck Graziano
2026-05-30 18:20:38,491 [INFO] Exact match found for 'Chuck Graziano': contactId=uZzFfkmmy7IoBvlFwDwO
2026-05-30 18:20:38,992 [INFO] [lookup 412/644] Darshan Patel
2026-05-30 18:20:39,402 [INFO] Exact match found for 'Darshan Patel': contactId=mGUiuI4M4ZqeEA6Ih1cQ
2026-05-30 18:20:39,908 [INFO] [lookup 413/644] Derrich Huffy
2026-05-30 18:20:40,245 [INFO] Exact match found for 'Derrich Huffy': contactId=2YtUCJ0IsQWbCjTvWQGz
2026-05-30 18:20:40,746 [INFO] [lookup 414/644] Kim Sharp
2026-05-30 18:20:41,155 [INFO] Exact match found for 'Kim Sharp': contactId=eVq0otwRkmcCmP09oIiA
2026-05-30 18:20:41,660 [INFO] [lookup 415/644] Larry Matteson
2026-05-30 18:20:41,977 [INFO] Exact match found for 'Larry Matteson': contactId=qsBPSnwLW4zv9K8SiDbX
2026-05-30 18:20:42,483 [INFO] [lookup 416/644] Lenny J Desantiago
2026-05-30 18:20:42,839 [INFO] Exact match found for 'Lenny J Desantiago': contactId=HhQ47F727f2oi3govqAk
2026-05-30 18:20:43,343 [INFO] [lookup 417/644] Lynell Doughetry
2026-05-30 18:20:43,663 [INFO] Exact match found for 'Lynell Doughetry': contactId=24Q6dISlSrNnuBcQq5z1
2026-05-30 18:20:44,164 [INFO] [lookup 418/644] Lynette Lane
2026-05-30 18:20:44,646 [INFO] Exact match found for 'Lynette Lane': contactId=si9yaYpnGwYbla4GImUK
2026-05-30 18:20:45,150 [INFO] [lookup 419/644] Mark Cosenza
2026-05-30 18:20:45,489 [INFO] Exact match found for 'Mark Cosenza': contactId=4Amg1fAY9jxOI8eJv9Pi
2026-05-30 18:20:45,990 [INFO] [lookup 420/644] Mark Kassis
2026-05-30 18:20:46,350 [INFO] Exact match found for 'Mark Kassis': contactId=uqNgjxx1ZBzxB7NpUK66
2026-05-30 18:20:46,855 [INFO] [lookup 421/644] Brikkelle Thompson
2026-05-30 18:20:47,224 [INFO] Exact match found for 'Brikkelle Thompson': contactId=caTICGH6W0IDD7z6dBTz
2026-05-30 18:20:47,726 [INFO] [lookup 422/644] Jennifer Fawcett
2026-05-30 18:20:48,059 [INFO] Exact match found for 'Jennifer Fawcett': contactId=BHfUxX8emhKnuUjDDVU4
2026-05-30 18:20:48,564 [INFO] [lookup 423/644] Gail Ingram
2026-05-30 18:20:49,046 [INFO] Exact match found for 'Gail Ingram': contactId=I7R04NRmatMmMt2w9A0n
2026-05-30 18:20:49,550 [INFO] [lookup 424/644] Matt Stence
2026-05-30 18:20:49,893 [INFO] Exact match found for 'Matt Stence': contactId=iwTgvzMIcNsENdMpdJnI
2026-05-30 18:20:50,396 [INFO] [lookup 425/644] Melissa Elizondo
2026-05-30 18:20:50,795 [INFO] Exact match found for 'Melissa Elizondo': contactId=zHa4JJmnB06VdhTx7Cg9
2026-05-30 18:20:51,300 [INFO] [lookup 426/644] Melissa Williams
2026-05-30 18:20:51,809 [INFO] Exact match found for 'Melissa Williams': contactId=wieG784NSD5OZDVDeckQ
2026-05-30 18:20:52,314 [INFO] [lookup 427/644] Michael Rasmussen
2026-05-30 18:20:52,675 [INFO] Exact match found for 'Michael Rasmussen': contactId=46uBRCarTRxitYWH8dAz
2026-05-30 18:20:53,177 [INFO] [lookup 428/644] Michael Roberts
2026-05-30 18:20:53,670 [INFO] Exact match found for 'Michael Roberts': contactId=bVdZGFI1V3pCHDSlnFe6
2026-05-30 18:20:54,171 [INFO] [lookup 429/644] Michael Stimler
2026-05-30 18:20:54,779 [INFO] Exact match found for 'Michael Stimler': contactId=7PGlfdI5r4plLGJLrFxn
2026-05-30 18:20:55,279 [INFO] [lookup 430/644] Mike Foust
2026-05-30 18:20:55,772 [INFO] Exact match found for 'Mike Foust': contactId=WVUSBrtL8le3m7jNIFpr
2026-05-30 18:20:56,277 [INFO] [lookup 431/644] Mike O'Neil
2026-05-30 18:20:56,647 [INFO] Exact match found for 'Mike O'Neil': contactId=Wnl67KZlvcNZ4moSJEfN
2026-05-30 18:20:57,150 [INFO] [lookup 432/644] Mulugeta Berhe
2026-05-30 18:20:57,472 [INFO] Exact match found for 'Mulugeta Berhe': contactId=WCXicxjHv2HYglDNN84k
2026-05-30 18:20:57,978 [INFO] [lookup 433/644] Nathan Blake
2026-05-30 18:20:58,514 [INFO] Exact match found for 'Nathan Blake': contactId=8wvR8MDNAo5F1sMsq2ME
2026-05-30 18:20:59,019 [INFO] [lookup 434/644] Nathan Eckles
2026-05-30 18:20:59,357 [WARNING] No GHL contact found for 'Nathan Eckles'
2026-05-30 18:20:59,862 [INFO] [lookup 435/644] CJ Motte Phone
2026-05-30 18:21:00,228 [WARNING] No GHL contact found for 'CJ Motte Phone'
2026-05-30 18:21:00,733 [INFO] [lookup 436/644] Bob Sweeney
2026-05-30 18:21:01,163 [INFO] Exact match found for 'Bob Sweeney': contactId=M6RPvZM6u4Te4eqwkePu
2026-05-30 18:21:01,668 [INFO] [lookup 437/644] Patricia Giorgio
2026-05-30 18:21:02,123 [INFO] Exact match found for 'Patricia Giorgio': contactId=YqQClHSBGpfRPWFQPUPv
2026-05-30 18:21:02,627 [INFO] [lookup 438/644] Peter Riley
2026-05-30 18:21:03,260 [INFO] Exact match found for 'Peter Riley': contactId=RemQqAiRiDwgb6ue483r
2026-05-30 18:21:03,765 [INFO] [lookup 439/644] Reece Satre
2026-05-30 18:21:04,109 [INFO] Exact match found for 'Reece Satre': contactId=Jzm1Wc9KH04icldOGHEz
2026-05-30 18:21:04,614 [INFO] [lookup 440/644] Richard Fitch
2026-05-30 18:21:04,976 [INFO] Exact match found for 'Richard Fitch': contactId=bq5OC6rmDGt7hxbZPZ92
2026-05-30 18:21:05,480 [INFO] [lookup 441/644] Richard Hootman
2026-05-30 18:21:06,131 [INFO] Exact match found for 'Richard Hootman': contactId=qKf2gqVrOZYvpRnecEyK
2026-05-30 18:21:06,632 [INFO] [lookup 442/644] Robert Lane
2026-05-30 18:21:09,091 [INFO] Exact match found for 'Robert Lane': contactId=8NXjB5jnJtY4EQrBtxh3
2026-05-30 18:21:09,593 [INFO] [lookup 443/644] Ron Kelley
2026-05-30 18:21:12,298 [INFO] Exact match found for 'Ron Kelley': contactId=gzAmwnG4HBjdzVcbNNhH
2026-05-30 18:21:12,798 [INFO] [lookup 444/644] Ron Walker
2026-05-30 18:21:13,333 [INFO] Exact match found for 'Ron Walker': contactId=eL783JB0Hqb7C4fMLEV3
2026-05-30 18:21:13,835 [INFO] [lookup 445/644] Conner Ubben
2026-05-30 18:21:15,005 [INFO] Exact match found for 'Conner Ubben': contactId=yzB1MFH4uRLoSyKWL9Wj
2026-05-30 18:21:15,510 [INFO] [lookup 446/644] Karie Kading
2026-05-30 18:21:16,322 [INFO] Using closest match for 'Karie Kading': 'karrie kading' (contactId=QZ4jGkhMA7DE8480N4zs)
2026-05-30 18:21:16,827 [INFO] [lookup 447/644] Jameson - Acme Tools and referred by Marcia Munger
2026-05-30 18:21:18,249 [WARNING] No GHL contact found for 'Jameson - Acme Tools and referred by Marcia Munger'
2026-05-30 18:21:18,754 [INFO] [lookup 448/644] Bob Charleston
2026-05-30 18:21:19,596 [INFO] Exact match found for 'Bob Charleston': contactId=YLRUTdvcgkSBRhWWS1Yj
2026-05-30 18:21:20,098 [INFO] [lookup 449/644] Joyce Slagle
2026-05-30 18:21:20,756 [INFO] Exact match found for 'Joyce Slagle': contactId=1Shy4k2XvX4RJUCsLPa7
2026-05-30 18:21:21,258 [INFO] [lookup 450/644] Riley Coy
2026-05-30 18:21:21,673 [INFO] Exact match found for 'Riley Coy': contactId=V1F0NyoZNZQP4mEuyx7d
2026-05-30 18:21:22,178 [INFO] [lookup 451/644] Roy Pollock
2026-05-30 18:21:23,591 [INFO] Exact match found for 'Roy Pollock': contactId=nOscvg8uI4M9ToJRwb8T
2026-05-30 18:21:24,093 [INFO] [lookup 452/644] Sam Erickson
2026-05-30 18:21:24,520 [INFO] Exact match found for 'Sam Erickson': contactId=Ir4ThsFUSpMcrZxoWNXW
2026-05-30 18:21:25,021 [INFO] [lookup 453/644] Sandro Tadic
2026-05-30 18:21:26,421 [INFO] Exact match found for 'Sandro Tadic': contactId=ipO2JnXscEjP2shH7FYm
2026-05-30 18:21:26,925 [INFO] [lookup 454/644] Scott Cray
2026-05-30 18:21:27,305 [INFO] Exact match found for 'Scott Cray': contactId=a0112MoxAuyeGICxFNvU
2026-05-30 18:21:27,810 [INFO] [lookup 455/644] Scott Dean
2026-05-30 18:21:28,303 [INFO] Exact match found for 'Scott Dean': contactId=KtYYottw8EkyUdYwFR4e
2026-05-30 18:21:28,808 [INFO] [lookup 456/644] Scott Doane
2026-05-30 18:21:29,182 [INFO] Exact match found for 'Scott Doane': contactId=axEBpIiQh1UA7Nc4gJIy
2026-05-30 18:21:29,686 [INFO] [lookup 457/644] Scott Goedken
2026-05-30 18:21:30,677 [INFO] Exact match found for 'Scott Goedken': contactId=LWBzdiqOpsT2Z24anvyR
2026-05-30 18:21:31,179 [INFO] [lookup 458/644] Scottie Braden
2026-05-30 18:21:31,831 [INFO] Exact match found for 'Scottie Braden': contactId=4xKxbsYe8vdhuIpz6t3A
2026-05-30 18:21:32,336 [INFO] [lookup 459/644] Shawn Lynch
2026-05-30 18:21:32,733 [INFO] Exact match found for 'Shawn Lynch': contactId=7YgwHqyOEB3Zkn9RfLZA
2026-05-30 18:21:33,233 [INFO] [lookup 460/644] Brian Roers
2026-05-30 18:21:36,589 [INFO] Exact match found for 'Brian Roers': contactId=d0y47KsE0pVKHKf9ipvG
2026-05-30 18:21:37,090 [INFO] [lookup 461/644] Brian Cunat
2026-05-30 18:21:41,156 [INFO] Exact match found for 'Brian Cunat': contactId=opJdim20BADhSszr2K0g
2026-05-30 18:21:41,657 [INFO] [lookup 462/644] Kirk Ridout
2026-05-30 18:21:42,021 [INFO] Exact match found for 'Kirk Ridout': contactId=HCpsZWzxEGCY5WHsqYat
2026-05-30 18:21:42,526 [INFO] [lookup 463/644] Paul Peters
2026-05-30 18:21:42,965 [INFO] Exact match found for 'Paul Peters': contactId=0R1hEIeQbR4CjsgA2Qlt
2026-05-30 18:21:43,467 [INFO] [lookup 464/644] Katie
2026-05-30 18:21:43,932 [INFO] Using closest match for 'Katie': 'katie kirkpatrick' (contactId=rB2b34SpkGRB4kMwFEOo)
2026-05-30 18:21:44,437 [INFO] [lookup 465/644] Matt Deboth
2026-05-30 18:21:44,802 [INFO] Exact match found for 'Matt Deboth': contactId=8q9rJd9No2OCZS1DqrM3
2026-05-30 18:21:45,307 [INFO] [lookup 466/644] Miles Peck
2026-05-30 18:21:45,665 [INFO] Exact match found for 'Miles Peck': contactId=CosXCa5FOEyGvwmC1WtN
2026-05-30 18:21:46,170 [INFO] [lookup 467/644] Pascal Ndakala
2026-05-30 18:21:46,676 [INFO] Exact match found for 'Pascal Ndakala': contactId=0lb18AUAtATH9WnlueAj
2026-05-30 18:21:47,179 [INFO] [lookup 468/644] Paul Braem
2026-05-30 18:21:47,539 [INFO] Exact match found for 'Paul Braem': contactId=MxMqJYLfv7OQvSPeECCk
2026-05-30 18:21:48,041 [INFO] [lookup 469/644] Peter Patel
2026-05-30 18:21:48,495 [INFO] Exact match found for 'Peter Patel': contactId=iCwcdVDNRY7Ag3ZBCx0u
2026-05-30 18:21:48,995 [INFO] [lookup 470/644] Ralph Accola
2026-05-30 18:21:49,312 [INFO] Exact match found for 'Ralph Accola': contactId=F8HYR6HMOBid6edIeXy0
2026-05-30 18:21:49,818 [INFO] [lookup 471/644] Adam Brantman
2026-05-30 18:21:50,154 [INFO] Exact match found for 'Adam Brantman': contactId=bCbUNHZB9Vj4gUNxVcl6
2026-05-30 18:21:50,659 [INFO] [lookup 472/644] Allen Claussen
2026-05-30 18:21:50,996 [INFO] Exact match found for 'Allen Claussen': contactId=Xyr2icbwjHHSNEwTsWEv
2026-05-30 18:21:51,501 [INFO] [lookup 473/644] Allen Frederick
2026-05-30 18:21:51,980 [INFO] Exact match found for 'Allen Frederick': contactId=n7naLGBZ1sI2IPUVhOJW
2026-05-30 18:21:52,482 [INFO] [lookup 474/644] Andrea Happel
2026-05-30 18:21:52,808 [INFO] Exact match found for 'Andrea Happel': contactId=45zbXKkdSiCwiU1I1fFF
2026-05-30 18:21:53,313 [INFO] [lookup 475/644] Andrew DePhillips
2026-05-30 18:21:53,644 [INFO] Exact match found for 'Andrew DePhillips': contactId=X9zGgKxWLmfeMVNpyytk
2026-05-30 18:21:54,149 [INFO] [lookup 476/644] Anthony Lyman
2026-05-30 18:21:54,546 [INFO] Exact match found for 'Anthony Lyman': contactId=yWnNCq95oHBQbfO58wWX
2026-05-30 18:21:55,050 [INFO] [lookup 477/644] Avinash Yadav
2026-05-30 18:21:55,387 [INFO] Exact match found for 'Avinash Yadav': contactId=2LlX3j2ZUTBoZKUY8ui3
2026-05-30 18:21:55,892 [INFO] [lookup 478/644] Ben Sanderson
2026-05-30 18:21:56,266 [INFO] Exact match found for 'Ben Sanderson': contactId=FEPNjhpEUU3Zd1cMtBQ4
2026-05-30 18:21:56,766 [INFO] [lookup 479/644] Thom Fawcett
2026-05-30 18:21:57,103 [WARNING] No GHL contact found for 'Thom Fawcett'
2026-05-30 18:21:57,604 [INFO] [lookup 480/644] Arend Accola
2026-05-30 18:21:57,932 [INFO] Exact match found for 'Arend Accola': contactId=cR2hOfR2SYh2Dke3u3ZB
2026-05-30 18:21:58,437 [INFO] [lookup 481/644] Randy Rudolph
2026-05-30 18:21:58,813 [INFO] Exact match found for 'Randy Rudolph': contactId=QHMd3ItuJAGiGb9F970w
2026-05-30 18:21:59,319 [INFO] [lookup 482/644] Ryan Wiederstein
2026-05-30 18:21:59,677 [INFO] Exact match found for 'Ryan Wiederstein': contactId=UbtzO7bk0NqIdgHlBOLo
2026-05-30 18:22:00,179 [INFO] [lookup 483/644] Bobby Miller
2026-05-30 18:22:00,650 [INFO] Exact match found for 'Bobby Miller': contactId=q9kqW2QCTYLzieZp0jga
2026-05-30 18:22:01,155 [INFO] [lookup 484/644] Bret Nehring
2026-05-30 18:22:01,511 [INFO] Exact match found for 'Bret Nehring': contactId=X1B8FrMILDRLC1ImtIm4
2026-05-30 18:22:02,011 [INFO] [lookup 485/644] Brian Darling
2026-05-30 18:22:02,420 [INFO] Exact match found for 'Brian Darling': contactId=O775c9sMKpKITgz1e1r0
2026-05-30 18:22:02,923 [INFO] [lookup 486/644] Bruce Becker
2026-05-30 18:22:03,364 [INFO] Exact match found for 'Bruce Becker': contactId=IfqJMGlkIgNBb3br3xvN
2026-05-30 18:22:03,869 [INFO] [lookup 487/644] Bryan Friedman
2026-05-30 18:22:04,336 [INFO] Exact match found for 'Bryan Friedman': contactId=eBooTfwjCxs2s8wOVjTs
2026-05-30 18:22:04,840 [INFO] [lookup 488/644] Mikhail Suvorov
2026-05-30 18:22:05,180 [INFO] Exact match found for 'Mikhail Suvorov': contactId=836TX4j4pcKnTcDlsBao
2026-05-30 18:22:05,686 [INFO] [lookup 489/644] Maria Balac
2026-05-30 18:22:06,052 [INFO] Using closest match for 'Maria Balac': 'marija balac' (contactId=FeNnTSDvdlgzqvRoj2jT)
2026-05-30 18:22:06,553 [INFO] [lookup 490/644] Jerry Christopherson
2026-05-30 18:22:06,887 [INFO] Exact match found for 'Jerry Christopherson': contactId=XXico5rJnHl2azgF2dEJ
2026-05-30 18:22:07,392 [INFO] [lookup 491/644] Arnold Forget
2026-05-30 18:22:07,766 [INFO] Exact match found for 'Arnold Forget': contactId=QtlnDNM3ps6GAV94v1Dj
2026-05-30 18:22:08,269 [INFO] [lookup 492/644] Tyler Osby
2026-05-30 18:22:08,597 [INFO] Exact match found for 'Tyler Osby': contactId=pt1KLLgzxdb0vY2yJHN0
2026-05-30 18:22:09,098 [INFO] [lookup 493/644] Christy Karthan
2026-05-30 18:22:09,423 [INFO] Exact match found for 'Christy Karthan': contactId=37pyxN6n8FnTmc77Q6OB
2026-05-30 18:22:09,923 [INFO] [lookup 494/644] David Biedenbach
2026-05-30 18:22:10,268 [INFO] Exact match found for 'David Biedenbach': contactId=QijaHgFz124YP6JcFHf8
2026-05-30 18:22:10,770 [INFO] [lookup 495/644] David Keller
2026-05-30 18:22:11,187 [INFO] Exact match found for 'David Keller': contactId=6Wq9JDzBBRaUTpaOmzx1
2026-05-30 18:22:11,688 [INFO] [lookup 496/644] Karla Arzola
2026-05-30 18:22:12,041 [INFO] Exact match found for 'Karla Arzola': contactId=10WyrL5xfKX8CiJ6z6ZH
2026-05-30 18:22:12,544 [INFO] [lookup 497/644] Nate Adams
2026-05-30 18:22:13,009 [INFO] Exact match found for 'Nate Adams': contactId=6TNjW4xMwzSuzLQGQye6
2026-05-30 18:22:13,511 [INFO] [lookup 498/644] Brad Baumler
2026-05-30 18:22:13,844 [WARNING] No GHL contact found for 'Brad Baumler'
2026-05-30 18:22:14,349 [INFO] [lookup 499/644] Gene Lavastida
2026-05-30 18:22:14,667 [INFO] Exact match found for 'Gene Lavastida': contactId=Vr4EJWhOJvwM0UAxkxbn
2026-05-30 18:22:15,170 [INFO] [lookup 500/644] Allen Connerly
2026-05-30 18:22:15,501 [INFO] Exact match found for 'Allen Connerly': contactId=VX3tBw7J4mGEqGqVHgun
2026-05-30 18:22:16,006 [INFO] [lookup 501/644] Brandon Kaissi
2026-05-30 18:22:16,356 [INFO] Exact match found for 'Brandon Kaissi': contactId=UWLZ1UjtDF6iB0fnnDim
2026-05-30 18:22:16,860 [INFO] [lookup 502/644] Doug Sullivan
2026-05-30 18:22:17,296 [INFO] Exact match found for 'Doug Sullivan': contactId=3lJ6XiUN7DBLr6Dr5mJO
2026-05-30 18:22:17,801 [INFO] [lookup 503/644] Ed Skinner
2026-05-30 18:22:18,221 [INFO] Exact match found for 'Ed Skinner': contactId=M0z1fz4OTpmqMDzydEeG
2026-05-30 18:22:18,727 [INFO] [lookup 504/644] Edwin Perez
2026-05-30 18:22:19,135 [INFO] Exact match found for 'Edwin Perez': contactId=q6OfpwRJd5Kg4MLqyjMg
2026-05-30 18:22:19,640 [INFO] [lookup 505/644] Elizabeth Jane Wallis
2026-05-30 18:22:19,983 [INFO] Exact match found for 'Elizabeth Jane Wallis': contactId=QLVNdpOW4nAIIOQd6Npn
2026-05-30 18:22:20,485 [INFO] [lookup 506/644] Eric Pohlpeter
2026-05-30 18:22:20,847 [INFO] Exact match found for 'Eric Pohlpeter': contactId=VVaPBI2EeFRSTrmxqyi8
2026-05-30 18:22:21,353 [INFO] [lookup 507/644] Gene Hassman
2026-05-30 18:22:21,666 [INFO] Exact match found for 'Gene Hassman': contactId=2X3Sfu1cJH7bHYNJwvFO
2026-05-30 18:22:22,171 [INFO] [lookup 508/644] Thomas Fawcett
2026-05-30 18:22:22,492 [INFO] Exact match found for 'Thomas Fawcett': contactId=C7BRSDcDPLjdnyRzoLZh
2026-05-30 18:22:22,997 [INFO] [lookup 509/644] Gerald Reese
2026-05-30 18:22:23,458 [INFO] Exact match found for 'Gerald Reese': contactId=lid2fqOaZfx0lNM8MDHS
2026-05-30 18:22:23,960 [INFO] [lookup 510/644] Gustavo Garza
2026-05-30 18:22:24,394 [INFO] Exact match found for 'Gustavo Garza': contactId=697TYviekxL7DkvyNJ72
2026-05-30 18:22:24,898 [INFO] [lookup 511/644] Gwyn Stoll
2026-05-30 18:22:25,299 [INFO] Exact match found for 'Gwyn Stoll': contactId=W10oc6vW0sWET4mKuSPG
2026-05-30 18:22:25,803 [INFO] [lookup 512/644] James Clark
2026-05-30 18:22:26,347 [INFO] Exact match found for 'James Clark': contactId=gbdYD03yHaMJUxlPwFND
2026-05-30 18:22:26,853 [INFO] [lookup 513/644] James Cornwell
2026-05-30 18:22:27,222 [INFO] Exact match found for 'James Cornwell': contactId=SfqbPbFSu5icvD7j5r6c
2026-05-30 18:22:27,722 [INFO] [lookup 514/644] James Karthan
2026-05-30 18:22:28,053 [INFO] Exact match found for 'James Karthan': contactId=9456umQbji22GQoE8vmA
2026-05-30 18:22:28,554 [INFO] [lookup 515/644] James Smith
2026-05-30 18:22:29,102 [INFO] Exact match found for 'James Smith': contactId=7w0AcU9Kv4Xq645m14v7
2026-05-30 18:22:29,603 [INFO] [lookup 516/644] Dave Tallett
2026-05-30 18:22:30,023 [INFO] Exact match found for 'Dave Tallett': contactId=gkNU0RnygPRGyqSlziI9
2026-05-30 18:22:30,523 [INFO] [lookup 517/644] Dylan Vogt
2026-05-30 18:22:30,880 [INFO] Exact match found for 'Dylan Vogt': contactId=6QWKn9XH3vc1XuICOgMx
2026-05-30 18:22:31,383 [INFO] [lookup 518/644] Jeffrey Lambertini
2026-05-30 18:22:31,712 [WARNING] No GHL contact found for 'Jeffrey Lambertini'
2026-05-30 18:22:32,217 [INFO] [lookup 519/644] Abi Reiland
2026-05-30 18:22:32,583 [WARNING] No GHL contact found for 'Abi Reiland'
2026-05-30 18:22:33,089 [INFO] [lookup 520/644] Abel Gutierrez
2026-05-30 18:22:33,545 [INFO] Exact match found for 'Abel Gutierrez': contactId=3x4j5jJDTEJXynqiB8S3
2026-05-30 18:22:34,051 [INFO] [lookup 521/644] Frank Levvy
2026-05-30 18:22:34,469 [WARNING] No GHL contact found for 'Frank Levvy'
2026-05-30 18:22:34,972 [INFO] [lookup 522/644] Joe Hubert
2026-05-30 18:22:35,382 [INFO] Exact match found for 'Joe Hubert': contactId=1HuwsKhSco7FPJH5F7PG
2026-05-30 18:22:35,886 [INFO] [lookup 523/644] June A Heiden
2026-05-30 18:22:36,210 [INFO] Exact match found for 'June A Heiden': contactId=mH5uO9BoMb9W0irU8LOG
2026-05-30 18:22:36,715 [INFO] [lookup 524/644] Justin Eilers
2026-05-30 18:22:37,063 [INFO] Exact match found for 'Justin Eilers': contactId=pNWbQBjjP7Es5NphBJv3
2026-05-30 18:22:37,568 [INFO] [lookup 525/644] Kathy Beyer
2026-05-30 18:22:37,927 [INFO] Exact match found for 'Kathy Beyer': contactId=9wLxJN7R39wGBTJDSLoH
2026-05-30 18:22:38,429 [INFO] [lookup 526/644] Kent Mauck
2026-05-30 18:22:38,866 [INFO] Exact match found for 'Kent Mauck': contactId=3HZ7JaRQJMCojsQZ26Fe
2026-05-30 18:22:39,371 [INFO] [lookup 527/644] Jeff Schatner
2026-05-30 18:22:39,704 [WARNING] No GHL contact found for 'Jeff Schatner'
2026-05-30 18:22:40,209 [INFO] [lookup 528/644] Lynda Clayton
2026-05-30 18:22:40,681 [INFO] Exact match found for 'Lynda Clayton': contactId=e4mlEiyFtUdZEeIAuUSu
2026-05-30 18:22:41,181 [INFO] [lookup 529/644] Muhammed Khan
2026-05-30 18:22:41,746 [INFO] Exact match found for 'Muhammed Khan': contactId=V3t99gaYgs8j9NKr4qVb
2026-05-30 18:22:42,248 [INFO] [lookup 530/644] Travis Sisson
2026-05-30 18:22:42,629 [WARNING] No GHL contact found for 'Travis Sisson'
2026-05-30 18:22:43,131 [INFO] [lookup 531/644] Harrison Kruse
2026-05-30 18:22:43,512 [INFO] Exact match found for 'Harrison Kruse': contactId=lNQZSUnYqa0e6ihu5Koa
2026-05-30 18:22:44,018 [INFO] [lookup 532/644] Andy DeVaul:
2026-05-30 18:22:44,387 [INFO] Using closest match for 'Andy DeVaul:': 'andy devaul' (contactId=0R1ddMR74pGtSWe5DiKN)
2026-05-30 18:22:44,888 [INFO] [lookup 533/644] Austin Steenhoek
2026-05-30 18:22:45,223 [INFO] Exact match found for 'Austin Steenhoek': contactId=ok8NEgzna4shNxmlildP
2026-05-30 18:22:45,727 [INFO] [lookup 534/644] Matt Rousseau
2026-05-30 18:22:46,062 [INFO] Exact match found for 'Matt Rousseau': contactId=Wkrt7BGz0LBQLvWyTPTa
2026-05-30 18:22:46,567 [INFO] [lookup 535/644] Prakash Pradhan
2026-05-30 18:22:46,932 [INFO] Exact match found for 'Prakash Pradhan': contactId=y9fT6zOBk6keFID3MKGJ
2026-05-30 18:22:47,436 [INFO] [lookup 536/644] Austin Peters
2026-05-30 18:22:47,927 [INFO] Exact match found for 'Austin Peters': contactId=OOuMtuiypYNLPeCnTXsM
2026-05-30 18:22:48,432 [INFO] [lookup 537/644] Dylan White
2026-05-30 18:22:48,852 [INFO] Exact match found for 'Dylan White': contactId=sYabZUJRcAnlJ27dOFpy
2026-05-30 18:22:49,357 [INFO] [lookup 538/644] Andy DeVaul
2026-05-30 18:22:49,695 [INFO] Exact match found for 'Andy DeVaul': contactId=0R1ddMR74pGtSWe5DiKN
2026-05-30 18:22:50,200 [INFO] [lookup 539/644] Abdel Latif Bah
2026-05-30 18:22:50,611 [INFO] Exact match found for 'Abdel Latif Bah': contactId=Iwv1Omu04n0PdNoKDTKP
2026-05-30 18:22:51,116 [INFO] [lookup 540/644] Brad Davis
2026-05-30 18:22:51,530 [INFO] Exact match found for 'Brad Davis': contactId=2zBq2TWnp7rwLxqGOtmo
2026-05-30 18:22:52,031 [INFO] [lookup 541/644] Rakshak Sarda
2026-05-30 18:22:52,396 [INFO] Exact match found for 'Rakshak Sarda': contactId=IEQrcCWO5TXI1VerfvuN
2026-05-30 18:22:52,898 [INFO] [lookup 542/644] Tobiasz Kobielski tobiasz_kobielski@hotmail.com
2026-05-30 18:22:53,252 [WARNING] No GHL contact found for 'Tobiasz Kobielski tobiasz_kobielski@hotmail.com'
2026-05-30 18:22:53,756 [INFO] [lookup 543/644] Steven Nguyen
2026-05-30 18:22:54,249 [INFO] Exact match found for 'Steven Nguyen': contactId=219dm5ekopDKnG4C1DL9
2026-05-30 18:22:54,754 [INFO] [lookup 544/644] Tim Schutte
2026-05-30 18:22:55,085 [INFO] Exact match found for 'Tim Schutte': contactId=SxcczGQ1Ll5BF66hAHYW
2026-05-30 18:22:55,587 [INFO] [lookup 545/644] Jeremy Cortwright
2026-05-30 18:22:55,922 [WARNING] No GHL contact found for 'Jeremy Cortwright'
2026-05-30 18:22:56,425 [INFO] [lookup 546/644] Connor Delaney
2026-05-30 18:22:56,808 [WARNING] No GHL contact found for 'Connor Delaney'
2026-05-30 18:22:57,313 [INFO] [lookup 547/644] Jack Brundell
2026-05-30 18:22:57,746 [INFO] Exact match found for 'Jack Brundell': contactId=Ntv7bkSftvwPOig5d8rC
2026-05-30 18:22:58,251 [INFO] [lookup 548/644] Nanak Bronyah nanak.bronyah@gmail.com
2026-05-30 18:22:58,616 [WARNING] No GHL contact found for 'Nanak Bronyah nanak.bronyah@gmail.com'
2026-05-30 18:22:59,121 [INFO] [lookup 549/644] Nathan Banwart 4412 Hickman Rd. Des Moines, IA 50310
2026-05-30 18:22:59,457 [WARNING] No GHL contact found for 'Nathan Banwart 4412 Hickman Rd. Des Moines, IA 50310'
2026-05-30 18:22:59,960 [INFO] [lookup 550/644] Ben Carris bencarris@gmail.com
2026-05-30 18:23:00,316 [WARNING] No GHL contact found for 'Ben Carris bencarris@gmail.com'
2026-05-30 18:23:00,818 [INFO] [lookup 551/644] Hadley Hornig hadley@karmaprivatelending.com
2026-05-30 18:23:01,156 [WARNING] No GHL contact found for 'Hadley Hornig hadley@karmaprivatelending.com'
2026-05-30 18:23:01,657 [INFO] [lookup 552/644] Zach Bagby
2026-05-30 18:23:02,006 [INFO] Exact match found for 'Zach Bagby': contactId=oGPvaGwKWpTyIFdhGayn
2026-05-30 18:23:02,511 [INFO] [lookup 553/644] Eddie Moreno extrapointem@gmail.com
2026-05-30 18:23:02,887 [WARNING] No GHL contact found for 'Eddie Moreno extrapointem@gmail.com'
2026-05-30 18:23:03,392 [INFO] [lookup 554/644] Nive
2026-05-30 18:23:03,816 [INFO] Using closest match for 'Nive': 'ivy nivek' (contactId=etBpjwEKOd81ayvGrU9A)
2026-05-30 18:23:04,317 [INFO] [lookup 555/644] Chase Gochnaeur
2026-05-30 18:23:04,681 [WARNING] No GHL contact found for 'Chase Gochnaeur'
2026-05-30 18:23:05,186 [INFO] [lookup 556/644] Roger Cagann
2026-05-30 18:23:05,529 [INFO] Exact match found for 'Roger Cagann': contactId=RcNY4CLz5KAkbGwR4XW9
2026-05-30 18:23:06,035 [INFO] [lookup 557/644] David Belcher (Normandy Terrace)
2026-05-30 18:23:06,446 [WARNING] No GHL contact found for 'David Belcher (Normandy Terrace)'
2026-05-30 18:23:06,951 [INFO] [lookup 558/644] Thom Ackerman
2026-05-30 18:23:07,314 [WARNING] No GHL contact found for 'Thom Ackerman'
2026-05-30 18:23:07,814 [INFO] [lookup 559/644] Sushil
2026-05-30 18:23:08,197 [INFO] Using closest match for 'Sushil': 'sushil gajmer' (contactId=alTPSubp5M5vyBhu6mB9)
2026-05-30 18:23:08,702 [INFO] [lookup 560/644] Jeremy McFarland
2026-05-30 18:23:09,063 [INFO] Exact match found for 'Jeremy McFarland': contactId=r8pmyG3v6sCZuIVaVFpX
2026-05-30 18:23:09,568 [INFO] [lookup 561/644] Weston Rose
2026-05-30 18:23:10,040 [INFO] Exact match found for 'Weston Rose': contactId=2VoiajDDxTJoqXQGjrhn
2026-05-30 18:23:10,542 [INFO] [lookup 562/644] Matt Eller
2026-05-30 18:23:10,929 [INFO] Exact match found for 'Matt Eller': contactId=1N8LozCMa52tUyhViYjJ
2026-05-30 18:23:11,431 [INFO] [lookup 563/644] Austin Davis
2026-05-30 18:23:11,892 [INFO] Exact match found for 'Austin Davis': contactId=uJzeChpeb5hNd3kjQomx
2026-05-30 18:23:12,395 [INFO] [lookup 564/644] Christopher Salazar
2026-05-30 18:23:12,838 [WARNING] No GHL contact found for 'Christopher Salazar'
2026-05-30 18:23:13,338 [INFO] [lookup 565/644] Gaurav Halla
2026-05-30 18:23:13,709 [WARNING] No GHL contact found for 'Gaurav Halla'
2026-05-30 18:23:14,212 [INFO] [lookup 566/644] Steve Hornig
2026-05-30 18:23:14,549 [INFO] Exact match found for 'Steve Hornig': contactId=eVNwgvQ9sX0TTFjo4WOc
2026-05-30 18:23:15,052 [INFO] [lookup 567/644] Clint Miller
2026-05-30 18:23:15,535 [INFO] Exact match found for 'Clint Miller': contactId=LjBLsyka6Ya38W0jRnbk
2026-05-30 18:23:16,039 [INFO] [lookup 568/644] John Livingston
2026-05-30 18:23:16,428 [WARNING] No GHL contact found for 'John Livingston'
2026-05-30 18:23:16,933 [INFO] [lookup 569/644] Eric Smith
2026-05-30 18:23:17,368 [INFO] Exact match found for 'Eric Smith': contactId=0sHyl51aqctV9RRpKA2I
2026-05-30 18:23:17,872 [INFO] [lookup 570/644] Nate Adam
2026-05-30 18:23:18,287 [WARNING] No GHL contact found for 'Nate Adam'
2026-05-30 18:23:18,792 [INFO] [lookup 571/644] John Fox
2026-05-30 18:23:19,269 [INFO] Exact match found for 'John Fox': contactId=K7aXbFH4zXlq9Q3URPuC
2026-05-30 18:23:19,774 [INFO] [lookup 572/644] Addison Templeton
2026-05-30 18:23:20,138 [INFO] Exact match found for 'Addison Templeton': contactId=6Y46NpY7wqmYu3cBcchn
2026-05-30 18:23:20,644 [INFO] [lookup 573/644] Bill Murphy
2026-05-30 18:23:21,045 [INFO] Exact match found for 'Bill Murphy': contactId=Tcew13ZEDGLCf8PUl4GY
2026-05-30 18:23:21,550 [INFO] [lookup 574/644] Danny Hegan
2026-05-30 18:23:21,889 [WARNING] No GHL contact found for 'Danny Hegan'
2026-05-30 18:23:22,395 [INFO] [lookup 575/644] Jill Bassman
2026-05-30 18:23:22,861 [WARNING] No GHL contact found for 'Jill Bassman'
2026-05-30 18:23:23,363 [INFO] [lookup 576/644] Rajee Harris
2026-05-30 18:23:23,770 [INFO] Exact match found for 'Rajee Harris': contactId=pkUc2BQFF2YpmU5ArCoh
2026-05-30 18:23:24,275 [INFO] [lookup 577/644] Mark Lutzger
2026-05-30 18:23:24,629 [INFO] Exact match found for 'Mark Lutzger': contactId=X6hsc1CJsGdC3ugH2nge
2026-05-30 18:23:25,130 [INFO] [lookup 578/644] Christian Ruiz
2026-05-30 18:23:25,549 [INFO] Exact match found for 'Christian Ruiz': contactId=ETESIk5iU1r1ylMcijH7
2026-05-30 18:23:26,054 [INFO] [lookup 579/644] Don Khongmaly
2026-05-30 18:23:26,391 [INFO] Exact match found for 'Don Khongmaly': contactId=FQIQvRtNt8MkNdqeSsYE
2026-05-30 18:23:26,896 [INFO] [lookup 580/644] Tedd Mohlman
2026-05-30 18:23:27,324 [WARNING] No GHL contact found for 'Tedd Mohlman'
2026-05-30 18:23:27,829 [INFO] [lookup 581/644] Bet Latusek
2026-05-30 18:23:28,161 [WARNING] No GHL contact found for 'Bet Latusek'
2026-05-30 18:23:28,666 [INFO] [lookup 582/644] Charles O Griffin
2026-05-30 18:23:29,136 [INFO] Exact match found for 'Charles O Griffin': contactId=nM5UjASZMnFGtmXjRuOK
2026-05-30 18:23:29,640 [INFO] [lookup 583/644] Doni Yellin
2026-05-30 18:23:29,975 [INFO] Exact match found for 'Doni Yellin': contactId=MiMr17epgMkhywLyYtMk
2026-05-30 18:23:30,476 [INFO] [lookup 584/644] Erick McCormick
2026-05-30 18:23:30,819 [WARNING] No GHL contact found for 'Erick McCormick'
2026-05-30 18:23:31,320 [INFO] [lookup 585/644] Keith Clague claguekeith@gmail.com
2026-05-30 18:23:31,679 [WARNING] No GHL contact found for 'Keith Clague claguekeith@gmail.com'
2026-05-30 18:23:32,181 [INFO] [lookup 586/644] Joe Cain
2026-05-30 18:23:32,613 [INFO] Exact match found for 'Joe Cain': contactId=Gadet0M4J74NwaPcR3qA
2026-05-30 18:23:33,118 [INFO] [lookup 587/644] Ken and Rachel Wick
2026-05-30 18:23:33,580 [WARNING] No GHL contact found for 'Ken and Rachel Wick'
2026-05-30 18:23:34,085 [INFO] [lookup 588/644] Ryan Andreini
2026-05-30 18:23:34,415 [INFO] Exact match found for 'Ryan Andreini': contactId=tLNTmG83fYnX9sHnFSLh
2026-05-30 18:23:34,920 [INFO] [lookup 589/644] Caleb Wilson
2026-05-30 18:23:35,339 [WARNING] No GHL contact found for 'Caleb Wilson'
2026-05-30 18:23:35,843 [INFO] [lookup 590/644] Ed Burman
2026-05-30 18:23:36,193 [WARNING] No GHL contact found for 'Ed Burman'
2026-05-30 18:23:36,694 [INFO] [lookup 591/644] Caleb Ale
2026-05-30 18:23:37,152 [INFO] Exact match found for 'Caleb Ale': contactId=8B2GdpqVxHSzv887dMUg
2026-05-30 18:23:37,657 [INFO] [lookup 592/644] Nick Lakhani
2026-05-30 18:23:38,101 [INFO] Exact match found for 'Nick Lakhani': contactId=0K0zfvRNxeIX8x5mJm2c
2026-05-30 18:23:38,604 [INFO] [lookup 593/644] Ryan Calahan
2026-05-30 18:23:38,960 [WARNING] No GHL contact found for 'Ryan Calahan'
2026-05-30 18:23:39,461 [INFO] [lookup 594/644] James Myers
2026-05-30 18:23:39,863 [INFO] Exact match found for 'James Myers': contactId=adkyMZXI0gexrzZbxQII
2026-05-30 18:23:40,368 [INFO] [lookup 595/644] Adam Goodwin
2026-05-30 18:23:40,743 [INFO] Exact match found for 'Adam Goodwin': contactId=mXxbcB9A1mCfCNog9gvY
2026-05-30 18:23:41,249 [INFO] [lookup 596/644] Gary Stout
2026-05-30 18:23:41,607 [INFO] Exact match found for 'Gary Stout': contactId=1zvCtHXUfemYdZUwO6FI
2026-05-30 18:23:42,109 [INFO] [lookup 597/644] Andy Devaul
2026-05-30 18:23:42,434 [INFO] Exact match found for 'Andy Devaul': contactId=0R1ddMR74pGtSWe5DiKN
2026-05-30 18:23:42,939 [INFO] [lookup 598/644] Sushil Gajmer
2026-05-30 18:23:43,281 [INFO] Exact match found for 'Sushil Gajmer': contactId=alTPSubp5M5vyBhu6mB9
2026-05-30 18:23:43,786 [INFO] [lookup 599/644] Austin Johnson; austinrjohnson@gmail.com
2026-05-30 18:23:44,150 [WARNING] No GHL contact found for 'Austin Johnson; austinrjohnson@gmail.com'
2026-05-30 18:23:44,655 [INFO] [lookup 600/644] Arun Jacob
2026-05-30 18:23:45,121 [INFO] Exact match found for 'Arun Jacob': contactId=Jrnm3wDGZU4ICR72e4Yg
2026-05-30 18:23:45,626 [INFO] [lookup 601/644] Mohamad Chehab
2026-05-30 18:23:45,964 [INFO] Exact match found for 'Mohamad Chehab': contactId=qTOTRQl7klVtpJxTGA4C
2026-05-30 18:23:46,465 [INFO] [lookup 602/644] Chace Hauschilt
2026-05-30 18:23:46,791 [WARNING] No GHL contact found for 'Chace Hauschilt'
2026-05-30 18:23:47,296 [INFO] [lookup 603/644] Deris Duncan
2026-05-30 18:23:47,729 [INFO] Exact match found for 'Deris Duncan': contactId=obIhPj6aYwzcr52Nw1oa
2026-05-30 18:23:48,235 [INFO] [lookup 604/644] Matt Johnson - US Bank VP
2026-05-30 18:23:48,634 [WARNING] No GHL contact found for 'Matt Johnson - US Bank VP'
2026-05-30 18:23:49,139 [INFO] [lookup 605/644] Javier Baez
2026-05-30 18:23:49,512 [INFO] Using closest match for 'Javier Baez': 'javier baeza' (contactId=4MUi4ljsuPyfQrEgDcP3)
2026-05-30 18:23:50,012 [INFO] [lookup 606/644] Prabjoht Singh
2026-05-30 18:23:50,366 [WARNING] No GHL contact found for 'Prabjoht Singh'
2026-05-30 18:23:50,874 [INFO] [lookup 607/644] Steve Albrecht
2026-05-30 18:23:51,219 [INFO] Exact match found for 'Steve Albrecht': contactId=sJohxkalBl4JGsslism1
2026-05-30 18:23:51,724 [INFO] [lookup 608/644] Dave Abram
2026-05-30 18:23:52,131 [INFO] Exact match found for 'Dave Abram': contactId=UAy2LIKawZ026PXe8xQa
2026-05-30 18:23:52,636 [INFO] [lookup 609/644] Jake Mosqueda
2026-05-30 18:23:53,003 [INFO] Exact match found for 'Jake Mosqueda': contactId=ROqdddn2LeZl295k2Kxj
2026-05-30 18:23:53,508 [INFO] [lookup 610/644] Chris Geer
2026-05-30 18:23:53,975 [WARNING] No GHL contact found for 'Chris Geer'
2026-05-30 18:23:54,480 [INFO] [lookup 611/644] Michael Hutchinson
2026-05-30 18:23:54,871 [INFO] Exact match found for 'Michael Hutchinson': contactId=uIhrvuRbjj0zGL96Zl1u
2026-05-30 18:23:55,376 [INFO] [lookup 612/644] Steven Gardner
2026-05-30 18:23:55,838 [INFO] Exact match found for 'Steven Gardner': contactId=xJN96lirevthHadYDVF0
2026-05-30 18:23:56,342 [INFO] [lookup 613/644] Eric Marquez
2026-05-30 18:23:56,767 [INFO] Exact match found for 'Eric Marquez': contactId=K5YakUJ60YYgb0KuRBfq
2026-05-30 18:23:57,269 [INFO] [lookup 614/644] Zach Hansen
2026-05-30 18:23:57,680 [INFO] Exact match found for 'Zach Hansen': contactId=H8otRc8dBONR2k4guDW7
2026-05-30 18:23:58,186 [INFO] [lookup 615/644] Chris Smith
2026-05-30 18:23:58,671 [INFO] Exact match found for 'Chris Smith': contactId=Hi98guxrP4CWJCpXBe0v
2026-05-30 18:23:59,173 [INFO] [lookup 616/644] Melisha Pals
2026-05-30 18:23:59,565 [INFO] Exact match found for 'Melisha Pals': contactId=JDMVKRb7LFDK7rmcs6Be
2026-05-30 18:24:00,071 [INFO] [lookup 617/644] Travis Hagen
2026-05-30 18:24:00,471 [INFO] Exact match found for 'Travis Hagen': contactId=GeaR5OXcrMO8H7ilg5BE
2026-05-30 18:24:00,972 [INFO] [lookup 618/644] David Bryan Belcher
2026-05-30 18:24:01,431 [INFO] Exact match found for 'David Bryan Belcher': contactId=m0y37cGKS27m0QPjqGJZ
2026-05-30 18:24:01,936 [INFO] [lookup 619/644] Win Hornig
2026-05-30 18:24:02,286 [WARNING] No GHL contact found for 'Win Hornig'
2026-05-30 18:24:02,791 [INFO] [lookup 620/644] Mike Panchel
2026-05-30 18:24:03,118 [WARNING] No GHL contact found for 'Mike Panchel'
2026-05-30 18:24:03,623 [INFO] [lookup 621/644] Ryan Sidenberg
2026-05-30 18:24:03,993 [WARNING] No GHL contact found for 'Ryan Sidenberg'
2026-05-30 18:24:04,498 [INFO] [lookup 622/644] Jon Livingston
2026-05-30 18:24:04,860 [INFO] Exact match found for 'Jon Livingston': contactId=HDvrmdvSyFC6gilxiWOs
2026-05-30 18:24:05,366 [INFO] [lookup 623/644] Adam Hegedus
2026-05-30 18:24:05,721 [INFO] Exact match found for 'Adam Hegedus': contactId=8TsOCAR8wh6PMBrYuULR
2026-05-30 18:24:06,225 [INFO] [lookup 624/644] Matt Lepic
2026-05-30 18:24:06,587 [INFO] Exact match found for 'Matt Lepic': contactId=80BDpxW6evJk85qqTU2r
2026-05-30 18:24:07,093 [INFO] [lookup 625/644] Jason Jiskoot
2026-05-30 18:24:07,428 [INFO] Exact match found for 'Jason Jiskoot': contactId=u6eQ93U5Ywos79iWiJ86
2026-05-30 18:24:07,933 [INFO] [lookup 626/644] Mark Liscia
2026-05-30 18:24:08,297 [INFO] Exact match found for 'Mark Liscia': contactId=UUGFddsPBZG6DD2ytrUT
2026-05-30 18:24:08,800 [INFO] [lookup 627/644] Jason Schlichte
2026-05-30 18:24:09,155 [INFO] Exact match found for 'Jason Schlichte': contactId=HLlsZKllB7pKTdRw2WlN
2026-05-30 18:24:09,658 [INFO] [lookup 628/644] Nic Runkel
2026-05-30 18:24:10,061 [INFO] Exact match found for 'Nic Runkel': contactId=TObj93bTY4PJyO5aNHvD
2026-05-30 18:24:10,566 [INFO] [lookup 629/644] Jen Parker
2026-05-30 18:24:10,991 [INFO] Exact match found for 'Jen Parker': contactId=QvNDts5NAw6fphseGN0Q
2026-05-30 18:24:11,495 [INFO] [lookup 630/644] Eric MCormick
2026-05-30 18:24:11,898 [WARNING] No GHL contact found for 'Eric MCormick'
2026-05-30 18:24:12,400 [INFO] [lookup 631/644] Keith Kleinhans
2026-05-30 18:24:12,739 [INFO] Exact match found for 'Keith Kleinhans': contactId=MqsVBBGVe7iOU3iKjdox
2026-05-30 18:24:13,240 [INFO] [lookup 632/644] Kenneth Wick
2026-05-30 18:24:13,705 [INFO] Exact match found for 'Kenneth Wick': contactId=aKne5qEsrEtwFmOiwj8h
2026-05-30 18:24:14,210 [INFO] [lookup 633/644] Brad Vander Lindend
2026-05-30 18:24:14,554 [WARNING] No GHL contact found for 'Brad Vander Lindend'
2026-05-30 18:24:15,056 [INFO] [lookup 634/644] Zack Stoll
2026-05-30 18:24:15,390 [WARNING] No GHL contact found for 'Zack Stoll'
2026-05-30 18:24:15,893 [INFO] [lookup 635/644] todd borcherding
2026-05-30 18:24:16,270 [INFO] Exact match found for 'todd borcherding': contactId=foa1fymTFOdr6hYYj0ss
2026-05-30 18:24:16,775 [INFO] [lookup 636/644] Joseph Weldon
2026-05-30 18:24:17,139 [INFO] Exact match found for 'Joseph Weldon': contactId=HGPkgwfcdAMxsmBPPwmD
2026-05-30 18:24:17,640 [INFO] [lookup 637/644] Brian Ridge
2026-05-30 18:24:18,067 [INFO] Exact match found for 'Brian Ridge': contactId=dK3GtJOdBtMY3ufXhj6p
2026-05-30 18:24:18,572 [INFO] [lookup 638/644] Ron Lappy
2026-05-30 18:24:18,913 [WARNING] No GHL contact found for 'Ron Lappy'
2026-05-30 18:24:19,417 [INFO] [lookup 639/644] Akinbode Egbelakin
2026-05-30 18:24:19,752 [INFO] Exact match found for 'Akinbode Egbelakin': contactId=Hydgu8M0AbgZZk3rJLXW
2026-05-30 18:24:20,255 [INFO] [lookup 640/644] Walter Peterson
2026-05-30 18:24:20,709 [INFO] Exact match found for 'Walter Peterson': contactId=CRlF2nUZYBjL99nQW6ow
2026-05-30 18:24:21,215 [INFO] [lookup 641/644] Peter Jacques
2026-05-30 18:24:21,680 [WARNING] No GHL contact found for 'Peter Jacques'
2026-05-30 18:24:22,183 [INFO] [lookup 642/644] John Story jkinvestments787@gmail.com
2026-05-30 18:24:22,540 [WARNING] No GHL contact found for 'John Story jkinvestments787@gmail.com'
2026-05-30 18:24:23,042 [INFO] [lookup 643/644] Jamie Arens
2026-05-30 18:24:23,393 [INFO] Exact match found for 'Jamie Arens': contactId=tgf4sPU5fXGSVySOJzRf
2026-05-30 18:24:23,896 [INFO] [lookup 644/644] Dak Johnson
2026-05-30 18:24:24,305 [INFO] Exact match found for 'Dak Johnson': contactId=Q9HdjpWCuNCUk6juoQh8
2026-05-30 18:24:28,397 [INFO] ============================================================
2026-05-30 18:24:28,397 [INFO] Phase 1: Purge existing [Call Notes - ...] notes
2026-05-30 18:24:28,397 [INFO] ============================================================
2026-05-30 18:51:08,855 [ERROR] Failed to get notes for contactId=QV0PJ5GQq63p3sgMyTa7: HTTPSConnectionPool(host='services.leadconnectorhq.com', port=443): Read timed out. (read timeout=30)
2026-05-30 18:51:08,866 [ERROR] Failed to get notes for contactId=WuSkUdd9cTBFpv1wHraU: HTTPSConnectionPool(host='services.leadconnectorhq.com', port=443): Max retries exceeded with url: /contacts/WuSkUdd9cTBFpv1wHraU/notes (Caused by NameResolutionError("<urllib3.connection.HTTPSConnection object at 0x12faea100>: Failed to resolve 'services.leadconnectorhq.com' ([Errno 8] nodename nor servname provided, or not known)"))
2026-05-30 18:51:08,870 [ERROR] Failed to get notes for contactId=KXXAQfm7ABqUyBA3V5hH: HTTPSConnectionPool(host='services.leadconnectorhq.com', port=443): Max retries exceeded with url: /contacts/KXXAQfm7ABqUyBA3V5hH/notes (Caused by NameResolutionError("<urllib3.connection.HTTPSConnection object at 0x12fae56a0>: Failed to resolve 'services.leadconnectorhq.com' ([Errno 8] nodename nor servname provided, or not known)"))
2026-05-30 18:51:08,873 [ERROR] Failed to get notes for contactId=WUqEnt1HaNqaiPNUSbwV: HTTPSConnectionPool(host='services.leadconnectorhq.com', port=443): Max retries exceeded with url: /contacts/WUqEnt1HaNqaiPNUSbwV/notes (Caused by NameResolutionError("<urllib3.connection.HTTPSConnection object at 0x12fad4c70>: Failed to resolve 'services.leadconnectorhq.com' ([Errno 8] nodename nor servname provided, or not known)"))
2026-05-30 18:51:08,877 [ERROR] Failed to get notes for contactId=r8pmyG3v6sCZuIVaVFpX: HTTPSConnectionPool(host='services.leadconnectorhq.com', port=443): Max retries exceeded with url: /contacts/r8pmyG3v6sCZuIVaVFpX/notes (Caused by NameResolutionError("<urllib3.connection.HTTPSConnection object at 0x12fae5520>: Failed to resolve 'services.leadconnectorhq.com' ([Errno 8] nodename nor servname provided, or not known)"))
2026-05-30 18:51:08,879 [ERROR] Failed to get notes for contactId=9zVw22q3sGul0xzfY1w9: HTTPSConnectionPool(host='services.leadconnectorhq.com', port=443): Max retries exceeded with url: /contacts/9zVw22q3sGul0xzfY1w9/notes (Caused by NameResolutionError("<urllib3.connection.HTTPSConnection object at 0x12faea3a0>: Failed to resolve 'services.leadconnectorhq.com' ([Errno 8] nodename nor servname provided, or not known)"))
2026-05-30 18:51:08,883 [ERROR] Failed to get notes for contactId=AQuHHgVLMnoWLyRsd17N: HTTPSConnectionPool(host='services.leadconnectorhq.com', port=443): Max retries exceeded with url: /contacts/AQuHHgVLMnoWLyRsd17N/notes (Caused by NameResolutionError("<urllib3.connection.HTTPSConnection object at 0x12faea7f0>: Failed to resolve 'services.leadconnectorhq.com' ([Errno 8] nodename nor servname provided, or not known)"))
2026-05-30 18:51:08,886 [ERROR] Failed to get notes for contactId=omsfvQNMifFKXNNT7MyO: HTTPSConnectionPool(host='services.leadconnectorhq.com', port=443): Max retries exceeded with url: /contacts/omsfvQNMifFKXNNT7MyO/notes (Caused by NameResolutionError("<urllib3.connection.HTTPSConnection object at 0x12fad4790>: Failed to resolve 'services.leadconnectorhq.com' ([Errno 8] nodename nor servname provided, or not known)"))
2026-05-30 18:51:08,888 [ERROR] Failed to get notes for contactId=AiFbygRmWGvngU94DwiO: HTTPSConnectionPool(host='services.leadconnectorhq.com', port=443): Max retries exceeded with url: /contacts/AiFbygRmWGvngU94DwiO/notes (Caused by NameResolutionError("<urllib3.connection.HTTPSConnection object at 0x12fad4250>: Failed to resolve 'services.leadconnectorhq.com' ([Errno 8] nodename nor servname provided, or not known)"))
2026-05-30 18:51:08,891 [ERROR] Failed to get notes for contactId=zZs62lrUb2v87bnp5fr0: HTTPSConnectionPool(host='services.leadconnectorhq.com', port=443): Max retries exceeded with url: /contacts/zZs62lrUb2v87bnp5fr0/notes (Caused by NameResolutionError("<urllib3.connection.HTTPSConnection object at 0x12fabf820>: Failed to resolve 'services.leadconnectorhq.com' ([Errno 8] nodename nor servname provided, or not known)"))
2026-05-30 18:51:08,894 [ERROR] Failed to get notes for contactId=4MUi4ljsuPyfQrEgDcP3: HTTPSConnectionPool(host='services.leadconnectorhq.com', port=443): Max retries exceeded with url: /contacts/4MUi4ljsuPyfQrEgDcP3/notes (Caused by NameResolutionError("<urllib3.connection.HTTPSConnection object at 0x12faeaaf0>: Failed to resolve 'services.leadconnectorhq.com' ([Errno 8] nodename nor servname provided, or not known)"))
2026-05-30 18:51:08,897 [ERROR] Failed to get notes for contactId=0xvEkBRfT8Qf0Srh2eme: HTTPSConnectionPool(host='services.leadconnectorhq.com', port=443): Max retries exceeded with url: /contacts/0xvEkBRfT8Qf0Srh2eme/notes (Caused by NameResolutionError("<urllib3.connection.HTTPSConnection object at 0x12faea160>: Failed to resolve 'services.leadconnectorhq.com' ([Errno 8] nodename nor servname provided, or not known)"))
2026-05-30 18:51:08,900 [ERROR] Failed to get notes for contactId=4r64dygW47kDvTHwLU83: HTTPSConnectionPool(host='services.leadconnectorhq.com', port=443): Max retries exceeded with url: /contacts/4r64dygW47kDvTHwLU83/notes (Caused by NameResolutionError("<urllib3.connection.HTTPSConnection object at 0x12fad4400>: Failed to resolve 'services.leadconnectorhq.com' ([Errno 8] nodename nor servname provided, or not known)"))
2026-05-30 18:51:08,903 [ERROR] Failed to get notes for contactId=D2laBVk7ZQ1bieskUJXS: HTTPSConnectionPool(host='services.leadconnectorhq.com', port=443): Max retries exceeded with url: /contacts/D2laBVk7ZQ1bieskUJXS/notes (Caused by NameResolutionError("<urllib3.connection.HTTPSConnection object at 0x12fae59d0>: Failed to resolve 'services.leadconnectorhq.com' ([Errno 8] nodename nor servname provided, or not known)"))
2026-05-30 18:51:08,906 [ERROR] Failed to get notes for contactId=QpETwPTta7FmKs81f5du: HTTPSConnectionPool(host='services.leadconnectorhq.com', port=443): Max retries exceeded with url: /contacts/QpETwPTta7FmKs81f5du/notes (Caused by NameResolutionError("<urllib3.connection.HTTPSConnection object at 0x12fae5310>: Failed to resolve 'services.leadconnectorhq.com' ([Errno 8] nodename nor servname provided, or not known)"))
2026-05-30 18:51:08,909 [ERROR] Failed to get notes for contactId=0kuT6xoS8PMwL6KJcyQn: HTTPSConnectionPool(host='services.leadconnectorhq.com', port=443): Max retries exceeded with url: /contacts/0kuT6xoS8PMwL6KJcyQn/notes (Caused by NameResolutionError("<urllib3.connection.HTTPSConnection object at 0x12fabfa60>: Failed to resolve 'services.leadconnectorhq.com' ([Errno 8] nodename nor servname provided, or not known)"))
2026-05-30 18:51:08,913 [ERROR] Failed to get notes for contactId=KxHlBtloUE5wnnBOjmeZ: HTTPSConnectionPool(host='services.leadconnectorhq.com', port=443): Max retries exceeded with url: /contacts/KxHlBtloUE5wnnBOjmeZ/notes (Caused by NameResolutionError("<urllib3.connection.HTTPSConnection object at 0x12fae5b50>: Failed to resolve 'services.leadconnectorhq.com' ([Errno 8] nodename nor servname provided, or not known)"))
2026-05-30 18:51:08,916 [ERROR] Failed to get notes for contactId=YuMrFww8C06PHnOgLxUf: HTTPSConnectionPool(host='services.leadconnectorhq.com', port=443): Max retries exceeded with url: /contacts/YuMrFww8C06PHnOgLxUf/notes (Caused by NameResolutionError("<urllib3.connection.HTTPSConnection object at 0x12fae5a60>: Failed to resolve 'services.leadconnectorhq.com' ([Errno 8] nodename nor servname provided, or not known)"))
2026-05-30 18:51:08,918 [ERROR] Failed to get notes for contactId=em9A9zBnPya5WWkItrNm: HTTPSConnectionPool(host='services.leadconnectorhq.com', port=443): Max retries exceeded with url: /contacts/em9A9zBnPya5WWkItrNm/notes (Caused by NameResolutionError("<urllib3.connection.HTTPSConnection object at 0x12fad4490>: Failed to resolve 'services.leadconnectorhq.com' ([Errno 8] nodename nor servname provided, or not known)"))
2026-05-30 18:51:08,922 [ERROR] Failed to get notes for contactId=QBCm5nm2x5hx8ipBoXmp: HTTPSConnectionPool(host='services.leadconnectorhq.com', port=443): Max retries exceeded with url: /contacts/QBCm5nm2x5hx8ipBoXmp/notes (Caused by NameResolutionError("<urllib3.connection.HTTPSConnection object at 0x12faea280>: Failed to resolve 'services.leadconnectorhq.com' ([Errno 8] nodename nor servname provided, or not known)"))
2026-05-30 18:51:08,924 [ERROR] Failed to get notes for contactId=bQQnagXVxwU56t7TxF2p: HTTPSConnectionPool(host='services.leadconnectorhq.com', port=443): Max retries exceeded with url: /contacts/bQQnagXVxwU56t7TxF2p/notes (Caused by NameResolutionError("<urllib3.connection.HTTPSConnection object at 0x12faeaaf0>: Failed to resolve 'services.leadconnectorhq.com' ([Errno 8] nodename nor servname provided, or not known)"))
2026-05-30 18:51:08,927 [ERROR] Failed to get notes for contactId=OIvf4nmg4FAt7yWFa9jY: HTTPSConnectionPool(host='services.leadconnectorhq.com', port=443): Max retries exceeded with url: /contacts/OIvf4nmg4FAt7yWFa9jY/notes (Caused by NameResolutionError("<urllib3.connection.HTTPSConnection object at 0x12fabfb20>: Failed to resolve 'services.leadconnectorhq.com' ([Errno 8] nodename nor servname provided, or not known)"))
2026-05-30 18:51:08,930 [ERROR] Failed to get notes for contactId=xyb3BO7lDXRuU2NH9hN6: HTTPSConnectionPool(host='services.leadconnectorhq.com', port=443): Max retries exceeded with url: /contacts/xyb3BO7lDXRuU2NH9hN6/notes (Caused by NameResolutionError("<urllib3.connection.HTTPSConnection object at 0x12faf5220>: Failed to resolve 'services.leadconnectorhq.com' ([Errno 8] nodename nor servname provided, or not known)"))
2026-05-30 18:51:08,933 [ERROR] Failed to get notes for contactId=AO8SFIrUvKgiFCE2CWkY: HTTPSConnectionPool(host='services.leadconnectorhq.com', port=443): Max retries exceeded with url: /contacts/AO8SFIrUvKgiFCE2CWkY/notes (Caused by NameResolutionError("<urllib3.connection.HTTPSConnection object at 0x12faeabe0>: Failed to resolve 'services.leadconnectorhq.com' ([Errno 8] nodename nor servname provided, or not known)"))
2026-05-30 18:51:08,936 [ERROR] Failed to get notes for contactId=34sSd3Ee6UD2saer2fNH: HTTPSConnectionPool(host='services.leadconnectorhq.com', port=443): Max retries exceeded with url: /contacts/34sSd3Ee6UD2saer2fNH/notes (Caused by NameResolutionError("<urllib3.connection.HTTPSConnection object at 0x12fad4190>: Failed to resolve 'services.leadconnectorhq.com' ([Errno 8] nodename nor servname provided, or not known)"))
2026-05-30 18:51:08,939 [ERROR] Failed to get notes for contactId=4FyC6WT7kwBPIuwjF6zJ: HTTPSConnectionPool(host='services.leadconnectorhq.com', port=443): Max retries exceeded with url: /contacts/4FyC6WT7kwBPIuwjF6zJ/notes (Caused by NameResolutionError("<urllib3.connection.HTTPSConnection object at 0x12fad4850>: Failed to resolve 'services.leadconnectorhq.com' ([Errno 8] nodename nor servname provided, or not known)"))
2026-05-30 18:51:08,941 [ERROR] Failed to get notes for contactId=YPdYJMuDxMCgzr7ZrdWR: HTTPSConnectionPool(host='services.leadconnectorhq.com', port=443): Max retries exceeded with url: /contacts/YPdYJMuDxMCgzr7ZrdWR/notes (Caused by NameResolutionError("<urllib3.connection.HTTPSConnection object at 0x12fabfe50>: Failed to resolve 'services.leadconnectorhq.com' ([Errno 8] nodename nor servname provided, or not known)"))
2026-05-30 18:51:08,944 [ERROR] Failed to get notes for contactId=Vnk6ZBU4glWLolL4vCEY: HTTPSConnectionPool(host='services.leadconnectorhq.com', port=443): Max retries exceeded with url: /contacts/Vnk6ZBU4glWLolL4vCEY/notes (Caused by NameResolutionError("<urllib3.connection.HTTPSConnection object at 0x12fae5100>: Failed to resolve 'services.leadconnectorhq.com' ([Errno 8] nodename nor servname provided, or not known)"))
2026-05-30 18:51:08,947 [ERROR] Failed to get notes for contactId=rK60RcgiimSmTfFZP6wT: HTTPSConnectionPool(host='services.leadconnectorhq.com', port=443): Max retries exceeded with url: /contacts/rK60RcgiimSmTfFZP6wT/notes (Caused by NameResolutionError("<urllib3.connection.HTTPSConnection object at 0x12fabadc0>: Failed to resolve 'services.leadconnectorhq.com' ([Errno 8] nodename nor servname provided, or not known)"))
2026-05-30 18:51:08,949 [ERROR] Failed to get notes for contactId=IssiKCy4qeG1S6TZ2OjW: HTTPSConnectionPool(host='services.leadconnectorhq.com', port=443): Max retries exceeded with url: /contacts/IssiKCy4qeG1S6TZ2OjW/notes (Caused by NameResolutionError("<urllib3.connection.HTTPSConnection object at 0x12fad4970>: Failed to resolve 'services.leadconnectorhq.com' ([Errno 8] nodename nor servname provided, or not known)"))
2026-05-30 18:51:08,952 [ERROR] Failed to get notes for contactId=FUJnrBfv9Cs0y3F3qGpU: HTTPSConnectionPool(host='services.leadconnectorhq.com', port=443): Max retries exceeded with url: /contacts/FUJnrBfv9Cs0y3F3qGpU/notes (Caused by NameResolutionError("<urllib3.connection.HTTPSConnection object at 0x12fad43a0>: Failed to resolve 'services.leadconnectorhq.com' ([Errno 8] nodename nor servname provided, or not known)"))
2026-05-30 18:51:08,955 [ERROR] Failed to get notes for contactId=OQDbfeUVhETpD7BopSMj: HTTPSConnectionPool(host='services.leadconnectorhq.com', port=443): Max retries exceeded with url: /contacts/OQDbfeUVhETpD7BopSMj/notes (Caused by NameResolutionError("<urllib3.connection.HTTPSConnection object at 0x12faea6a0>: Failed to resolve 'services.leadconnectorhq.com' ([Errno 8] nodename nor servname provided, or not known)"))
2026-05-30 18:51:08,958 [ERROR] Failed to get notes for contactId=21ZWb7DGL0jBnlg0uhl6: HTTPSConnectionPool(host='services.leadconnectorhq.com', port=443): Max retries exceeded with url: /contacts/21ZWb7DGL0jBnlg0uhl6/notes (Caused by NameResolutionError("<urllib3.connection.HTTPSConnection object at 0x12fabf040>: Failed to resolve 'services.leadconnectorhq.com' ([Errno 8] nodename nor servname provided, or not known)"))
2026-05-30 18:51:08,961 [ERROR] Failed to get notes for contactId=UFezNT7cQ0iYxGgxbmov: HTTPSConnectionPool(host='services.leadconnectorhq.com', port=443): Max retries exceeded with url: /contacts/UFezNT7cQ0iYxGgxbmov/notes (Caused by NameResolutionError("<urllib3.connection.HTTPSConnection object at 0x12fabfbb0>: Failed to resolve 'services.leadconnectorhq.com' ([Errno 8] nodename nor servname provided, or not known)"))
2026-05-30 18:51:08,964 [ERROR] Failed to get notes for contactId=aV656zKU86246xqBYxj7: HTTPSConnectionPool(host='services.leadconnectorhq.com', port=443): Max retries exceeded with url: /contacts/aV656zKU86246xqBYxj7/notes (Caused by NameResolutionError("<urllib3.connection.HTTPSConnection object at 0x12faf5190>: Failed to resolve 'services.leadconnectorhq.com' ([Errno 8] nodename nor servname provided, or not known)"))
2026-05-30 18:51:08,969 [ERROR] Failed to get notes for contactId=2nK3DJpuquyJShqohNWM: HTTPSConnectionPool(host='services.leadconnectorhq.com', port=443): Max retries exceeded with url: /contacts/2nK3DJpuquyJShqohNWM/notes (Caused by NameResolutionError("<urllib3.connection.HTTPSConnection object at 0x12fabf790>: Failed to resolve 'services.leadconnectorhq.com' ([Errno 8] nodename nor servname provided, or not known)"))
2026-05-30 18:51:08,972 [ERROR] Failed to get notes for contactId=IlCvGRgPR47EdapPQKDV: HTTPSConnectionPool(host='services.leadconnectorhq.com', port=443): Max retries exceeded with url: /contacts/IlCvGRgPR47EdapPQKDV/notes (Caused by NameResolutionError("<urllib3.connection.HTTPSConnection object at 0x12fabfaf0>: Failed to resolve 'services.leadconnectorhq.com' ([Errno 8] nodename nor servname provided, or not known)"))
2026-05-30 18:51:08,975 [ERROR] Failed to get notes for contactId=vn3iFAP8K0sROp9wJfrD: HTTPSConnectionPool(host='services.leadconnectorhq.com', port=443): Max retries exceeded with url: /contacts/vn3iFAP8K0sROp9wJfrD/notes (Caused by NameResolutionError("<urllib3.connection.HTTPSConnection object at 0x12faeab80>: Failed to resolve 'services.leadconnectorhq.com' ([Errno 8] nodename nor servname provided, or not known)"))
2026-05-30 18:51:08,978 [ERROR] Failed to get notes for contactId=RAXlqI0uWJbg4bTDGvBx: HTTPSConnectionPool(host='services.leadconnectorhq.com', port=443): Max retries exceeded with url: /contacts/RAXlqI0uWJbg4bTDGvBx/notes (Caused by NameResolutionError("<urllib3.connection.HTTPSConnection object at 0x12fad4250>: Failed to resolve 'services.leadconnectorhq.com' ([Errno 8] nodename nor servname provided, or not known)"))
2026-05-30 18:51:08,981 [ERROR] Failed to get notes for contactId=ylv1w0AT63SOQ6wDdOuU: HTTPSConnectionPool(host='services.leadconnectorhq.com', port=443): Max retries exceeded with url: /contacts/ylv1w0AT63SOQ6wDdOuU/notes (Caused by NameResolutionError("<urllib3.connection.HTTPSConnection object at 0x12fad4a30>: Failed to resolve 'services.leadconnectorhq.com' ([Errno 8] nodename nor servname provided, or not known)"))
2026-05-30 18:51:08,984 [ERROR] Failed to get notes for contactId=Z6X6x6DWqJRQDj5azrog: HTTPSConnectionPool(host='services.leadconnectorhq.com', port=443): Max retries exceeded with url: /contacts/Z6X6x6DWqJRQDj5azrog/notes (Caused by NameResolutionError("<urllib3.connection.HTTPSConnection object at 0x12fae5dc0>: Failed to resolve 'services.leadconnectorhq.com' ([Errno 8] nodename nor servname provided, or not known)"))
2026-05-30 18:51:08,988 [ERROR] Failed to get notes for contactId=vavbEyUid2pfxgdDDgwx: HTTPSConnectionPool(host='services.leadconnectorhq.com', port=443): Max retries exceeded with url: /contacts/vavbEyUid2pfxgdDDgwx/notes (Caused by NameResolutionError("<urllib3.connection.HTTPSConnection object at 0x12fad45b0>: Failed to resolve 'services.leadconnectorhq.com' ([Errno 8] nodename nor servname provided, or not known)"))
2026-05-30 18:51:08,991 [ERROR] Failed to get notes for contactId=gkNU0RnygPRGyqSlziI9: HTTPSConnectionPool(host='services.leadconnectorhq.com', port=443): Max retries exceeded with url: /contacts/gkNU0RnygPRGyqSlziI9/notes (Caused by NameResolutionError("<urllib3.connection.HTTPSConnection object at 0x12fad4190>: Failed to resolve 'services.leadconnectorhq.com' ([Errno 8] nodename nor servname provided, or not known)"))
2026-05-30 18:51:08,994 [ERROR] Failed to get notes for contactId=g1T4Mza7FqulMCYCog9f: HTTPSConnectionPool(host='services.leadconnectorhq.com', port=443): Max retries exceeded with url: /contacts/g1T4Mza7FqulMCYCog9f/notes (Caused by NameResolutionError("<urllib3.connection.HTTPSConnection object at 0x12faea400>: Failed to resolve 'services.leadconnectorhq.com' ([Errno 8] nodename nor servname provided, or not known)"))
2026-05-30 18:51:08,997 [ERROR] Failed to get notes for contactId=F4ZnueYjcb5vkd0OX5Pk: HTTPSConnectionPool(host='services.leadconnectorhq.com', port=443): Max retries exceeded with url: /contacts/F4ZnueYjcb5vkd0OX5Pk/notes (Caused by NameResolutionError("<urllib3.connection.HTTPSConnection object at 0x12fabf190>: Failed to resolve 'services.leadconnectorhq.com' ([Errno 8] nodename nor servname provided, or not known)"))
2026-05-30 18:51:09,000 [ERROR] Failed to get notes for contactId=7OETBWnw4a95gI9S1VnJ: HTTPSConnectionPool(host='services.leadconnectorhq.com', port=443): Max retries exceeded with url: /contacts/7OETBWnw4a95gI9S1VnJ/notes (Caused by NameResolutionError("<urllib3.connection.HTTPSConnection object at 0x12fabf8e0>: Failed to resolve 'services.leadconnectorhq.com' ([Errno 8] nodename nor servname provided, or not known)"))
2026-05-30 18:51:09,003 [ERROR] Failed to get notes for contactId=3CmE0293JJdI0cG7Lfwe: HTTPSConnectionPool(host='services.leadconnectorhq.com', port=443): Max retries exceeded with url: /contacts/3CmE0293JJdI0cG7Lfwe/notes (Caused by NameResolutionError("<urllib3.connection.HTTPSConnection object at 0x12fae5640>: Failed to resolve 'services.leadconnectorhq.com' ([Errno 8] nodename nor servname provided, or not known)"))
2026-05-30 18:51:09,007 [ERROR] Failed to get notes for contactId=rCfyCz3nSY0RGsWxmR7A: HTTPSConnectionPool(host='services.leadconnectorhq.com', port=443): Max retries exceeded with url: /contacts/rCfyCz3nSY0RGsWxmR7A/notes (Caused by NameResolutionError("<urllib3.connection.HTTPSConnection object at 0x12faf5040>: Failed to resolve 'services.leadconnectorhq.com' ([Errno 8] nodename nor servname provided, or not known)"))
2026-05-30 18:51:09,010 [ERROR] Failed to get notes for contactId=SUzuQNYuiQnC2TCF0Hbv: HTTPSConnectionPool(host='services.leadconnectorhq.com', port=443): Max retries exceeded with url: /contacts/SUzuQNYuiQnC2TCF0Hbv/notes (Caused by NameResolutionError("<urllib3.connection.HTTPSConnection object at 0x12fabfa90>: Failed to resolve 'services.leadconnectorhq.com' ([Errno 8] nodename nor servname provided, or not known)"))
2026-05-30 18:51:09,013 [ERROR] Failed to get notes for contactId=YA80RMgTbr0fiDL4lrfe: HTTPSConnectionPool(host='services.leadconnectorhq.com', port=443): Max retries exceeded with url: /contacts/YA80RMgTbr0fiDL4lrfe/notes (Caused by NameResolutionError("<urllib3.connection.HTTPSConnection object at 0x12faea610>: Failed to resolve 'services.leadconnectorhq.com' ([Errno 8] nodename nor servname provided, or not known)"))
2026-05-30 18:51:09,016 [ERROR] Failed to get notes for contactId=RLlrt2j5IapnJNkWX0RH: HTTPSConnectionPool(host='services.leadconnectorhq.com', port=443): Max retries exceeded with url: /contacts/RLlrt2j5IapnJNkWX0RH/notes (Caused by NameResolutionError("<urllib3.connection.HTTPSConnection object at 0x12faea640>: Failed to resolve 'services.leadconnectorhq.com' ([Errno 8] nodename nor servname provided, or not known)"))
2026-05-30 18:51:09,019 [ERROR] Failed to get notes for contactId=GH5LW09VO1tY74JVOndg: HTTPSConnectionPool(host='services.leadconnectorhq.com', port=443): Max retries exceeded with url: /contacts/GH5LW09VO1tY74JVOndg/notes (Caused by NameResolutionError("<urllib3.connection.HTTPSConnection object at 0x12fad47f0>: Failed to resolve 'services.leadconnectorhq.com' ([Errno 8] nodename nor servname provided, or not known)"))
2026-05-30 18:51:09,022 [ERROR] Failed to get notes for contactId=J7xr7OrxmJECU7fljxLa: HTTPSConnectionPool(host='services.leadconnectorhq.com', port=443): Max retries exceeded with url: /contacts/J7xr7OrxmJECU7fljxLa/notes (Caused by NameResolutionError("<urllib3.connection.HTTPSConnection object at 0x12fae5d30>: Failed to resolve 'services.leadconnectorhq.com' ([Errno 8] nodename nor servname provided, or not known)"))
2026-05-30 18:51:09,025 [ERROR] Failed to get notes for contactId=1MLshlXNaqDprSvSHwaL: HTTPSConnectionPool(host='services.leadconnectorhq.com', port=443): Max retries exceeded with url: /contacts/1MLshlXNaqDprSvSHwaL/notes (Caused by NameResolutionError("<urllib3.connection.HTTPSConnection object at 0x12fabaf70>: Failed to resolve 'services.leadconnectorhq.com' ([Errno 8] nodename nor servname provided, or not known)"))
2026-05-30 18:51:09,028 [ERROR] Failed to get notes for contactId=FL1Xsz8d68rpTwGUSWzV: HTTPSConnectionPool(host='services.leadconnectorhq.com', port=443): Max retries exceeded with url: /contacts/FL1Xsz8d68rpTwGUSWzV/notes (Caused by NameResolutionError("<urllib3.connection.HTTPSConnection object at 0x12fad4370>: Failed to resolve 'services.leadconnectorhq.com' ([Errno 8] nodename nor servname provided, or not known)"))
2026-05-30 18:51:09,031 [ERROR] Failed to get notes for contactId=L9eyK71FoUvkyRj7OGiC: HTTPSConnectionPool(host='services.leadconnectorhq.com', port=443): Max retries exceeded with url: /contacts/L9eyK71FoUvkyRj7OGiC/notes (Caused by NameResolutionError("<urllib3.connection.HTTPSConnection object at 0x12faea460>: Failed to resolve 'services.leadconnectorhq.com' ([Errno 8] nodename nor servname provided, or not known)"))
2026-05-30 18:51:09,034 [ERROR] Failed to get notes for contactId=C2SqW6bCeb2VhsXO8Sth: HTTPSConnectionPool(host='services.leadconnectorhq.com', port=443): Max retries exceeded with url: /contacts/C2SqW6bCeb2VhsXO8Sth/notes (Caused by NameResolutionError("<urllib3.connection.HTTPSConnection object at 0x12fae5280>: Failed to resolve 'services.leadconnectorhq.com' ([Errno 8] nodename nor servname provided, or not known)"))
2026-05-30 18:51:09,037 [ERROR] Failed to get notes for contactId=rpxzRaLPIrUgwWfMzdhb: HTTPSConnectionPool(host='services.leadconnectorhq.com', port=443): Max retries exceeded with url: /contacts/rpxzRaLPIrUgwWfMzdhb/notes (Caused by NameResolutionError("<urllib3.connection.HTTPSConnection object at 0x12fabf820>: Failed to resolve 'services.leadconnectorhq.com' ([Errno 8] nodename nor servname provided, or not known)"))
2026-05-30 18:51:09,040 [ERROR] Failed to get notes for contactId=UDKdj2pH5LuCmaLvg05Q: HTTPSConnectionPool(host='services.leadconnectorhq.com', port=443): Max retries exceeded with url: /contacts/UDKdj2pH5LuCmaLvg05Q/notes (Caused by NameResolutionError("<urllib3.connection.HTTPSConnection object at 0x12fabf640>: Failed to resolve 'services.leadconnectorhq.com' ([Errno 8] nodename nor servname provided, or not known)"))
2026-05-30 18:51:09,043 [ERROR] Failed to get notes for contactId=FsS6qDjRw8Jr7uiJR7XB: HTTPSConnectionPool(host='services.leadconnectorhq.com', port=443): Max retries exceeded with url: /contacts/FsS6qDjRw8Jr7uiJR7XB/notes (Caused by NameResolutionError("<urllib3.connection.HTTPSConnection object at 0x12faba9d0>: Failed to resolve 'services.leadconnectorhq.com' ([Errno 8] nodename nor servname provided, or not known)"))
2026-05-30 18:51:09,046 [ERROR] Failed to get notes for contactId=Gaf8EiEp9rMuPxjokv3T: HTTPSConnectionPool(host='services.leadconnectorhq.com', port=443): Max retries exceeded with url: /contacts/Gaf8EiEp9rMuPxjokv3T/notes (Caused by NameResolutionError("<urllib3.connection.HTTPSConnection object at 0x12fabf820>: Failed to resolve 'services.leadconnectorhq.com' ([Errno 8] nodename nor servname provided, or not known)"))
2026-05-30 18:51:09,048 [ERROR] Failed to get notes for contactId=RI2iDmUoU27Ls3p7P4jN: HTTPSConnectionPool(host='services.leadconnectorhq.com', port=443): Max retries exceeded with url: /contacts/RI2iDmUoU27Ls3p7P4jN/notes (Caused by NameResolutionError("<urllib3.connection.HTTPSConnection object at 0x12fae5f70>: Failed to resolve 'services.leadconnectorhq.com' ([Errno 8] nodename nor servname provided, or not known)"))
2026-05-30 18:51:09,051 [ERROR] Failed to get notes for contactId=uZzFfkmmy7IoBvlFwDwO: HTTPSConnectionPool(host='services.leadconnectorhq.com', port=443): Max retries exceeded with url: /contacts/uZzFfkmmy7IoBvlFwDwO/notes (Caused by NameResolutionError("<urllib3.connection.HTTPSConnection object at 0x12faeaa30>: Failed to resolve 'services.leadconnectorhq.com' ([Errno 8] nodename nor servname provided, or not known)"))
2026-05-30 18:51:09,054 [ERROR] Failed to get notes for contactId=mGUiuI4M4ZqeEA6Ih1cQ: HTTPSConnectionPool(host='services.leadconnectorhq.com', port=443): Max retries exceeded with url: /contacts/mGUiuI4M4ZqeEA6Ih1cQ/notes (Caused by NameResolutionError("<urllib3.connection.HTTPSConnection object at 0x12fad4640>: Failed to resolve 'services.leadconnectorhq.com' ([Errno 8] nodename nor servname provided, or not known)"))
2026-05-30 18:51:09,057 [ERROR] Failed to get notes for contactId=2YtUCJ0IsQWbCjTvWQGz: HTTPSConnectionPool(host='services.leadconnectorhq.com', port=443): Max retries exceeded with url: /contacts/2YtUCJ0IsQWbCjTvWQGz/notes (Caused by NameResolutionError("<urllib3.connection.HTTPSConnection object at 0x12fad4eb0>: Failed to resolve 'services.leadconnectorhq.com' ([Errno 8] nodename nor servname provided, or not known)"))
2026-05-30 18:51:09,060 [ERROR] Failed to get notes for contactId=eVq0otwRkmcCmP09oIiA: HTTPSConnectionPool(host='services.leadconnectorhq.com', port=443): Max retries exceeded with url: /contacts/eVq0otwRkmcCmP09oIiA/notes (Caused by NameResolutionError("<urllib3.connection.HTTPSConnection object at 0x12fab4fa0>: Failed to resolve 'services.leadconnectorhq.com' ([Errno 8] nodename nor servname provided, or not known)"))
2026-05-30 18:51:09,063 [ERROR] Failed to get notes for contactId=qsBPSnwLW4zv9K8SiDbX: HTTPSConnectionPool(host='services.leadconnectorhq.com', port=443): Max retries exceeded with url: /contacts/qsBPSnwLW4zv9K8SiDbX/notes (Caused by NameResolutionError("<urllib3.connection.HTTPSConnection object at 0x12fad4c40>: Failed to resolve 'services.leadconnectorhq.com' ([Errno 8] nodename nor servname provided, or not known)"))
2026-05-30 18:51:09,065 [ERROR] Failed to get notes for contactId=HhQ47F727f2oi3govqAk: HTTPSConnectionPool(host='services.leadconnectorhq.com', port=443): Max retries exceeded with url: /contacts/HhQ47F727f2oi3govqAk/notes (Caused by NameResolutionError("<urllib3.connection.HTTPSConnection object at 0x12faea700>: Failed to resolve 'services.leadconnectorhq.com' ([Errno 8] nodename nor servname provided, or not known)"))
2026-05-30 18:51:09,068 [ERROR] Failed to get notes for contactId=24Q6dISlSrNnuBcQq5z1: HTTPSConnectionPool(host='services.leadconnectorhq.com', port=443): Max retries exceeded with url: /contacts/24Q6dISlSrNnuBcQq5z1/notes (Caused by NameResolutionError("<urllib3.connection.HTTPSConnection object at 0x12fae5940>: Failed to resolve 'services.leadconnectorhq.com' ([Errno 8] nodename nor servname provided, or not known)"))
2026-05-30 18:51:09,071 [ERROR] Failed to get notes for contactId=si9yaYpnGwYbla4GImUK: HTTPSConnectionPool(host='services.leadconnectorhq.com', port=443): Max retries exceeded with url: /contacts/si9yaYpnGwYbla4GImUK/notes (Caused by NameResolutionError("<urllib3.connection.HTTPSConnection object at 0x12fabf460>: Failed to resolve 'services.leadconnectorhq.com' ([Errno 8] nodename nor servname provided, or not known)"))
2026-05-30 18:51:09,082 [ERROR] Failed to get notes for contactId=4Amg1fAY9jxOI8eJv9Pi: HTTPSConnectionPool(host='services.leadconnectorhq.com', port=443): Max retries exceeded with url: /contacts/4Amg1fAY9jxOI8eJv9Pi/notes (Caused by NameResolutionError("<urllib3.connection.HTTPSConnection object at 0x12fabf520>: Failed to resolve 'services.leadconnectorhq.com' ([Errno 8] nodename nor servname provided, or not known)"))
2026-05-30 18:51:09,085 [ERROR] Failed to get notes for contactId=uqNgjxx1ZBzxB7NpUK66: HTTPSConnectionPool(host='services.leadconnectorhq.com', port=443): Max retries exceeded with url: /contacts/uqNgjxx1ZBzxB7NpUK66/notes (Caused by NameResolutionError("<urllib3.connection.HTTPSConnection object at 0x12fab44c0>: Failed to resolve 'services.leadconnectorhq.com' ([Errno 8] nodename nor servname provided, or not known)"))
2026-05-30 18:51:09,087 [ERROR] Failed to get notes for contactId=caTICGH6W0IDD7z6dBTz: HTTPSConnectionPool(host='services.leadconnectorhq.com', port=443): Max retries exceeded with url: /contacts/caTICGH6W0IDD7z6dBTz/notes (Caused by NameResolutionError("<urllib3.connection.HTTPSConnection object at 0x12fabf460>: Failed to resolve 'services.leadconnectorhq.com' ([Errno 8] nodename nor servname provided, or not known)"))
2026-05-30 18:51:09,090 [ERROR] Failed to get notes for contactId=BHfUxX8emhKnuUjDDVU4: HTTPSConnectionPool(host='services.leadconnectorhq.com', port=443): Max retries exceeded with url: /contacts/BHfUxX8emhKnuUjDDVU4/notes (Caused by NameResolutionError("<urllib3.connection.HTTPSConnection object at 0x12fae5340>: Failed to resolve 'services.leadconnectorhq.com' ([Errno 8] nodename nor servname provided, or not known)"))
2026-05-30 18:51:09,092 [ERROR] Failed to get notes for contactId=I7R04NRmatMmMt2w9A0n: HTTPSConnectionPool(host='services.leadconnectorhq.com', port=443): Max retries exceeded with url: /contacts/I7R04NRmatMmMt2w9A0n/notes (Caused by NameResolutionError("<urllib3.connection.HTTPSConnection object at 0x12faea310>: Failed to resolve 'services.leadconnectorhq.com' ([Errno 8] nodename nor servname provided, or not known)"))
2026-05-30 18:51:09,094 [ERROR] Failed to get notes for contactId=iwTgvzMIcNsENdMpdJnI: HTTPSConnectionPool(host='services.leadconnectorhq.com', port=443): Max retries exceeded with url: /contacts/iwTgvzMIcNsENdMpdJnI/notes (Caused by NameResolutionError("<urllib3.connection.HTTPSConnection object at 0x12fad4820>: Failed to resolve 'services.leadconnectorhq.com' ([Errno 8] nodename nor servname provided, or not known)"))
2026-05-30 18:51:09,097 [ERROR] Failed to get notes for contactId=zHa4JJmnB06VdhTx7Cg9: HTTPSConnectionPool(host='services.leadconnectorhq.com', port=443): Max retries exceeded with url: /contacts/zHa4JJmnB06VdhTx7Cg9/notes (Caused by NameResolutionError("<urllib3.connection.HTTPSConnection object at 0x12faba550>: Failed to resolve 'services.leadconnectorhq.com' ([Errno 8] nodename nor servname provided, or not known)"))
2026-05-30 18:51:09,100 [ERROR] Failed to get notes for contactId=wieG784NSD5OZDVDeckQ: HTTPSConnectionPool(host='services.leadconnectorhq.com', port=443): Max retries exceeded with url: /contacts/wieG784NSD5OZDVDeckQ/notes (Caused by NameResolutionError("<urllib3.connection.HTTPSConnection object at 0x12f7ee8e0>: Failed to resolve 'services.leadconnectorhq.com' ([Errno 8] nodename nor servname provided, or not known)"))
2026-05-30 18:51:09,101 [ERROR] Failed to get notes for contactId=46uBRCarTRxitYWH8dAz: HTTPSConnectionPool(host='services.leadconnectorhq.com', port=443): Max retries exceeded with url: /contacts/46uBRCarTRxitYWH8dAz/notes (Caused by NameResolutionError("<urllib3.connection.HTTPSConnection object at 0x12fad4460>: Failed to resolve 'services.leadconnectorhq.com' ([Errno 8] nodename nor servname provided, or not known)"))
2026-05-30 18:51:09,104 [ERROR] Failed to get notes for contactId=bVdZGFI1V3pCHDSlnFe6: HTTPSConnectionPool(host='services.leadconnectorhq.com', port=443): Max retries exceeded with url: /contacts/bVdZGFI1V3pCHDSlnFe6/notes (Caused by NameResolutionError("<urllib3.connection.HTTPSConnection object at 0x12faeae80>: Failed to resolve 'services.leadconnectorhq.com' ([Errno 8] nodename nor servname provided, or not known)"))
2026-05-30 18:51:09,106 [ERROR] Failed to get notes for contactId=7PGlfdI5r4plLGJLrFxn: HTTPSConnectionPool(host='services.leadconnectorhq.com', port=443): Max retries exceeded with url: /contacts/7PGlfdI5r4plLGJLrFxn/notes (Caused by NameResolutionError("<urllib3.connection.HTTPSConnection object at 0x12fae59d0>: Failed to resolve 'services.leadconnectorhq.com' ([Errno 8] nodename nor servname provided, or not known)"))
2026-05-30 18:51:09,108 [ERROR] Failed to get notes for contactId=WVUSBrtL8le3m7jNIFpr: HTTPSConnectionPool(host='services.leadconnectorhq.com', port=443): Max retries exceeded with url: /contacts/WVUSBrtL8le3m7jNIFpr/notes (Caused by NameResolutionError("<urllib3.connection.HTTPSConnection object at 0x12fabf6a0>: Failed to resolve 'services.leadconnectorhq.com' ([Errno 8] nodename nor servname provided, or not known)"))
2026-05-30 18:51:09,111 [ERROR] Failed to get notes for contactId=Wnl67KZlvcNZ4moSJEfN: HTTPSConnectionPool(host='services.leadconnectorhq.com', port=443): Max retries exceeded with url: /contacts/Wnl67KZlvcNZ4moSJEfN/notes (Caused by NameResolutionError("<urllib3.connection.HTTPSConnection object at 0x12fabfc40>: Failed to resolve 'services.leadconnectorhq.com' ([Errno 8] nodename nor servname provided, or not known)"))
2026-05-30 18:51:09,113 [ERROR] Failed to get notes for contactId=WCXicxjHv2HYglDNN84k: HTTPSConnectionPool(host='services.leadconnectorhq.com', port=443): Max retries exceeded with url: /contacts/WCXicxjHv2HYglDNN84k/notes (Caused by NameResolutionError("<urllib3.connection.HTTPSConnection object at 0x12f6ca250>: Failed to resolve 'services.leadconnectorhq.com' ([Errno 8] nodename nor servname provided, or not known)"))
2026-05-30 18:51:09,115 [ERROR] Failed to get notes for contactId=8wvR8MDNAo5F1sMsq2ME: HTTPSConnectionPool(host='services.leadconnectorhq.com', port=443): Max retries exceeded with url: /contacts/8wvR8MDNAo5F1sMsq2ME/notes (Caused by NameResolutionError("<urllib3.connection.HTTPSConnection object at 0x12fabfac0>: Failed to resolve 'services.leadconnectorhq.com' ([Errno 8] nodename nor servname provided, or not known)"))
2026-05-30 18:51:09,118 [ERROR] Failed to get notes for contactId=M6RPvZM6u4Te4eqwkePu: HTTPSConnectionPool(host='services.leadconnectorhq.com', port=443): Max retries exceeded with url: /contacts/M6RPvZM6u4Te4eqwkePu/notes (Caused by NameResolutionError("<urllib3.connection.HTTPSConnection object at 0x12fae5ee0>: Failed to resolve 'services.leadconnectorhq.com' ([Errno 8] nodename nor servname provided, or not known)"))
2026-05-30 18:51:09,120 [ERROR] Failed to get notes for contactId=YqQClHSBGpfRPWFQPUPv: HTTPSConnectionPool(host='services.leadconnectorhq.com', port=443): Max retries exceeded with url: /contacts/YqQClHSBGpfRPWFQPUPv/notes (Caused by NameResolutionError("<urllib3.connection.HTTPSConnection object at 0x12faea310>: Failed to resolve 'services.leadconnectorhq.com' ([Errno 8] nodename nor servname provided, or not known)"))
2026-05-30 18:51:09,123 [ERROR] Failed to get notes for contactId=RemQqAiRiDwgb6ue483r: HTTPSConnectionPool(host='services.leadconnectorhq.com', port=443): Max retries exceeded with url: /contacts/RemQqAiRiDwgb6ue483r/notes (Caused by NameResolutionError("<urllib3.connection.HTTPSConnection object at 0x12fad4fa0>: Failed to resolve 'services.leadconnectorhq.com' ([Errno 8] nodename nor servname provided, or not known)"))
2026-05-30 18:51:09,125 [ERROR] Failed to get notes for contactId=Jzm1Wc9KH04icldOGHEz: HTTPSConnectionPool(host='services.leadconnectorhq.com', port=443): Max retries exceeded with url: /contacts/Jzm1Wc9KH04icldOGHEz/notes (Caused by NameResolutionError("<urllib3.connection.HTTPSConnection object at 0x12f7dc460>: Failed to resolve 'services.leadconnectorhq.com' ([Errno 8] nodename nor servname provided, or not known)"))
2026-05-30 18:51:09,127 [ERROR] Failed to get notes for contactId=bq5OC6rmDGt7hxbZPZ92: HTTPSConnectionPool(host='services.leadconnectorhq.com', port=443): Max retries exceeded with url: /contacts/bq5OC6rmDGt7hxbZPZ92/notes (Caused by NameResolutionError("<urllib3.connection.HTTPSConnection object at 0x12f6902e0>: Failed to resolve 'services.leadconnectorhq.com' ([Errno 8] nodename nor servname provided, or not known)"))
2026-05-30 18:51:09,129 [ERROR] Failed to get notes for contactId=qKf2gqVrOZYvpRnecEyK: HTTPSConnectionPool(host='services.leadconnectorhq.com', port=443): Max retries exceeded with url: /contacts/qKf2gqVrOZYvpRnecEyK/notes (Caused by NameResolutionError("<urllib3.connection.HTTPSConnection object at 0x12fad4f40>: Failed to resolve 'services.leadconnectorhq.com' ([Errno 8] nodename nor servname provided, or not known)"))
2026-05-30 18:51:09,131 [ERROR] Failed to get notes for contactId=8NXjB5jnJtY4EQrBtxh3: HTTPSConnectionPool(host='services.leadconnectorhq.com', port=443): Max retries exceeded with url: /contacts/8NXjB5jnJtY4EQrBtxh3/notes (Caused by NameResolutionError("<urllib3.connection.HTTPSConnection object at 0x12faea250>: Failed to resolve 'services.leadconnectorhq.com' ([Errno 8] nodename nor servname provided, or not known)"))
2026-05-30 18:51:09,133 [ERROR] Failed to get notes for contactId=gzAmwnG4HBjdzVcbNNhH: HTTPSConnectionPool(host='services.leadconnectorhq.com', port=443): Max retries exceeded with url: /contacts/gzAmwnG4HBjdzVcbNNhH/notes (Caused by NameResolutionError("<urllib3.connection.HTTPSConnection object at 0x12fae5b80>: Failed to resolve 'services.leadconnectorhq.com' ([Errno 8] nodename nor servname provided, or not known)"))
2026-05-30 18:51:09,135 [ERROR] Failed to get notes for contactId=eL783JB0Hqb7C4fMLEV3: HTTPSConnectionPool(host='services.leadconnectorhq.com', port=443): Max retries exceeded with url: /contacts/eL783JB0Hqb7C4fMLEV3/notes (Caused by NameResolutionError("<urllib3.connection.HTTPSConnection object at 0x12fabfa30>: Failed to resolve 'services.leadconnectorhq.com' ([Errno 8] nodename nor servname provided, or not known)"))
2026-05-30 18:51:09,138 [ERROR] Failed to get notes for contactId=yzB1MFH4uRLoSyKWL9Wj: HTTPSConnectionPool(host='services.leadconnectorhq.com', port=443): Max retries exceeded with url: /contacts/yzB1MFH4uRLoSyKWL9Wj/notes (Caused by NameResolutionError("<urllib3.connection.HTTPSConnection object at 0x12f7ee9a0>: Failed to resolve 'services.leadconnectorhq.com' ([Errno 8] nodename nor servname provided, or not known)"))
2026-05-30 18:51:09,140 [ERROR] Failed to get notes for contactId=YLRUTdvcgkSBRhWWS1Yj: HTTPSConnectionPool(host='services.leadconnectorhq.com', port=443): Max retries exceeded with url: /contacts/YLRUTdvcgkSBRhWWS1Yj/notes (Caused by NameResolutionError("<urllib3.connection.HTTPSConnection object at 0x12f6e92b0>: Failed to resolve 'services.leadconnectorhq.com' ([Errno 8] nodename nor servname provided, or not known)"))
2026-05-30 18:51:09,143 [ERROR] Failed to get notes for contactId=1Shy4k2XvX4RJUCsLPa7: HTTPSConnectionPool(host='services.leadconnectorhq.com', port=443): Max retries exceeded with url: /contacts/1Shy4k2XvX4RJUCsLPa7/notes (Caused by NameResolutionError("<urllib3.connection.HTTPSConnection object at 0x12fabf1f0>: Failed to resolve 'services.leadconnectorhq.com' ([Errno 8] nodename nor servname provided, or not known)"))
2026-05-30 18:51:09,146 [ERROR] Failed to get notes for contactId=V1F0NyoZNZQP4mEuyx7d: HTTPSConnectionPool(host='services.leadconnectorhq.com', port=443): Max retries exceeded with url: /contacts/V1F0NyoZNZQP4mEuyx7d/notes (Caused by NameResolutionError("<urllib3.connection.HTTPSConnection object at 0x12fae5640>: Failed to resolve 'services.leadconnectorhq.com' ([Errno 8] nodename nor servname provided, or not known)"))
2026-05-30 18:51:09,148 [ERROR] Failed to get notes for contactId=nOscvg8uI4M9ToJRwb8T: HTTPSConnectionPool(host='services.leadconnectorhq.com', port=443): Max retries exceeded with url: /contacts/nOscvg8uI4M9ToJRwb8T/notes (Caused by NameResolutionError("<urllib3.connection.HTTPSConnection object at 0x12faeabb0>: Failed to resolve 'services.leadconnectorhq.com' ([Errno 8] nodename nor servname provided, or not known)"))
2026-05-30 18:51:09,151 [ERROR] Failed to get notes for contactId=Ir4ThsFUSpMcrZxoWNXW: HTTPSConnectionPool(host='services.leadconnectorhq.com', port=443): Max retries exceeded with url: /contacts/Ir4ThsFUSpMcrZxoWNXW/notes (Caused by NameResolutionError("<urllib3.connection.HTTPSConnection object at 0x12fad4df0>: Failed to resolve 'services.leadconnectorhq.com' ([Errno 8] nodename nor servname provided, or not known)"))
2026-05-30 18:51:09,153 [ERROR] Failed to get notes for contactId=ipO2JnXscEjP2shH7FYm: HTTPSConnectionPool(host='services.leadconnectorhq.com', port=443): Max retries exceeded with url: /contacts/ipO2JnXscEjP2shH7FYm/notes (Caused by NameResolutionError("<urllib3.connection.HTTPSConnection object at 0x12fab4400>: Failed to resolve 'services.leadconnectorhq.com' ([Errno 8] nodename nor servname provided, or not known)"))
2026-05-30 18:51:09,156 [ERROR] Failed to get notes for contactId=a0112MoxAuyeGICxFNvU: HTTPSConnectionPool(host='services.leadconnectorhq.com', port=443): Max retries exceeded with url: /contacts/a0112MoxAuyeGICxFNvU/notes (Caused by NameResolutionError("<urllib3.connection.HTTPSConnection object at 0x12f6e2100>: Failed to resolve 'services.leadconnectorhq.com' ([Errno 8] nodename nor servname provided, or not known)"))
2026-05-30 18:51:09,158 [ERROR] Failed to get notes for contactId=KtYYottw8EkyUdYwFR4e: HTTPSConnectionPool(host='services.leadconnectorhq.com', port=443): Max retries exceeded with url: /contacts/KtYYottw8EkyUdYwFR4e/notes (Caused by NameResolutionError("<urllib3.connection.HTTPSConnection object at 0x12fad4b80>: Failed to resolve 'services.leadconnectorhq.com' ([Errno 8] nodename nor servname provided, or not known)"))
2026-05-30 18:51:09,161 [ERROR] Failed to get notes for contactId=axEBpIiQh1UA7Nc4gJIy: HTTPSConnectionPool(host='services.leadconnectorhq.com', port=443): Max retries exceeded with url: /contacts/axEBpIiQh1UA7Nc4gJIy/notes (Caused by NameResolutionError("<urllib3.connection.HTTPSConnection object at 0x12faeacd0>: Failed to resolve 'services.leadconnectorhq.com' ([Errno 8] nodename nor servname provided, or not known)"))
2026-05-30 18:51:09,163 [ERROR] Failed to get notes for contactId=LWBzdiqOpsT2Z24anvyR: HTTPSConnectionPool(host='services.leadconnectorhq.com', port=443): Max retries exceeded with url: /contacts/LWBzdiqOpsT2Z24anvyR/notes (Caused by NameResolutionError("<urllib3.connection.HTTPSConnection object at 0x12fae5250>: Failed to resolve 'services.leadconnectorhq.com' ([Errno 8] nodename nor servname provided, or not known)"))
2026-05-30 18:51:09,165 [ERROR] Failed to get notes for contactId=4xKxbsYe8vdhuIpz6t3A: HTTPSConnectionPool(host='services.leadconnectorhq.com', port=443): Max retries exceeded with url: /contacts/4xKxbsYe8vdhuIpz6t3A/notes (Caused by NameResolutionError("<urllib3.connection.HTTPSConnection object at 0x12fabf610>: Failed to resolve 'services.leadconnectorhq.com' ([Errno 8] nodename nor servname provided, or not known)"))
2026-05-30 18:51:09,167 [ERROR] Failed to get notes for contactId=7YgwHqyOEB3Zkn9RfLZA: HTTPSConnectionPool(host='services.leadconnectorhq.com', port=443): Max retries exceeded with url: /contacts/7YgwHqyOEB3Zkn9RfLZA/notes (Caused by NameResolutionError("<urllib3.connection.HTTPSConnection object at 0x12f7eee50>: Failed to resolve 'services.leadconnectorhq.com' ([Errno 8] nodename nor servname provided, or not known)"))
2026-05-30 18:51:09,169 [ERROR] Failed to get notes for contactId=d0y47KsE0pVKHKf9ipvG: HTTPSConnectionPool(host='services.leadconnectorhq.com', port=443): Max retries exceeded with url: /contacts/d0y47KsE0pVKHKf9ipvG/notes (Caused by NameResolutionError("<urllib3.connection.HTTPSConnection object at 0x12f5bd760>: Failed to resolve 'services.leadconnectorhq.com' ([Errno 8] nodename nor servname provided, or not known)"))
2026-05-30 18:51:09,172 [ERROR] Failed to get notes for contactId=opJdim20BADhSszr2K0g: HTTPSConnectionPool(host='services.leadconnectorhq.com', port=443): Max retries exceeded with url: /contacts/opJdim20BADhSszr2K0g/notes (Caused by NameResolutionError("<urllib3.connection.HTTPSConnection object at 0x12fabf640>: Failed to resolve 'services.leadconnectorhq.com' ([Errno 8] nodename nor servname provided, or not known)"))
2026-05-30 18:51:09,183 [ERROR] Failed to get notes for contactId=HCpsZWzxEGCY5WHsqYat: HTTPSConnectionPool(host='services.leadconnectorhq.com', port=443): Max retries exceeded with url: /contacts/HCpsZWzxEGCY5WHsqYat/notes (Caused by NameResolutionError("<urllib3.connection.HTTPSConnection object at 0x12fae5a90>: Failed to resolve 'services.leadconnectorhq.com' ([Errno 8] nodename nor servname provided, or not known)"))
2026-05-30 18:51:09,185 [ERROR] Failed to get notes for contactId=0R1hEIeQbR4CjsgA2Qlt: HTTPSConnectionPool(host='services.leadconnectorhq.com', port=443): Max retries exceeded with url: /contacts/0R1hEIeQbR4CjsgA2Qlt/notes (Caused by NameResolutionError("<urllib3.connection.HTTPSConnection object at 0x12faeadf0>: Failed to resolve 'services.leadconnectorhq.com' ([Errno 8] nodename nor servname provided, or not known)"))
2026-05-30 18:51:09,188 [ERROR] Failed to get notes for contactId=rB2b34SpkGRB4kMwFEOo: HTTPSConnectionPool(host='services.leadconnectorhq.com', port=443): Max retries exceeded with url: /contacts/rB2b34SpkGRB4kMwFEOo/notes (Caused by NameResolutionError("<urllib3.connection.HTTPSConnection object at 0x12f6f2b50>: Failed to resolve 'services.leadconnectorhq.com' ([Errno 8] nodename nor servname provided, or not known)"))
2026-05-30 18:51:09,190 [ERROR] Failed to get notes for contactId=CosXCa5FOEyGvwmC1WtN: HTTPSConnectionPool(host='services.leadconnectorhq.com', port=443): Max retries exceeded with url: /contacts/CosXCa5FOEyGvwmC1WtN/notes (Caused by NameResolutionError("<urllib3.connection.HTTPSConnection object at 0x12f6f68b0>: Failed to resolve 'services.leadconnectorhq.com' ([Errno 8] nodename nor servname provided, or not known)"))
2026-05-30 18:51:09,192 [ERROR] Failed to get notes for contactId=0lb18AUAtATH9WnlueAj: HTTPSConnectionPool(host='services.leadconnectorhq.com', port=443): Max retries exceeded with url: /contacts/0lb18AUAtATH9WnlueAj/notes (Caused by NameResolutionError("<urllib3.connection.HTTPSConnection object at 0x12fa161f0>: Failed to resolve 'services.leadconnectorhq.com' ([Errno 8] nodename nor servname provided, or not known)"))
2026-05-30 18:51:09,195 [ERROR] Failed to get notes for contactId=MxMqJYLfv7OQvSPeECCk: HTTPSConnectionPool(host='services.leadconnectorhq.com', port=443): Max retries exceeded with url: /contacts/MxMqJYLfv7OQvSPeECCk/notes (Caused by NameResolutionError("<urllib3.connection.HTTPSConnection object at 0x12faeaa00>: Failed to resolve 'services.leadconnectorhq.com' ([Errno 8] nodename nor servname provided, or not known)"))
2026-05-30 18:51:09,197 [ERROR] Failed to get notes for contactId=iCwcdVDNRY7Ag3ZBCx0u: HTTPSConnectionPool(host='services.leadconnectorhq.com', port=443): Max retries exceeded with url: /contacts/iCwcdVDNRY7Ag3ZBCx0u/notes (Caused by NameResolutionError("<urllib3.connection.HTTPSConnection object at 0x12f8fdcd0>: Failed to resolve 'services.leadconnectorhq.com' ([Errno 8] nodename nor servname provided, or not known)"))
2026-05-30 18:51:09,199 [ERROR] Failed to get notes for contactId=F8HYR6HMOBid6edIeXy0: HTTPSConnectionPool(host='services.leadconnectorhq.com', port=443): Max retries exceeded with url: /contacts/F8HYR6HMOBid6edIeXy0/notes (Caused by NameResolutionError("<urllib3.connection.HTTPSConnection object at 0x12f6e2fd0>: Failed to resolve 'services.leadconnectorhq.com' ([Errno 8] nodename nor servname provided, or not known)"))
2026-05-30 18:51:09,201 [ERROR] Failed to get notes for contactId=bCbUNHZB9Vj4gUNxVcl6: HTTPSConnectionPool(host='services.leadconnectorhq.com', port=443): Max retries exceeded with url: /contacts/bCbUNHZB9Vj4gUNxVcl6/notes (Caused by NameResolutionError("<urllib3.connection.HTTPSConnection object at 0x12f6e9970>: Failed to resolve 'services.leadconnectorhq.com' ([Errno 8] nodename nor servname provided, or not known)"))
2026-05-30 18:51:09,204 [ERROR] Failed to get notes for contactId=Xyr2icbwjHHSNEwTsWEv: HTTPSConnectionPool(host='services.leadconnectorhq.com', port=443): Max retries exceeded with url: /contacts/Xyr2icbwjHHSNEwTsWEv/notes (Caused by NameResolutionError("<urllib3.connection.HTTPSConnection object at 0x12f6f23a0>: Failed to resolve 'services.leadconnectorhq.com' ([Errno 8] nodename nor servname provided, or not known)"))
2026-05-30 18:51:09,206 [ERROR] Failed to get notes for contactId=n7naLGBZ1sI2IPUVhOJW: HTTPSConnectionPool(host='services.leadconnectorhq.com', port=443): Max retries exceeded with url: /contacts/n7naLGBZ1sI2IPUVhOJW/notes (Caused by NameResolutionError("<urllib3.connection.HTTPSConnection object at 0x12f7eee50>: Failed to resolve 'services.leadconnectorhq.com' ([Errno 8] nodename nor servname provided, or not known)"))
2026-05-30 18:51:09,209 [ERROR] Failed to get notes for contactId=45zbXKkdSiCwiU1I1fFF: HTTPSConnectionPool(host='services.leadconnectorhq.com', port=443): Max retries exceeded with url: /contacts/45zbXKkdSiCwiU1I1fFF/notes (Caused by NameResolutionError("<urllib3.connection.HTTPSConnection object at 0x12f6e9970>: Failed to resolve 'services.leadconnectorhq.com' ([Errno 8] nodename nor servname provided, or not known)"))
2026-05-30 18:51:09,211 [ERROR] Failed to get notes for contactId=X9zGgKxWLmfeMVNpyytk: HTTPSConnectionPool(host='services.leadconnectorhq.com', port=443): Max retries exceeded with url: /contacts/X9zGgKxWLmfeMVNpyytk/notes (Caused by NameResolutionError("<urllib3.connection.HTTPSConnection object at 0x12f6e2fd0>: Failed to resolve 'services.leadconnectorhq.com' ([Errno 8] nodename nor servname provided, or not known)"))
2026-05-30 18:51:09,213 [ERROR] Failed to get notes for contactId=yWnNCq95oHBQbfO58wWX: HTTPSConnectionPool(host='services.leadconnectorhq.com', port=443): Max retries exceeded with url: /contacts/yWnNCq95oHBQbfO58wWX/notes (Caused by NameResolutionError("<urllib3.connection.HTTPSConnection object at 0x12f8fdcd0>: Failed to resolve 'services.leadconnectorhq.com' ([Errno 8] nodename nor servname provided, or not known)"))
2026-05-30 18:51:09,215 [ERROR] Failed to get notes for contactId=2LlX3j2ZUTBoZKUY8ui3: HTTPSConnectionPool(host='services.leadconnectorhq.com', port=443): Max retries exceeded with url: /contacts/2LlX3j2ZUTBoZKUY8ui3/notes (Caused by NameResolutionError("<urllib3.connection.HTTPSConnection object at 0x12faea520>: Failed to resolve 'services.leadconnectorhq.com' ([Errno 8] nodename nor servname provided, or not known)"))
2026-05-30 18:51:09,218 [ERROR] Failed to get notes for contactId=FEPNjhpEUU3Zd1cMtBQ4: HTTPSConnectionPool(host='services.leadconnectorhq.com', port=443): Max retries exceeded with url: /contacts/FEPNjhpEUU3Zd1cMtBQ4/notes (Caused by NameResolutionError("<urllib3.connection.HTTPSConnection object at 0x12faeae20>: Failed to resolve 'services.leadconnectorhq.com' ([Errno 8] nodename nor servname provided, or not known)"))
2026-05-30 18:51:09,220 [ERROR] Failed to get notes for contactId=cR2hOfR2SYh2Dke3u3ZB: HTTPSConnectionPool(host='services.leadconnectorhq.com', port=443): Max retries exceeded with url: /contacts/cR2hOfR2SYh2Dke3u3ZB/notes (Caused by NameResolutionError("<urllib3.connection.HTTPSConnection object at 0x12f7ee580>: Failed to resolve 'services.leadconnectorhq.com' ([Errno 8] nodename nor servname provided, or not known)"))
2026-05-30 18:51:09,223 [ERROR] Failed to get notes for contactId=QHMd3ItuJAGiGb9F970w: HTTPSConnectionPool(host='services.leadconnectorhq.com', port=443): Max retries exceeded with url: /contacts/QHMd3ItuJAGiGb9F970w/notes (Caused by NameResolutionError("<urllib3.connection.HTTPSConnection object at 0x12faea8e0>: Failed to resolve 'services.leadconnectorhq.com' ([Errno 8] nodename nor servname provided, or not known)"))
2026-05-30 18:51:09,226 [ERROR] Failed to get notes for contactId=UbtzO7bk0NqIdgHlBOLo: HTTPSConnectionPool(host='services.leadconnectorhq.com', port=443): Max retries exceeded with url: /contacts/UbtzO7bk0NqIdgHlBOLo/notes (Caused by NameResolutionError("<urllib3.connection.HTTPSConnection object at 0x12f8fdfd0>: Failed to resolve 'services.leadconnectorhq.com' ([Errno 8] nodename nor servname provided, or not known)"))
2026-05-30 18:51:09,228 [ERROR] Failed to get notes for contactId=q9kqW2QCTYLzieZp0jga: HTTPSConnectionPool(host='services.leadconnectorhq.com', port=443): Max retries exceeded with url: /contacts/q9kqW2QCTYLzieZp0jga/notes (Caused by NameResolutionError("<urllib3.connection.HTTPSConnection object at 0x12f6e28b0>: Failed to resolve 'services.leadconnectorhq.com' ([Errno 8] nodename nor servname provided, or not known)"))
2026-05-30 18:51:09,231 [ERROR] Failed to get notes for contactId=X1B8FrMILDRLC1ImtIm4: HTTPSConnectionPool(host='services.leadconnectorhq.com', port=443): Max retries exceeded with url: /contacts/X1B8FrMILDRLC1ImtIm4/notes (Caused by NameResolutionError("<urllib3.connection.HTTPSConnection object at 0x12f6e9820>: Failed to resolve 'services.leadconnectorhq.com' ([Errno 8] nodename nor servname provided, or not known)"))
2026-05-30 18:51:09,233 [ERROR] Failed to get notes for contactId=O775c9sMKpKITgz1e1r0: HTTPSConnectionPool(host='services.leadconnectorhq.com', port=443): Max retries exceeded with url: /contacts/O775c9sMKpKITgz1e1r0/notes (Caused by NameResolutionError("<urllib3.connection.HTTPSConnection object at 0x12f6f2e50>: Failed to resolve 'services.leadconnectorhq.com' ([Errno 8] nodename nor servname provided, or not known)"))
2026-05-30 18:51:09,235 [ERROR] Failed to get notes for contactId=IfqJMGlkIgNBb3br3xvN: HTTPSConnectionPool(host='services.leadconnectorhq.com', port=443): Max retries exceeded with url: /contacts/IfqJMGlkIgNBb3br3xvN/notes (Caused by NameResolutionError("<urllib3.connection.HTTPSConnection object at 0x12fab4730>: Failed to resolve 'services.leadconnectorhq.com' ([Errno 8] nodename nor servname provided, or not known)"))
2026-05-30 18:51:09,238 [ERROR] Failed to get notes for contactId=eBooTfwjCxs2s8wOVjTs: HTTPSConnectionPool(host='services.leadconnectorhq.com', port=443): Max retries exceeded with url: /contacts/eBooTfwjCxs2s8wOVjTs/notes (Caused by NameResolutionError("<urllib3.connection.HTTPSConnection object at 0x12f6f2670>: Failed to resolve 'services.leadconnectorhq.com' ([Errno 8] nodename nor servname provided, or not known)"))
2026-05-30 18:51:09,240 [ERROR] Failed to get notes for contactId=836TX4j4pcKnTcDlsBao: HTTPSConnectionPool(host='services.leadconnectorhq.com', port=443): Max retries exceeded with url: /contacts/836TX4j4pcKnTcDlsBao/notes (Caused by NameResolutionError("<urllib3.connection.HTTPSConnection object at 0x12f6e96a0>: Failed to resolve 'services.leadconnectorhq.com' ([Errno 8] nodename nor servname provided, or not known)"))
2026-05-30 18:51:09,242 [ERROR] Failed to get notes for contactId=XXico5rJnHl2azgF2dEJ: HTTPSConnectionPool(host='services.leadconnectorhq.com', port=443): Max retries exceeded with url: /contacts/XXico5rJnHl2azgF2dEJ/notes (Caused by NameResolutionError("<urllib3.connection.HTTPSConnection object at 0x12f6e2a30>: Failed to resolve 'services.leadconnectorhq.com' ([Errno 8] nodename nor servname provided, or not known)"))
2026-05-30 18:51:09,245 [ERROR] Failed to get notes for contactId=QtlnDNM3ps6GAV94v1Dj: HTTPSConnectionPool(host='services.leadconnectorhq.com', port=443): Max retries exceeded with url: /contacts/QtlnDNM3ps6GAV94v1Dj/notes (Caused by NameResolutionError("<urllib3.connection.HTTPSConnection object at 0x12f5bddf0>: Failed to resolve 'services.leadconnectorhq.com' ([Errno 8] nodename nor servname provided, or not known)"))
2026-05-30 18:51:09,247 [ERROR] Failed to get notes for contactId=pt1KLLgzxdb0vY2yJHN0: HTTPSConnectionPool(host='services.leadconnectorhq.com', port=443): Max retries exceeded with url: /contacts/pt1KLLgzxdb0vY2yJHN0/notes (Caused by NameResolutionError("<urllib3.connection.HTTPSConnection object at 0x12faea5e0>: Failed to resolve 'services.leadconnectorhq.com' ([Errno 8] nodename nor servname provided, or not known)"))
2026-05-30 18:51:09,250 [ERROR] Failed to get notes for contactId=37pyxN6n8FnTmc77Q6OB: HTTPSConnectionPool(host='services.leadconnectorhq.com', port=443): Max retries exceeded with url: /contacts/37pyxN6n8FnTmc77Q6OB/notes (Caused by NameResolutionError("<urllib3.connection.HTTPSConnection object at 0x12fab45e0>: Failed to resolve 'services.leadconnectorhq.com' ([Errno 8] nodename nor servname provided, or not known)"))
2026-05-30 18:51:09,253 [ERROR] Failed to get notes for contactId=QijaHgFz124YP6JcFHf8: HTTPSConnectionPool(host='services.leadconnectorhq.com', port=443): Max retries exceeded with url: /contacts/QijaHgFz124YP6JcFHf8/notes (Caused by NameResolutionError("<urllib3.connection.HTTPSConnection object at 0x12faeaf40>: Failed to resolve 'services.leadconnectorhq.com' ([Errno 8] nodename nor servname provided, or not known)"))
2026-05-30 18:51:09,255 [ERROR] Failed to get notes for contactId=6Wq9JDzBBRaUTpaOmzx1: HTTPSConnectionPool(host='services.leadconnectorhq.com', port=443): Max retries exceeded with url: /contacts/6Wq9JDzBBRaUTpaOmzx1/notes (Caused by NameResolutionError("<urllib3.connection.HTTPSConnection object at 0x12f5bdb20>: Failed to resolve 'services.leadconnectorhq.com' ([Errno 8] nodename nor servname provided, or not known)"))
2026-05-30 18:51:09,257 [ERROR] Failed to get notes for contactId=10WyrL5xfKX8CiJ6z6ZH: HTTPSConnectionPool(host='services.leadconnectorhq.com', port=443): Max retries exceeded with url: /contacts/10WyrL5xfKX8CiJ6z6ZH/notes (Caused by NameResolutionError("<urllib3.connection.HTTPSConnection object at 0x12f6e2df0>: Failed to resolve 'services.leadconnectorhq.com' ([Errno 8] nodename nor servname provided, or not known)"))
2026-05-30 18:51:09,260 [ERROR] Failed to get notes for contactId=6TNjW4xMwzSuzLQGQye6: HTTPSConnectionPool(host='services.leadconnectorhq.com', port=443): Max retries exceeded with url: /contacts/6TNjW4xMwzSuzLQGQye6/notes (Caused by NameResolutionError("<urllib3.connection.HTTPSConnection object at 0x12f6e9640>: Failed to resolve 'services.leadconnectorhq.com' ([Errno 8] nodename nor servname provided, or not known)"))
2026-05-30 18:51:09,263 [ERROR] Failed to get notes for contactId=Vr4EJWhOJvwM0UAxkxbn: HTTPSConnectionPool(host='services.leadconnectorhq.com', port=443): Max retries exceeded with url: /contacts/Vr4EJWhOJvwM0UAxkxbn/notes (Caused by NameResolutionError("<urllib3.connection.HTTPSConnection object at 0x12f7dc4c0>: Failed to resolve 'services.leadconnectorhq.com' ([Errno 8] nodename nor servname provided, or not known)"))
2026-05-30 18:51:09,265 [ERROR] Failed to get notes for contactId=VX3tBw7J4mGEqGqVHgun: HTTPSConnectionPool(host='services.leadconnectorhq.com', port=443): Max retries exceeded with url: /contacts/VX3tBw7J4mGEqGqVHgun/notes (Caused by NameResolutionError("<urllib3.connection.HTTPSConnection object at 0x12f6f29d0>: Failed to resolve 'services.leadconnectorhq.com' ([Errno 8] nodename nor servname provided, or not known)"))
2026-05-30 18:51:09,268 [ERROR] Failed to get notes for contactId=UWLZ1UjtDF6iB0fnnDim: HTTPSConnectionPool(host='services.leadconnectorhq.com', port=443): Max retries exceeded with url: /contacts/UWLZ1UjtDF6iB0fnnDim/notes (Caused by NameResolutionError("<urllib3.connection.HTTPSConnection object at 0x12f7dc490>: Failed to resolve 'services.leadconnectorhq.com' ([Errno 8] nodename nor servname provided, or not known)"))
2026-05-30 18:51:09,270 [ERROR] Failed to get notes for contactId=3lJ6XiUN7DBLr6Dr5mJO: HTTPSConnectionPool(host='services.leadconnectorhq.com', port=443): Max retries exceeded with url: /contacts/3lJ6XiUN7DBLr6Dr5mJO/notes (Caused by NameResolutionError("<urllib3.connection.HTTPSConnection object at 0x12f6e91f0>: Failed to resolve 'services.leadconnectorhq.com' ([Errno 8] nodename nor servname provided, or not known)"))
2026-05-30 18:51:09,273 [ERROR] Failed to get notes for contactId=M0z1fz4OTpmqMDzydEeG: HTTPSConnectionPool(host='services.leadconnectorhq.com', port=443): Max retries exceeded with url: /contacts/M0z1fz4OTpmqMDzydEeG/notes (Caused by NameResolutionError("<urllib3.connection.HTTPSConnection object at 0x12f3d7d30>: Failed to resolve 'services.leadconnectorhq.com' ([Errno 8] nodename nor servname provided, or not known)"))
2026-05-30 18:51:09,275 [ERROR] Failed to get notes for contactId=q6OfpwRJd5Kg4MLqyjMg: HTTPSConnectionPool(host='services.leadconnectorhq.com', port=443): Max retries exceeded with url: /contacts/q6OfpwRJd5Kg4MLqyjMg/notes (Caused by NameResolutionError("<urllib3.connection.HTTPSConnection object at 0x12fab4c70>: Failed to resolve 'services.leadconnectorhq.com' ([Errno 8] nodename nor servname provided, or not known)"))
2026-05-30 18:51:09,277 [ERROR] Failed to get notes for contactId=QLVNdpOW4nAIIOQd6Npn: HTTPSConnectionPool(host='services.leadconnectorhq.com', port=443): Max retries exceeded with url: /contacts/QLVNdpOW4nAIIOQd6Npn/notes (Caused by NameResolutionError("<urllib3.connection.HTTPSConnection object at 0x12fab4400>: Failed to resolve 'services.leadconnectorhq.com' ([Errno 8] nodename nor servname provided, or not known)"))
2026-05-30 18:51:09,280 [ERROR] Failed to get notes for contactId=VVaPBI2EeFRSTrmxqyi8: HTTPSConnectionPool(host='services.leadconnectorhq.com', port=443): Max retries exceeded with url: /contacts/VVaPBI2EeFRSTrmxqyi8/notes (Caused by NameResolutionError("<urllib3.connection.HTTPSConnection object at 0x12faea250>: Failed to resolve 'services.leadconnectorhq.com' ([Errno 8] nodename nor servname provided, or not known)"))
2026-05-30 18:51:09,282 [ERROR] Failed to get notes for contactId=2X3Sfu1cJH7bHYNJwvFO: HTTPSConnectionPool(host='services.leadconnectorhq.com', port=443): Max retries exceeded with url: /contacts/2X3Sfu1cJH7bHYNJwvFO/notes (Caused by NameResolutionError("<urllib3.connection.HTTPSConnection object at 0x12faf5190>: Failed to resolve 'services.leadconnectorhq.com' ([Errno 8] nodename nor servname provided, or not known)"))
2026-05-30 18:51:09,285 [ERROR] Failed to get notes for contactId=C7BRSDcDPLjdnyRzoLZh: HTTPSConnectionPool(host='services.leadconnectorhq.com', port=443): Max retries exceeded with url: /contacts/C7BRSDcDPLjdnyRzoLZh/notes (Caused by NameResolutionError("<urllib3.connection.HTTPSConnection object at 0x12f8fdee0>: Failed to resolve 'services.leadconnectorhq.com' ([Errno 8] nodename nor servname provided, or not known)"))
2026-05-30 18:51:09,287 [ERROR] Failed to get notes for contactId=lid2fqOaZfx0lNM8MDHS: HTTPSConnectionPool(host='services.leadconnectorhq.com', port=443): Max retries exceeded with url: /contacts/lid2fqOaZfx0lNM8MDHS/notes (Caused by NameResolutionError("<urllib3.connection.HTTPSConnection object at 0x12f6e2cd0>: Failed to resolve 'services.leadconnectorhq.com' ([Errno 8] nodename nor servname provided, or not known)"))
2026-05-30 18:51:09,290 [ERROR] Failed to get notes for contactId=697TYviekxL7DkvyNJ72: HTTPSConnectionPool(host='services.leadconnectorhq.com', port=443): Max retries exceeded with url: /contacts/697TYviekxL7DkvyNJ72/notes (Caused by NameResolutionError("<urllib3.connection.HTTPSConnection object at 0x12f6e9190>: Failed to resolve 'services.leadconnectorhq.com' ([Errno 8] nodename nor servname provided, or not known)"))
2026-05-30 18:51:09,292 [ERROR] Failed to get notes for contactId=W10oc6vW0sWET4mKuSPG: HTTPSConnectionPool(host='services.leadconnectorhq.com', port=443): Max retries exceeded with url: /contacts/W10oc6vW0sWET4mKuSPG/notes (Caused by NameResolutionError("<urllib3.connection.HTTPSConnection object at 0x12fab4a30>: Failed to resolve 'services.leadconnectorhq.com' ([Errno 8] nodename nor servname provided, or not known)"))
2026-05-30 18:51:09,295 [ERROR] Failed to get notes for contactId=gbdYD03yHaMJUxlPwFND: HTTPSConnectionPool(host='services.leadconnectorhq.com', port=443): Max retries exceeded with url: /contacts/gbdYD03yHaMJUxlPwFND/notes (Caused by NameResolutionError("<urllib3.connection.HTTPSConnection object at 0x12f690220>: Failed to resolve 'services.leadconnectorhq.com' ([Errno 8] nodename nor servname provided, or not known)"))
2026-05-30 18:51:09,298 [ERROR] Failed to get notes for contactId=SfqbPbFSu5icvD7j5r6c: HTTPSConnectionPool(host='services.leadconnectorhq.com', port=443): Max retries exceeded with url: /contacts/SfqbPbFSu5icvD7j5r6c/notes (Caused by NameResolutionError("<urllib3.connection.HTTPSConnection object at 0x12faf5280>: Failed to resolve 'services.leadconnectorhq.com' ([Errno 8] nodename nor servname provided, or not known)"))
2026-05-30 18:51:09,301 [ERROR] Failed to get notes for contactId=9456umQbji22GQoE8vmA: HTTPSConnectionPool(host='services.leadconnectorhq.com', port=443): Max retries exceeded with url: /contacts/9456umQbji22GQoE8vmA/notes (Caused by NameResolutionError("<urllib3.connection.HTTPSConnection object at 0x12f6f6340>: Failed to resolve 'services.leadconnectorhq.com' ([Errno 8] nodename nor servname provided, or not known)"))
2026-05-30 18:51:09,303 [ERROR] Failed to get notes for contactId=7w0AcU9Kv4Xq645m14v7: HTTPSConnectionPool(host='services.leadconnectorhq.com', port=443): Max retries exceeded with url: /contacts/7w0AcU9Kv4Xq645m14v7/notes (Caused by NameResolutionError("<urllib3.connection.HTTPSConnection object at 0x12fab4550>: Failed to resolve 'services.leadconnectorhq.com' ([Errno 8] nodename nor servname provided, or not known)"))
2026-05-30 18:51:09,306 [ERROR] Failed to get notes for contactId=6QWKn9XH3vc1XuICOgMx: HTTPSConnectionPool(host='services.leadconnectorhq.com', port=443): Max retries exceeded with url: /contacts/6QWKn9XH3vc1XuICOgMx/notes (Caused by NameResolutionError("<urllib3.connection.HTTPSConnection object at 0x12f8f7910>: Failed to resolve 'services.leadconnectorhq.com' ([Errno 8] nodename nor servname provided, or not known)"))
2026-05-30 18:51:09,309 [ERROR] Failed to get notes for contactId=3x4j5jJDTEJXynqiB8S3: HTTPSConnectionPool(host='services.leadconnectorhq.com', port=443): Max retries exceeded with url: /contacts/3x4j5jJDTEJXynqiB8S3/notes (Caused by NameResolutionError("<urllib3.connection.HTTPSConnection object at 0x12f6e2fd0>: Failed to resolve 'services.leadconnectorhq.com' ([Errno 8] nodename nor servname provided, or not known)"))
2026-05-30 18:51:09,312 [ERROR] Failed to get notes for contactId=1HuwsKhSco7FPJH5F7PG: HTTPSConnectionPool(host='services.leadconnectorhq.com', port=443): Max retries exceeded with url: /contacts/1HuwsKhSco7FPJH5F7PG/notes (Caused by NameResolutionError("<urllib3.connection.HTTPSConnection object at 0x12f8fd5b0>: Failed to resolve 'services.leadconnectorhq.com' ([Errno 8] nodename nor servname provided, or not known)"))
2026-05-30 18:51:09,314 [ERROR] Failed to get notes for contactId=mH5uO9BoMb9W0irU8LOG: HTTPSConnectionPool(host='services.leadconnectorhq.com', port=443): Max retries exceeded with url: /contacts/mH5uO9BoMb9W0irU8LOG/notes (Caused by NameResolutionError("<urllib3.connection.HTTPSConnection object at 0x12faeae80>: Failed to resolve 'services.leadconnectorhq.com' ([Errno 8] nodename nor servname provided, or not known)"))
2026-05-30 18:51:09,317 [ERROR] Failed to get notes for contactId=pNWbQBjjP7Es5NphBJv3: HTTPSConnectionPool(host='services.leadconnectorhq.com', port=443): Max retries exceeded with url: /contacts/pNWbQBjjP7Es5NphBJv3/notes (Caused by NameResolutionError("<urllib3.connection.HTTPSConnection object at 0x12faeafd0>: Failed to resolve 'services.leadconnectorhq.com' ([Errno 8] nodename nor servname provided, or not known)"))
2026-05-30 18:51:09,320 [ERROR] Failed to get notes for contactId=9wLxJN7R39wGBTJDSLoH: HTTPSConnectionPool(host='services.leadconnectorhq.com', port=443): Max retries exceeded with url: /contacts/9wLxJN7R39wGBTJDSLoH/notes (Caused by NameResolutionError("<urllib3.connection.HTTPSConnection object at 0x12f3d7f40>: Failed to resolve 'services.leadconnectorhq.com' ([Errno 8] nodename nor servname provided, or not known)"))
2026-05-30 18:51:09,322 [ERROR] Failed to get notes for contactId=3HZ7JaRQJMCojsQZ26Fe: HTTPSConnectionPool(host='services.leadconnectorhq.com', port=443): Max retries exceeded with url: /contacts/3HZ7JaRQJMCojsQZ26Fe/notes (Caused by NameResolutionError("<urllib3.connection.HTTPSConnection object at 0x12f6e92b0>: Failed to resolve 'services.leadconnectorhq.com' ([Errno 8] nodename nor servname provided, or not known)"))
2026-05-30 18:51:09,325 [ERROR] Failed to get notes for contactId=e4mlEiyFtUdZEeIAuUSu: HTTPSConnectionPool(host='services.leadconnectorhq.com', port=443): Max retries exceeded with url: /contacts/e4mlEiyFtUdZEeIAuUSu/notes (Caused by NameResolutionError("<urllib3.connection.HTTPSConnection object at 0x12fab4190>: Failed to resolve 'services.leadconnectorhq.com' ([Errno 8] nodename nor servname provided, or not known)"))
2026-05-30 18:51:09,328 [ERROR] Failed to get notes for contactId=V3t99gaYgs8j9NKr4qVb: HTTPSConnectionPool(host='services.leadconnectorhq.com', port=443): Max retries exceeded with url: /contacts/V3t99gaYgs8j9NKr4qVb/notes (Caused by NameResolutionError("<urllib3.connection.HTTPSConnection object at 0x12f7ee5e0>: Failed to resolve 'services.leadconnectorhq.com' ([Errno 8] nodename nor servname provided, or not known)"))
2026-05-30 18:51:09,330 [ERROR] Failed to get notes for contactId=lNQZSUnYqa0e6ihu5Koa: HTTPSConnectionPool(host='services.leadconnectorhq.com', port=443): Max retries exceeded with url: /contacts/lNQZSUnYqa0e6ihu5Koa/notes (Caused by NameResolutionError("<urllib3.connection.HTTPSConnection object at 0x12f6f2ca0>: Failed to resolve 'services.leadconnectorhq.com' ([Errno 8] nodename nor servname provided, or not known)"))
2026-05-30 18:51:09,333 [ERROR] Failed to get notes for contactId=0R1ddMR74pGtSWe5DiKN: HTTPSConnectionPool(host='services.leadconnectorhq.com', port=443): Max retries exceeded with url: /contacts/0R1ddMR74pGtSWe5DiKN/notes (Caused by NameResolutionError("<urllib3.connection.HTTPSConnection object at 0x12f7dc460>: Failed to resolve 'services.leadconnectorhq.com' ([Errno 8] nodename nor servname provided, or not known)"))
2026-05-30 18:51:09,336 [ERROR] Failed to get notes for contactId=ok8NEgzna4shNxmlildP: HTTPSConnectionPool(host='services.leadconnectorhq.com', port=443): Max retries exceeded with url: /contacts/ok8NEgzna4shNxmlildP/notes (Caused by NameResolutionError("<urllib3.connection.HTTPSConnection object at 0x12fab4790>: Failed to resolve 'services.leadconnectorhq.com' ([Errno 8] nodename nor servname provided, or not known)"))
2026-05-30 18:51:09,338 [ERROR] Failed to get notes for contactId=Wkrt7BGz0LBQLvWyTPTa: HTTPSConnectionPool(host='services.leadconnectorhq.com', port=443): Max retries exceeded with url: /contacts/Wkrt7BGz0LBQLvWyTPTa/notes (Caused by NameResolutionError("<urllib3.connection.HTTPSConnection object at 0x12fab4c10>: Failed to resolve 'services.leadconnectorhq.com' ([Errno 8] nodename nor servname provided, or not known)"))
2026-05-30 18:51:09,341 [ERROR] Failed to get notes for contactId=y9fT6zOBk6keFID3MKGJ: HTTPSConnectionPool(host='services.leadconnectorhq.com', port=443): Max retries exceeded with url: /contacts/y9fT6zOBk6keFID3MKGJ/notes (Caused by NameResolutionError("<urllib3.connection.HTTPSConnection object at 0x12f70afd0>: Failed to resolve 'services.leadconnectorhq.com' ([Errno 8] nodename nor servname provided, or not known)"))
2026-05-30 18:51:09,344 [ERROR] Failed to get notes for contactId=OOuMtuiypYNLPeCnTXsM: HTTPSConnectionPool(host='services.leadconnectorhq.com', port=443): Max retries exceeded with url: /contacts/OOuMtuiypYNLPeCnTXsM/notes (Caused by NameResolutionError("<urllib3.connection.HTTPSConnection object at 0x12f3d7df0>: Failed to resolve 'services.leadconnectorhq.com' ([Errno 8] nodename nor servname provided, or not known)"))
2026-05-30 18:51:09,346 [ERROR] Failed to get notes for contactId=sYabZUJRcAnlJ27dOFpy: HTTPSConnectionPool(host='services.leadconnectorhq.com', port=443): Max retries exceeded with url: /contacts/sYabZUJRcAnlJ27dOFpy/notes (Caused by NameResolutionError("<urllib3.connection.HTTPSConnection object at 0x12faeac10>: Failed to resolve 'services.leadconnectorhq.com' ([Errno 8] nodename nor servname provided, or not known)"))
2026-05-30 18:51:09,349 [ERROR] Failed to get notes for contactId=Iwv1Omu04n0PdNoKDTKP: HTTPSConnectionPool(host='services.leadconnectorhq.com', port=443): Max retries exceeded with url: /contacts/Iwv1Omu04n0PdNoKDTKP/notes (Caused by NameResolutionError("<urllib3.connection.HTTPSConnection object at 0x12fabfe50>: Failed to resolve 'services.leadconnectorhq.com' ([Errno 8] nodename nor servname provided, or not known)"))
2026-05-30 18:51:09,352 [ERROR] Failed to get notes for contactId=2zBq2TWnp7rwLxqGOtmo: HTTPSConnectionPool(host='services.leadconnectorhq.com', port=443): Max retries exceeded with url: /contacts/2zBq2TWnp7rwLxqGOtmo/notes (Caused by NameResolutionError("<urllib3.connection.HTTPSConnection object at 0x12f8fddf0>: Failed to resolve 'services.leadconnectorhq.com' ([Errno 8] nodename nor servname provided, or not known)"))
2026-05-30 18:51:09,354 [ERROR] Failed to get notes for contactId=IEQrcCWO5TXI1VerfvuN: HTTPSConnectionPool(host='services.leadconnectorhq.com', port=443): Max retries exceeded with url: /contacts/IEQrcCWO5TXI1VerfvuN/notes (Caused by NameResolutionError("<urllib3.connection.HTTPSConnection object at 0x12f70a4f0>: Failed to resolve 'services.leadconnectorhq.com' ([Errno 8] nodename nor servname provided, or not known)"))
2026-05-30 18:51:09,357 [ERROR] Failed to get notes for contactId=219dm5ekopDKnG4C1DL9: HTTPSConnectionPool(host='services.leadconnectorhq.com', port=443): Max retries exceeded with url: /contacts/219dm5ekopDKnG4C1DL9/notes (Caused by NameResolutionError("<urllib3.connection.HTTPSConnection object at 0x12fab4f10>: Failed to resolve 'services.leadconnectorhq.com' ([Errno 8] nodename nor servname provided, or not known)"))
2026-05-30 18:51:09,359 [ERROR] Failed to get notes for contactId=SxcczGQ1Ll5BF66hAHYW: HTTPSConnectionPool(host='services.leadconnectorhq.com', port=443): Max retries exceeded with url: /contacts/SxcczGQ1Ll5BF66hAHYW/notes (Caused by NameResolutionError("<urllib3.connection.HTTPSConnection object at 0x12fab4790>: Failed to resolve 'services.leadconnectorhq.com' ([Errno 8] nodename nor servname provided, or not known)"))
2026-05-30 18:51:09,362 [ERROR] Failed to get notes for contactId=Ntv7bkSftvwPOig5d8rC: HTTPSConnectionPool(host='services.leadconnectorhq.com', port=443): Max retries exceeded with url: /contacts/Ntv7bkSftvwPOig5d8rC/notes (Caused by NameResolutionError("<urllib3.connection.HTTPSConnection object at 0x12f6f6340>: Failed to resolve 'services.leadconnectorhq.com' ([Errno 8] nodename nor servname provided, or not known)"))
2026-05-30 18:51:09,365 [ERROR] Failed to get notes for contactId=oGPvaGwKWpTyIFdhGayn: HTTPSConnectionPool(host='services.leadconnectorhq.com', port=443): Max retries exceeded with url: /contacts/oGPvaGwKWpTyIFdhGayn/notes (Caused by NameResolutionError("<urllib3.connection.HTTPSConnection object at 0x12fabff40>: Failed to resolve 'services.leadconnectorhq.com' ([Errno 8] nodename nor servname provided, or not known)"))
2026-05-30 18:51:09,368 [ERROR] Failed to get notes for contactId=etBpjwEKOd81ayvGrU9A: HTTPSConnectionPool(host='services.leadconnectorhq.com', port=443): Max retries exceeded with url: /contacts/etBpjwEKOd81ayvGrU9A/notes (Caused by NameResolutionError("<urllib3.connection.HTTPSConnection object at 0x12fab4ca0>: Failed to resolve 'services.leadconnectorhq.com' ([Errno 8] nodename nor servname provided, or not known)"))
2026-05-30 18:51:09,370 [ERROR] Failed to get notes for contactId=RcNY4CLz5KAkbGwR4XW9: HTTPSConnectionPool(host='services.leadconnectorhq.com', port=443): Max retries exceeded with url: /contacts/RcNY4CLz5KAkbGwR4XW9/notes (Caused by NameResolutionError("<urllib3.connection.HTTPSConnection object at 0x12fab41c0>: Failed to resolve 'services.leadconnectorhq.com' ([Errno 8] nodename nor servname provided, or not known)"))
2026-05-30 18:51:09,373 [ERROR] Failed to get notes for contactId=alTPSubp5M5vyBhu6mB9: HTTPSConnectionPool(host='services.leadconnectorhq.com', port=443): Max retries exceeded with url: /contacts/alTPSubp5M5vyBhu6mB9/notes (Caused by NameResolutionError("<urllib3.connection.HTTPSConnection object at 0x12f70a610>: Failed to resolve 'services.leadconnectorhq.com' ([Errno 8] nodename nor servname provided, or not known)"))
2026-05-30 18:51:09,376 [ERROR] Failed to get notes for contactId=2VoiajDDxTJoqXQGjrhn: HTTPSConnectionPool(host='services.leadconnectorhq.com', port=443): Max retries exceeded with url: /contacts/2VoiajDDxTJoqXQGjrhn/notes (Caused by NameResolutionError("<urllib3.connection.HTTPSConnection object at 0x12f3d7ee0>: Failed to resolve 'services.leadconnectorhq.com' ([Errno 8] nodename nor servname provided, or not known)"))
2026-05-30 18:51:09,379 [ERROR] Failed to get notes for contactId=1N8LozCMa52tUyhViYjJ: HTTPSConnectionPool(host='services.leadconnectorhq.com', port=443): Max retries exceeded with url: /contacts/1N8LozCMa52tUyhViYjJ/notes (Caused by NameResolutionError("<urllib3.connection.HTTPSConnection object at 0x12faeacd0>: Failed to resolve 'services.leadconnectorhq.com' ([Errno 8] nodename nor servname provided, or not known)"))
2026-05-30 18:51:09,382 [ERROR] Failed to get notes for contactId=uJzeChpeb5hNd3kjQomx: HTTPSConnectionPool(host='services.leadconnectorhq.com', port=443): Max retries exceeded with url: /contacts/uJzeChpeb5hNd3kjQomx/notes (Caused by NameResolutionError("<urllib3.connection.HTTPSConnection object at 0x12faba040>: Failed to resolve 'services.leadconnectorhq.com' ([Errno 8] nodename nor servname provided, or not known)"))
2026-05-30 18:51:09,384 [ERROR] Failed to get notes for contactId=eVNwgvQ9sX0TTFjo4WOc: HTTPSConnectionPool(host='services.leadconnectorhq.com', port=443): Max retries exceeded with url: /contacts/eVNwgvQ9sX0TTFjo4WOc/notes (Caused by NameResolutionError("<urllib3.connection.HTTPSConnection object at 0x12f6e21f0>: Failed to resolve 'services.leadconnectorhq.com' ([Errno 8] nodename nor servname provided, or not known)"))
2026-05-30 18:51:09,385 [ERROR] Failed to get notes for contactId=LjBLsyka6Ya38W0jRnbk: HTTPSConnectionPool(host='services.leadconnectorhq.com', port=443): Max retries exceeded with url: /contacts/LjBLsyka6Ya38W0jRnbk/notes (Caused by NameResolutionError("<urllib3.connection.HTTPSConnection object at 0x12fab4910>: Failed to resolve 'services.leadconnectorhq.com' ([Errno 8] nodename nor servname provided, or not known)"))
2026-05-30 18:51:09,388 [ERROR] Failed to get notes for contactId=0sHyl51aqctV9RRpKA2I: HTTPSConnectionPool(host='services.leadconnectorhq.com', port=443): Max retries exceeded with url: /contacts/0sHyl51aqctV9RRpKA2I/notes (Caused by NameResolutionError("<urllib3.connection.HTTPSConnection object at 0x12fab4790>: Failed to resolve 'services.leadconnectorhq.com' ([Errno 8] nodename nor servname provided, or not known)"))
2026-05-30 18:51:09,390 [ERROR] Failed to get notes for contactId=K7aXbFH4zXlq9Q3URPuC: HTTPSConnectionPool(host='services.leadconnectorhq.com', port=443): Max retries exceeded with url: /contacts/K7aXbFH4zXlq9Q3URPuC/notes (Caused by NameResolutionError("<urllib3.connection.HTTPSConnection object at 0x12f8fdbb0>: Failed to resolve 'services.leadconnectorhq.com' ([Errno 8] nodename nor servname provided, or not known)"))
2026-05-30 18:51:09,392 [ERROR] Failed to get notes for contactId=6Y46NpY7wqmYu3cBcchn: HTTPSConnectionPool(host='services.leadconnectorhq.com', port=443): Max retries exceeded with url: /contacts/6Y46NpY7wqmYu3cBcchn/notes (Caused by NameResolutionError("<urllib3.connection.HTTPSConnection object at 0x12faea250>: Failed to resolve 'services.leadconnectorhq.com' ([Errno 8] nodename nor servname provided, or not known)"))
2026-05-30 18:51:09,395 [ERROR] Failed to get notes for contactId=Tcew13ZEDGLCf8PUl4GY: HTTPSConnectionPool(host='services.leadconnectorhq.com', port=443): Max retries exceeded with url: /contacts/Tcew13ZEDGLCf8PUl4GY/notes (Caused by NameResolutionError("<urllib3.connection.HTTPSConnection object at 0x12faea550>: Failed to resolve 'services.leadconnectorhq.com' ([Errno 8] nodename nor servname provided, or not known)"))
2026-05-30 18:51:09,398 [ERROR] Failed to get notes for contactId=pkUc2BQFF2YpmU5ArCoh: HTTPSConnectionPool(host='services.leadconnectorhq.com', port=443): Max retries exceeded with url: /contacts/pkUc2BQFF2YpmU5ArCoh/notes (Caused by NameResolutionError("<urllib3.connection.HTTPSConnection object at 0x12faeaf70>: Failed to resolve 'services.leadconnectorhq.com' ([Errno 8] nodename nor servname provided, or not known)"))
2026-05-30 18:51:09,400 [ERROR] Failed to get notes for contactId=X6hsc1CJsGdC3ugH2nge: HTTPSConnectionPool(host='services.leadconnectorhq.com', port=443): Max retries exceeded with url: /contacts/X6hsc1CJsGdC3ugH2nge/notes (Caused by NameResolutionError("<urllib3.connection.HTTPSConnection object at 0x12faf52b0>: Failed to resolve 'services.leadconnectorhq.com' ([Errno 8] nodename nor servname provided, or not known)"))
2026-05-30 18:51:09,402 [ERROR] Failed to get notes for contactId=ETESIk5iU1r1ylMcijH7: HTTPSConnectionPool(host='services.leadconnectorhq.com', port=443): Max retries exceeded with url: /contacts/ETESIk5iU1r1ylMcijH7/notes (Caused by NameResolutionError("<urllib3.connection.HTTPSConnection object at 0x12f8f7520>: Failed to resolve 'services.leadconnectorhq.com' ([Errno 8] nodename nor servname provided, or not known)"))
2026-05-30 18:51:09,404 [ERROR] Failed to get notes for contactId=FQIQvRtNt8MkNdqeSsYE: HTTPSConnectionPool(host='services.leadconnectorhq.com', port=443): Max retries exceeded with url: /contacts/FQIQvRtNt8MkNdqeSsYE/notes (Caused by NameResolutionError("<urllib3.connection.HTTPSConnection object at 0x12fab4fa0>: Failed to resolve 'services.leadconnectorhq.com' ([Errno 8] nodename nor servname provided, or not known)"))
2026-05-30 18:51:09,406 [ERROR] Failed to get notes for contactId=nM5UjASZMnFGtmXjRuOK: HTTPSConnectionPool(host='services.leadconnectorhq.com', port=443): Max retries exceeded with url: /contacts/nM5UjASZMnFGtmXjRuOK/notes (Caused by NameResolutionError("<urllib3.connection.HTTPSConnection object at 0x12f70a850>: Failed to resolve 'services.leadconnectorhq.com' ([Errno 8] nodename nor servname provided, or not known)"))
2026-05-30 18:51:09,408 [ERROR] Failed to get notes for contactId=MiMr17epgMkhywLyYtMk: HTTPSConnectionPool(host='services.leadconnectorhq.com', port=443): Max retries exceeded with url: /contacts/MiMr17epgMkhywLyYtMk/notes (Caused by NameResolutionError("<urllib3.connection.HTTPSConnection object at 0x12f3d7dc0>: Failed to resolve 'services.leadconnectorhq.com' ([Errno 8] nodename nor servname provided, or not known)"))
2026-05-30 18:51:09,411 [ERROR] Failed to get notes for contactId=Gadet0M4J74NwaPcR3qA: HTTPSConnectionPool(host='services.leadconnectorhq.com', port=443): Max retries exceeded with url: /contacts/Gadet0M4J74NwaPcR3qA/notes (Caused by NameResolutionError("<urllib3.connection.HTTPSConnection object at 0x12f6e2c40>: Failed to resolve 'services.leadconnectorhq.com' ([Errno 8] nodename nor servname provided, or not known)"))
2026-05-30 18:51:09,413 [ERROR] Failed to get notes for contactId=tLNTmG83fYnX9sHnFSLh: HTTPSConnectionPool(host='services.leadconnectorhq.com', port=443): Max retries exceeded with url: /contacts/tLNTmG83fYnX9sHnFSLh/notes (Caused by NameResolutionError("<urllib3.connection.HTTPSConnection object at 0x12f6e90d0>: Failed to resolve 'services.leadconnectorhq.com' ([Errno 8] nodename nor servname provided, or not known)"))
2026-05-30 18:51:09,416 [ERROR] Failed to get notes for contactId=8B2GdpqVxHSzv887dMUg: HTTPSConnectionPool(host='services.leadconnectorhq.com', port=443): Max retries exceeded with url: /contacts/8B2GdpqVxHSzv887dMUg/notes (Caused by NameResolutionError("<urllib3.connection.HTTPSConnection object at 0x12fab4220>: Failed to resolve 'services.leadconnectorhq.com' ([Errno 8] nodename nor servname provided, or not known)"))
2026-05-30 18:51:09,417 [ERROR] Failed to get notes for contactId=0K0zfvRNxeIX8x5mJm2c: HTTPSConnectionPool(host='services.leadconnectorhq.com', port=443): Max retries exceeded with url: /contacts/0K0zfvRNxeIX8x5mJm2c/notes (Caused by NameResolutionError("<urllib3.connection.HTTPSConnection object at 0x12f8fd550>: Failed to resolve 'services.leadconnectorhq.com' ([Errno 8] nodename nor servname provided, or not known)"))
2026-05-30 18:51:09,419 [ERROR] Failed to get notes for contactId=adkyMZXI0gexrzZbxQII: HTTPSConnectionPool(host='services.leadconnectorhq.com', port=443): Max retries exceeded with url: /contacts/adkyMZXI0gexrzZbxQII/notes (Caused by NameResolutionError("<urllib3.connection.HTTPSConnection object at 0x12faea040>: Failed to resolve 'services.leadconnectorhq.com' ([Errno 8] nodename nor servname provided, or not known)"))
2026-05-30 18:51:09,421 [ERROR] Failed to get notes for contactId=mXxbcB9A1mCfCNog9gvY: HTTPSConnectionPool(host='services.leadconnectorhq.com', port=443): Max retries exceeded with url: /contacts/mXxbcB9A1mCfCNog9gvY/notes (Caused by NameResolutionError("<urllib3.connection.HTTPSConnection object at 0x12faeadf0>: Failed to resolve 'services.leadconnectorhq.com' ([Errno 8] nodename nor servname provided, or not known)"))
2026-05-30 18:51:09,423 [ERROR] Failed to get notes for contactId=1zvCtHXUfemYdZUwO6FI: HTTPSConnectionPool(host='services.leadconnectorhq.com', port=443): Max retries exceeded with url: /contacts/1zvCtHXUfemYdZUwO6FI/notes (Caused by NameResolutionError("<urllib3.connection.HTTPSConnection object at 0x12faea880>: Failed to resolve 'services.leadconnectorhq.com' ([Errno 8] nodename nor servname provided, or not known)"))
2026-05-30 18:51:09,425 [ERROR] Failed to get notes for contactId=Jrnm3wDGZU4ICR72e4Yg: HTTPSConnectionPool(host='services.leadconnectorhq.com', port=443): Max retries exceeded with url: /contacts/Jrnm3wDGZU4ICR72e4Yg/notes (Caused by NameResolutionError("<urllib3.connection.HTTPSConnection object at 0x12faf5520>: Failed to resolve 'services.leadconnectorhq.com' ([Errno 8] nodename nor servname provided, or not known)"))
2026-05-30 18:51:09,426 [ERROR] Failed to get notes for contactId=qTOTRQl7klVtpJxTGA4C: HTTPSConnectionPool(host='services.leadconnectorhq.com', port=443): Max retries exceeded with url: /contacts/qTOTRQl7klVtpJxTGA4C/notes (Caused by NameResolutionError("<urllib3.connection.HTTPSConnection object at 0x12f6902e0>: Failed to resolve 'services.leadconnectorhq.com' ([Errno 8] nodename nor servname provided, or not known)"))
2026-05-30 18:51:09,428 [ERROR] Failed to get notes for contactId=obIhPj6aYwzcr52Nw1oa: HTTPSConnectionPool(host='services.leadconnectorhq.com', port=443): Max retries exceeded with url: /contacts/obIhPj6aYwzcr52Nw1oa/notes (Caused by NameResolutionError("<urllib3.connection.HTTPSConnection object at 0x12fab4190>: Failed to resolve 'services.leadconnectorhq.com' ([Errno 8] nodename nor servname provided, or not known)"))
2026-05-30 18:51:09,430 [ERROR] Failed to get notes for contactId=sJohxkalBl4JGsslism1: HTTPSConnectionPool(host='services.leadconnectorhq.com', port=443): Max retries exceeded with url: /contacts/sJohxkalBl4JGsslism1/notes (Caused by NameResolutionError("<urllib3.connection.HTTPSConnection object at 0x12f6e9970>: Failed to resolve 'services.leadconnectorhq.com' ([Errno 8] nodename nor servname provided, or not known)"))
2026-05-30 18:51:09,431 [ERROR] Failed to get notes for contactId=UAy2LIKawZ026PXe8xQa: HTTPSConnectionPool(host='services.leadconnectorhq.com', port=443): Max retries exceeded with url: /contacts/UAy2LIKawZ026PXe8xQa/notes (Caused by NameResolutionError("<urllib3.connection.HTTPSConnection object at 0x12f6e2e20>: Failed to resolve 'services.leadconnectorhq.com' ([Errno 8] nodename nor servname provided, or not known)"))
2026-05-30 18:51:09,433 [ERROR] Failed to get notes for contactId=ROqdddn2LeZl295k2Kxj: HTTPSConnectionPool(host='services.leadconnectorhq.com', port=443): Max retries exceeded with url: /contacts/ROqdddn2LeZl295k2Kxj/notes (Caused by NameResolutionError("<urllib3.connection.HTTPSConnection object at 0x12f6f6ac0>: Failed to resolve 'services.leadconnectorhq.com' ([Errno 8] nodename nor servname provided, or not known)"))
2026-05-30 18:51:09,435 [ERROR] Failed to get notes for contactId=uIhrvuRbjj0zGL96Zl1u: HTTPSConnectionPool(host='services.leadconnectorhq.com', port=443): Max retries exceeded with url: /contacts/uIhrvuRbjj0zGL96Zl1u/notes (Caused by NameResolutionError("<urllib3.connection.HTTPSConnection object at 0x12f6e9820>: Failed to resolve 'services.leadconnectorhq.com' ([Errno 8] nodename nor servname provided, or not known)"))
2026-05-30 18:51:09,436 [ERROR] Failed to get notes for contactId=xJN96lirevthHadYDVF0: HTTPSConnectionPool(host='services.leadconnectorhq.com', port=443): Max retries exceeded with url: /contacts/xJN96lirevthHadYDVF0/notes (Caused by NameResolutionError("<urllib3.connection.HTTPSConnection object at 0x12fab4e20>: Failed to resolve 'services.leadconnectorhq.com' ([Errno 8] nodename nor servname provided, or not known)"))
2026-05-30 18:51:09,438 [ERROR] Failed to get notes for contactId=K5YakUJ60YYgb0KuRBfq: HTTPSConnectionPool(host='services.leadconnectorhq.com', port=443): Max retries exceeded with url: /contacts/K5YakUJ60YYgb0KuRBfq/notes (Caused by NameResolutionError("<urllib3.connection.HTTPSConnection object at 0x12f6902e0>: Failed to resolve 'services.leadconnectorhq.com' ([Errno 8] nodename nor servname provided, or not known)"))
2026-05-30 18:51:09,439 [ERROR] Failed to get notes for contactId=H8otRc8dBONR2k4guDW7: HTTPSConnectionPool(host='services.leadconnectorhq.com', port=443): Max retries exceeded with url: /contacts/H8otRc8dBONR2k4guDW7/notes (Caused by NameResolutionError("<urllib3.connection.HTTPSConnection object at 0x12faf52b0>: Failed to resolve 'services.leadconnectorhq.com' ([Errno 8] nodename nor servname provided, or not known)"))
2026-05-30 18:51:09,441 [ERROR] Failed to get notes for contactId=Hi98guxrP4CWJCpXBe0v: HTTPSConnectionPool(host='services.leadconnectorhq.com', port=443): Max retries exceeded with url: /contacts/Hi98guxrP4CWJCpXBe0v/notes (Caused by NameResolutionError("<urllib3.connection.HTTPSConnection object at 0x12faeacd0>: Failed to resolve 'services.leadconnectorhq.com' ([Errno 8] nodename nor servname provided, or not known)"))
2026-05-30 18:51:09,442 [ERROR] Failed to get notes for contactId=JDMVKRb7LFDK7rmcs6Be: HTTPSConnectionPool(host='services.leadconnectorhq.com', port=443): Max retries exceeded with url: /contacts/JDMVKRb7LFDK7rmcs6Be/notes (Caused by NameResolutionError("<urllib3.connection.HTTPSConnection object at 0x12faea1f0>: Failed to resolve 'services.leadconnectorhq.com' ([Errno 8] nodename nor servname provided, or not known)"))
2026-05-30 18:51:09,444 [ERROR] Failed to get notes for contactId=GeaR5OXcrMO8H7ilg5BE: HTTPSConnectionPool(host='services.leadconnectorhq.com', port=443): Max retries exceeded with url: /contacts/GeaR5OXcrMO8H7ilg5BE/notes (Caused by NameResolutionError("<urllib3.connection.HTTPSConnection object at 0x12f8fd9d0>: Failed to resolve 'services.leadconnectorhq.com' ([Errno 8] nodename nor servname provided, or not known)"))
2026-05-30 18:51:09,445 [ERROR] Failed to get notes for contactId=m0y37cGKS27m0QPjqGJZ: HTTPSConnectionPool(host='services.leadconnectorhq.com', port=443): Max retries exceeded with url: /contacts/m0y37cGKS27m0QPjqGJZ/notes (Caused by NameResolutionError("<urllib3.connection.HTTPSConnection object at 0x12fab4cd0>: Failed to resolve 'services.leadconnectorhq.com' ([Errno 8] nodename nor servname provided, or not known)"))
2026-05-30 18:51:09,446 [ERROR] Failed to get notes for contactId=HDvrmdvSyFC6gilxiWOs: HTTPSConnectionPool(host='services.leadconnectorhq.com', port=443): Max retries exceeded with url: /contacts/HDvrmdvSyFC6gilxiWOs/notes (Caused by NameResolutionError("<urllib3.connection.HTTPSConnection object at 0x12fab4430>: Failed to resolve 'services.leadconnectorhq.com' ([Errno 8] nodename nor servname provided, or not known)"))
2026-05-30 18:51:09,448 [ERROR] Failed to get notes for contactId=8TsOCAR8wh6PMBrYuULR: HTTPSConnectionPool(host='services.leadconnectorhq.com', port=443): Max retries exceeded with url: /contacts/8TsOCAR8wh6PMBrYuULR/notes (Caused by NameResolutionError("<urllib3.connection.HTTPSConnection object at 0x12f6e2df0>: Failed to resolve 'services.leadconnectorhq.com' ([Errno 8] nodename nor servname provided, or not known)"))
2026-05-30 18:51:09,449 [ERROR] Failed to get notes for contactId=80BDpxW6evJk85qqTU2r: HTTPSConnectionPool(host='services.leadconnectorhq.com', port=443): Max retries exceeded with url: /contacts/80BDpxW6evJk85qqTU2r/notes (Caused by NameResolutionError("<urllib3.connection.HTTPSConnection object at 0x12faea730>: Failed to resolve 'services.leadconnectorhq.com' ([Errno 8] nodename nor servname provided, or not known)"))
2026-05-30 18:51:09,450 [ERROR] Failed to get notes for contactId=u6eQ93U5Ywos79iWiJ86: HTTPSConnectionPool(host='services.leadconnectorhq.com', port=443): Max retries exceeded with url: /contacts/u6eQ93U5Ywos79iWiJ86/notes (Caused by NameResolutionError("<urllib3.connection.HTTPSConnection object at 0x12f7eef40>: Failed to resolve 'services.leadconnectorhq.com' ([Errno 8] nodename nor servname provided, or not known)"))
2026-05-30 18:51:09,451 [ERROR] Failed to get notes for contactId=UUGFddsPBZG6DD2ytrUT: HTTPSConnectionPool(host='services.leadconnectorhq.com', port=443): Max retries exceeded with url: /contacts/UUGFddsPBZG6DD2ytrUT/notes (Caused by NameResolutionError("<urllib3.connection.HTTPSConnection object at 0x12f6e2e20>: Failed to resolve 'services.leadconnectorhq.com' ([Errno 8] nodename nor servname provided, or not known)"))
2026-05-30 18:51:09,453 [ERROR] Failed to get notes for contactId=HLlsZKllB7pKTdRw2WlN: HTTPSConnectionPool(host='services.leadconnectorhq.com', port=443): Max retries exceeded with url: /contacts/HLlsZKllB7pKTdRw2WlN/notes (Caused by NameResolutionError("<urllib3.connection.HTTPSConnection object at 0x12f7dc4c0>: Failed to resolve 'services.leadconnectorhq.com' ([Errno 8] nodename nor servname provided, or not known)"))
2026-05-30 18:51:09,454 [ERROR] Failed to get notes for contactId=TObj93bTY4PJyO5aNHvD: HTTPSConnectionPool(host='services.leadconnectorhq.com', port=443): Max retries exceeded with url: /contacts/TObj93bTY4PJyO5aNHvD/notes (Caused by NameResolutionError("<urllib3.connection.HTTPSConnection object at 0x12fab41f0>: Failed to resolve 'services.leadconnectorhq.com' ([Errno 8] nodename nor servname provided, or not known)"))
2026-05-30 18:51:09,455 [ERROR] Failed to get notes for contactId=QvNDts5NAw6fphseGN0Q: HTTPSConnectionPool(host='services.leadconnectorhq.com', port=443): Max retries exceeded with url: /contacts/QvNDts5NAw6fphseGN0Q/notes (Caused by NameResolutionError("<urllib3.connection.HTTPSConnection object at 0x12f8fd370>: Failed to resolve 'services.leadconnectorhq.com' ([Errno 8] nodename nor servname provided, or not known)"))
2026-05-30 18:51:09,456 [ERROR] Failed to get notes for contactId=MqsVBBGVe7iOU3iKjdox: HTTPSConnectionPool(host='services.leadconnectorhq.com', port=443): Max retries exceeded with url: /contacts/MqsVBBGVe7iOU3iKjdox/notes (Caused by NameResolutionError("<urllib3.connection.HTTPSConnection object at 0x12f6f2b50>: Failed to resolve 'services.leadconnectorhq.com' ([Errno 8] nodename nor servname provided, or not known)"))
2026-05-30 18:51:09,458 [ERROR] Failed to get notes for contactId=aKne5qEsrEtwFmOiwj8h: HTTPSConnectionPool(host='services.leadconnectorhq.com', port=443): Max retries exceeded with url: /contacts/aKne5qEsrEtwFmOiwj8h/notes (Caused by NameResolutionError("<urllib3.connection.HTTPSConnection object at 0x12f6cf400>: Failed to resolve 'services.leadconnectorhq.com' ([Errno 8] nodename nor servname provided, or not known)"))
2026-05-30 18:51:09,461 [ERROR] Failed to get notes for contactId=foa1fymTFOdr6hYYj0ss: HTTPSConnectionPool(host='services.leadconnectorhq.com', port=443): Max retries exceeded with url: /contacts/foa1fymTFOdr6hYYj0ss/notes (Caused by NameResolutionError("<urllib3.connection.HTTPSConnection object at 0x12f8fd040>: Failed to resolve 'services.leadconnectorhq.com' ([Errno 8] nodename nor servname provided, or not known)"))
2026-05-30 18:51:09,463 [ERROR] Failed to get notes for contactId=HGPkgwfcdAMxsmBPPwmD: HTTPSConnectionPool(host='services.leadconnectorhq.com', port=443): Max retries exceeded with url: /contacts/HGPkgwfcdAMxsmBPPwmD/notes (Caused by NameResolutionError("<urllib3.connection.HTTPSConnection object at 0x12fab4820>: Failed to resolve 'services.leadconnectorhq.com' ([Errno 8] nodename nor servname provided, or not known)"))
2026-05-30 18:51:09,465 [ERROR] Failed to get notes for contactId=dK3GtJOdBtMY3ufXhj6p: HTTPSConnectionPool(host='services.leadconnectorhq.com', port=443): Max retries exceeded with url: /contacts/dK3GtJOdBtMY3ufXhj6p/notes (Caused by NameResolutionError("<urllib3.connection.HTTPSConnection object at 0x12f7dc4c0>: Failed to resolve 'services.leadconnectorhq.com' ([Errno 8] nodename nor servname provided, or not known)"))
2026-05-30 18:51:09,466 [ERROR] Failed to get notes for contactId=Hydgu8M0AbgZZk3rJLXW: HTTPSConnectionPool(host='services.leadconnectorhq.com', port=443): Max retries exceeded with url: /contacts/Hydgu8M0AbgZZk3rJLXW/notes (Caused by NameResolutionError("<urllib3.connection.HTTPSConnection object at 0x12f6e2b50>: Failed to resolve 'services.leadconnectorhq.com' ([Errno 8] nodename nor servname provided, or not known)"))
2026-05-30 18:51:09,467 [ERROR] Failed to get notes for contactId=CRlF2nUZYBjL99nQW6ow: HTTPSConnectionPool(host='services.leadconnectorhq.com', port=443): Max retries exceeded with url: /contacts/CRlF2nUZYBjL99nQW6ow/notes (Caused by NameResolutionError("<urllib3.connection.HTTPSConnection object at 0x12faeacd0>: Failed to resolve 'services.leadconnectorhq.com' ([Errno 8] nodename nor servname provided, or not known)"))
2026-05-30 18:51:09,468 [ERROR] Failed to get notes for contactId=tgf4sPU5fXGSVySOJzRf: HTTPSConnectionPool(host='services.leadconnectorhq.com', port=443): Max retries exceeded with url: /contacts/tgf4sPU5fXGSVySOJzRf/notes (Caused by NameResolutionError("<urllib3.connection.HTTPSConnection object at 0x12fabf910>: Failed to resolve 'services.leadconnectorhq.com' ([Errno 8] nodename nor servname provided, or not known)"))
2026-05-30 18:51:09,470 [ERROR] Failed to get notes for contactId=Q9HdjpWCuNCUk6juoQh8: HTTPSConnectionPool(host='services.leadconnectorhq.com', port=443): Max retries exceeded with url: /contacts/Q9HdjpWCuNCUk6juoQh8/notes (Caused by NameResolutionError("<urllib3.connection.HTTPSConnection object at 0x12fabfca0>: Failed to resolve 'services.leadconnectorhq.com' ([Errno 8] nodename nor servname provided, or not known)"))
2026-05-30 18:51:09,470 [INFO] ============================================================
2026-05-30 18:51:09,470 [INFO] Phase 2: Create call notes (oldest → newest)
2026-05-30 18:51:09,470 [INFO] ============================================================
2026-05-30 18:51:09,470 [INFO] [1/2807] Tina Smothers (1.1.24)
2026-05-30 18:51:09,470 [INFO] [2/2807] Paul Davis (1.1.24)
2026-05-30 18:51:09,470 [INFO] [3/2807] Joe Hansen (1.1.24)
2026-05-30 18:51:09,470 [INFO] [4/2807] Bryan Witherwax (1.1.24)
2026-05-30 18:51:09,470 [INFO] [5/2807] Jeff Stanbrough (1.1.24)
2026-05-30 18:51:09,470 [INFO] [6/2807] John Larson (1.1.24)
2026-05-30 18:51:09,470 [INFO] [7/2807] Mukesh Taya (1.1.24)
2026-05-30 18:51:09,470 [INFO] [8/2807] Justin Washburn (1.1.24)
2026-05-30 18:51:09,470 [INFO] [9/2807] Mike Hutchinson (1.1.24)
2026-05-30 18:51:09,470 [INFO] [10/2807] Paul Butterfield (1.1.24)
2026-05-30 18:51:09,470 [INFO] [11/2807] Gerry Manning (1.1.24)
2026-05-30 18:51:09,470 [INFO] [12/2807] Brian Martin (1.1.24)
2026-05-30 18:51:09,470 [INFO] [13/2807] Michael Erickson (1.1.24)
2026-05-30 18:51:09,470 [INFO] [14/2807] Tedi Nati (1.1.24)
2026-05-30 18:51:09,471 [INFO] [15/2807] Bill Kalianov (1.1.24)
2026-05-30 18:51:09,471 [INFO] [16/2807] Dan Doyle (1.1.24)
2026-05-30 18:51:09,471 [INFO] [17/2807] Mark Donahoe (1.1.24)
2026-05-30 18:51:09,471 [INFO] [18/2807] Cherian Koshy (1.8.24)
2026-05-30 18:51:09,471 [INFO] [19/2807] Craig Anfinson (1.8.24)
2026-05-30 18:51:09,471 [INFO] [20/2807] David Barker (1.8.24)
2026-05-30 18:51:09,471 [INFO] [21/2807] Eric Fitzgerald (1.8.24)
2026-05-30 18:51:09,471 [INFO] [22/2807] Eric Himmelsbach (1.8.24)
2026-05-30 18:51:09,471 [INFO] [23/2807] Eric Ingvall (1.8.24)
2026-05-30 18:51:09,471 [INFO] [24/2807] Eric Lewis (1.8.24)
2026-05-30 18:51:09,471 [INFO] [25/2807] Eric McCormick (1.8.24)
2026-05-30 18:51:09,471 [INFO] [26/2807] Bruce Klink (1.8.24)
2026-05-30 18:51:09,471 [INFO] [27/2807] Bryant Abel (1.8.24)
2026-05-30 18:51:09,471 [INFO] [28/2807] Carl Wiederaenders (1.8.24)
2026-05-30 18:51:09,471 [INFO] [29/2807] Charles Wheeler Sr (1.8.24)
2026-05-30 18:51:09,471 [INFO] [30/2807] Charlie Wheeler Jr (1.8.24)
2026-05-30 18:51:09,471 [INFO] [31/2807] Chris Black (1.8.24)
2026-05-30 18:51:09,471 [INFO] [32/2807] Chris Chiaramonte (1.8.24)
2026-05-30 18:51:09,471 [INFO] [33/2807] Chris Salazar (1.8.24)
2026-05-30 18:51:09,471 [INFO] [34/2807] Cody Shepard (1.8.24)
2026-05-30 18:51:09,471 [INFO] [35/2807] Darsh Desai (1.8.24)
2026-05-30 18:51:09,471 [INFO] [36/2807] Dennis Carroll (1.8.24)
2026-05-30 18:51:09,471 [INFO] [37/2807] Dennis Ramsey (1.8.24)
2026-05-30 18:51:09,471 [INFO] [38/2807] Dennis Tierney (1.8.24)
2026-05-30 18:51:09,471 [INFO] [39/2807] Bishal Shrestha (1.8.24)
2026-05-30 18:51:09,471 [INFO] [40/2807] Brad Houser (1.8.24)
2026-05-30 18:51:09,471 [INFO] [41/2807] Brad Vander Linden (1.8.24)
2026-05-30 18:51:09,471 [INFO] [42/2807] Brandon Hughes (1.8.24)
2026-05-30 18:51:09,471 [INFO] [43/2807] Brent Dahlstrom (1.8.24)
2026-05-30 18:51:09,471 [INFO] [44/2807] Brice Laux (1.8.24)
2026-05-30 18:51:09,471 [INFO] [45/2807] Catherine Payvandi (1.8.24)
2026-05-30 18:51:09,471 [INFO] [46/2807] Chad Detweiler (1.8.24)
2026-05-30 18:51:09,471 [INFO] [47/2807] Chad Langemeier (1.8.24)
2026-05-30 18:51:09,471 [INFO] [48/2807] Chad Welsh (1.8.24)
2026-05-30 18:51:09,471 [INFO] [49/2807] Charles O'Griffin (1.8.24)
2026-05-30 18:51:09,471 [INFO] [50/2807] Steve Ames (1.8.24)
2026-05-30 18:51:09,471 [INFO] [51/2807] Stephan Ward (1.8.24)
2026-05-30 18:51:09,471 [INFO] [52/2807] Aaron Bernard (1.8.24)
2026-05-30 18:51:09,471 [INFO] [53/2807] Tyler Tompkins (1.8.24)
2026-05-30 18:51:09,471 [INFO] [54/2807] Teddy Mohlman (1.8.24)
2026-05-30 18:51:09,471 [INFO] [55/2807] Adam Roepke (1.8.24)
2026-05-30 18:51:09,471 [INFO] [56/2807] Brian James (1.8.24)
2026-05-30 18:51:09,471 [INFO] [57/2807] Greg Danielson (1.15.24)
2026-05-30 18:51:09,471 [INFO] [58/2807] Hamid Safdari (1.15.24)
2026-05-30 18:51:09,471 [INFO] [59/2807] Jeff Osborn (1.15.24)
2026-05-30 18:51:09,471 [INFO] [60/2807] Jeff Stark (1.15.24)
2026-05-30 18:51:09,471 [INFO] [61/2807] Joe Davitt (1.15.24)
2026-05-30 18:51:09,471 [INFO] [62/2807] Justin Madsen (1.15.24)
2026-05-30 18:51:09,471 [INFO] [63/2807] Ken Wick (1.15.24)
2026-05-30 18:51:09,471 [INFO] [64/2807] Kyle Galloway (1.15.24)
2026-05-30 18:51:09,471 [INFO] [65/2807] Lee Paulson (1.15.24)
2026-05-30 18:51:09,471 [INFO] [66/2807] Levi Franzen (1.15.24)
2026-05-30 18:51:09,471 [INFO] [67/2807] Drew Heberer (1.15.24)
2026-05-30 18:51:09,471 [INFO] [68/2807] Duane Vander Leest (1.15.24)
2026-05-30 18:51:09,471 [INFO] [69/2807] Dustin Kupka (1.15.24)
2026-05-30 18:51:09,471 [INFO] [70/2807] Elizabeth Christenson (1.15.24)
2026-05-30 18:51:09,471 [INFO] [71/2807] Eric Daniels (1.15.24)
2026-05-30 18:51:09,471 [INFO] [72/2807] Eric Harlan (1.15.24)
2026-05-30 18:51:09,471 [INFO] [73/2807] Eric Himmelsbach (1.15.24)
2026-05-30 18:51:09,471 [INFO] [74/2807] Eric Lynner (1.15.24)
2026-05-30 18:51:09,471 [INFO] [75/2807] Frank Levy (1.15.24)
2026-05-30 18:51:09,471 [INFO] [76/2807] Gabe Molstre (1.15.24)
2026-05-30 18:51:09,471 [INFO] [77/2807] Gary Gilbert (1.15.24)
2026-05-30 18:51:09,471 [INFO] [78/2807] Gerry Ambrose (1.15.24)
2026-05-30 18:51:09,471 [INFO] [79/2807] Graham Garnos (1.15.24)
2026-05-30 18:51:09,471 [INFO] [80/2807] Guy Varble (1.15.24)
2026-05-30 18:51:09,471 [INFO] [81/2807] Harvey Miller (1.15.24)
2026-05-30 18:51:09,471 [INFO] [82/2807] Ian Schwickert (1.15.24)
2026-05-30 18:51:09,471 [INFO] [83/2807] Israel Garavito (1.15.24)
2026-05-30 18:51:09,471 [INFO] [84/2807] Jacob Mosqueda (1.15.24)
2026-05-30 18:51:09,472 [INFO] [85/2807] Chong Lee (1.15.24)
2026-05-30 18:51:09,472 [INFO] [86/2807] Chris Greer (1.15.24)
2026-05-30 18:51:09,472 [INFO] [87/2807] Chris Rozek (1.15.24)
2026-05-30 18:51:09,472 [INFO] [88/2807] Christopher Sanders (1.15.24)
2026-05-30 18:51:09,472 [INFO] [89/2807] Cory Gamble (1.15.24)
2026-05-30 18:51:09,472 [INFO] [90/2807] Craig Farlinger (1.15.24)
2026-05-30 18:51:09,472 [INFO] [91/2807] Daniel Kramer (1.15.24)
2026-05-30 18:51:09,472 [INFO] [92/2807] Daniel O'Connor (1.15.24)
2026-05-30 18:51:09,472 [INFO] [93/2807] Dennis Resh (1.15.24)
2026-05-30 18:51:09,472 [INFO] [94/2807] Darsh Desai (1.15.24)
2026-05-30 18:51:09,472 [INFO] [95/2807] Kirk Lautensleger at (1.15.24)
2026-05-30 18:51:09,472 [INFO] [96/2807] Jason Grove (1.15.24)
2026-05-30 18:51:09,472 [INFO] [97/2807] Dennis Coon (1.15.24)
2026-05-30 18:51:09,472 [INFO] [98/2807] Roberta McAfee (1.15.24)
2026-05-30 18:51:09,472 [INFO] [99/2807] Matt Forsum (1.15.24)
2026-05-30 18:51:09,472 [INFO] [100/2807] Steve Ames (1.15.24)
2026-05-30 18:51:09,472 [INFO] [101/2807] Misty Carver (1.15.24)
2026-05-30 18:51:09,472 [INFO] [102/2807] Stephen Catarinella - CapREIT - https://www.capreit.com/about-us/executive-leadership/ (1.15.24)
2026-05-30 18:51:09,472 [INFO] [103/2807] Eric Ingvall (1.15.24)
2026-05-30 18:51:09,472 [INFO] [104/2807] Matt Blickenderfer (1.15.24)
2026-05-30 18:51:09,472 [INFO] [105/2807] Leif Anderson (1.15.24)
2026-05-30 18:51:09,472 [INFO] [106/2807] JB Conlin (1.15.24)
2026-05-30 18:51:09,472 [INFO] [107/2807] Marco Miranda (1.22.24)
2026-05-30 18:51:09,472 [INFO] [108/2807] Marcus Carris (1.22.24)
2026-05-30 18:51:09,472 [INFO] [109/2807] Matt Blickenderfer (1.22.24)
2026-05-30 18:51:09,472 [INFO] [110/2807] Matt DeBoth (1.22.24)
2026-05-30 18:51:09,472 [INFO] [111/2807] Matt Forsum (1.22.24)
2026-05-30 18:51:09,472 [INFO] [112/2807] Michael Hills (1.22.24)
2026-05-30 18:51:09,472 [INFO] [113/2807] Mike Nixon (1.22.24)
2026-05-30 18:51:09,472 [INFO] [114/2807] Misty Carver (1.22.24)
2026-05-30 18:51:09,472 [INFO] [115/2807] Jake Christensen (1.22.24)
2026-05-30 18:51:09,472 [INFO] [116/2807] Jake Miller (1.22.24)
2026-05-30 18:51:09,472 [INFO] [117/2807] James Morrow (1.22.24)
2026-05-30 18:51:09,472 [INFO] [118/2807] Jason Grove (1.22.24)
2026-05-30 18:51:09,472 [INFO] [119/2807] Jason Smith (1.22.24)
2026-05-30 18:51:09,472 [INFO] [120/2807] Jasvinder Kakar (1.22.24)
2026-05-30 18:51:09,472 [INFO] [121/2807] Jb Conlin (1.22.24)
2026-05-30 18:51:09,472 [INFO] [122/2807] Jeanette Webb (1.22.24)
2026-05-30 18:51:09,472 [INFO] [123/2807] Jeff Knake (1.22.24)
2026-05-30 18:51:09,472 [INFO] [124/2807] Jeff Schachtner (1.22.24)
2026-05-30 18:51:09,472 [INFO] [125/2807] Jeff Stanbrough (1.22.24)
2026-05-30 18:51:09,472 [INFO] [126/2807] Jeff Sullivan (1.22.24)
2026-05-30 18:51:09,472 [INFO] [127/2807] Jim Farmer (1.22.24)
2026-05-30 18:51:09,472 [INFO] [128/2807] Jim Haertjens (1.22.24)
2026-05-30 18:51:09,472 [INFO] [129/2807] Jim Isenhart (1.22.24)
2026-05-30 18:51:09,472 [INFO] [130/2807] Joe Bryant (1.22.24)
2026-05-30 18:51:09,472 [INFO] [131/2807] Joe Cover (1.22.24)
2026-05-30 18:51:09,472 [INFO] [132/2807] Joe Ekis (1.22.24)
2026-05-30 18:51:09,472 [INFO] [133/2807] John Brees (1.22.24)
2026-05-30 18:51:09,472 [INFO] [134/2807] John Chickering (1.22.24)
2026-05-30 18:51:09,472 [INFO] [135/2807] John Kline (1.22.24)
2026-05-30 18:51:09,472 [INFO] [136/2807] John Larson (1.22.24)
2026-05-30 18:51:09,472 [INFO] [137/2807] Jon Engelman (1.22.24)
2026-05-30 18:51:09,472 [INFO] [138/2807] Don Nenninger (1.22.24)
2026-05-30 18:51:09,472 [INFO] [139/2807] Drew Coffin (1.22.24)
2026-05-30 18:51:09,472 [INFO] [140/2807] Dustin Salmon (1.22.24)
2026-05-30 18:51:09,472 [INFO] [141/2807] Eric Boatwright (1.22.24)
2026-05-30 18:51:09,472 [INFO] [142/2807] Eric Nemeyer (1.22.24)
2026-05-30 18:51:09,472 [INFO] [143/2807] Gaurav Bhalla (1.22.24)
2026-05-30 18:51:09,472 [INFO] [144/2807] Gautam Gour (1.22.24)
2026-05-30 18:51:09,472 [INFO] [145/2807] Gene Song (1.22.24)
2026-05-30 18:51:09,472 [INFO] [146/2807] Eric McCormick (1.22.24)
2026-05-30 18:51:09,472 [INFO] [147/2807] Mason Bear (1.22.24)
2026-05-30 18:51:09,472 [INFO] [148/2807] Andy Kouri (1.22.24)
2026-05-30 18:51:09,472 [INFO] [149/2807] Scott Peck (1.22.24)
2026-05-30 18:51:09,472 [INFO] [150/2807] Mike Boge (1.22.24)
2026-05-30 18:51:09,472 [INFO] [151/2807] Dan Doyle (1.22.24)
2026-05-30 18:51:09,472 [INFO] [152/2807] Britt Randall (1.22.24)
2026-05-30 18:51:09,472 [INFO] [153/2807] Ryan Cahalan (1.22.24)
2026-05-30 18:51:09,472 [INFO] [154/2807] Reike Plecas (1.22.24)
2026-05-30 18:51:09,472 [INFO] [155/2807] Paul Davis (1.29.24)
2026-05-30 18:51:09,472 [INFO] [156/2807] Prabhjot Singh (1.29.24)
2026-05-30 18:51:09,472 [INFO] [157/2807] Richard Hutsell (1.29.24)
2026-05-30 18:51:09,472 [INFO] [158/2807] Roger Langpaul (1.29.24)
2026-05-30 18:51:09,473 [INFO] [159/2807] Ryan Cahalan (1.29.24)
2026-05-30 18:51:09,473 [INFO] [160/2807] Ryan Galloway (1.29.24)
2026-05-30 18:51:09,473 [INFO] [161/2807] Ted Oswald (1.29.24)
2026-05-30 18:51:09,473 [INFO] [162/2807] Teddy Mohlman (1.29.24)
2026-05-30 18:51:09,473 [INFO] [163/2807] Terrance Doyle (1.29.24)
2026-05-30 18:51:09,473 [INFO] [164/2807] Joseph Wolfgram (1.29.24)
2026-05-30 18:51:09,473 [INFO] [165/2807] Judy Lampe (1.29.24)
2026-05-30 18:51:09,473 [INFO] [166/2807] Justin Elliott (1.29.24)
2026-05-30 18:51:09,473 [INFO] [167/2807] Justin Marshall (1.29.24)
2026-05-30 18:51:09,473 [INFO] [168/2807] Kamal Aderibigbe (1.29.24)
2026-05-30 18:51:09,473 [INFO] [169/2807] Karl Keeler (1.29.24)
2026-05-30 18:51:09,473 [INFO] [170/2807] Karrie Kading (1.29.24)
2026-05-30 18:51:09,473 [INFO] [171/2807] Kathy Bradshaw (1.29.24)
2026-05-30 18:51:09,473 [INFO] [172/2807] Kelly Farley (1.29.24)
2026-05-30 18:51:09,473 [INFO] [173/2807] Kent Lehs (1.29.24)
2026-05-30 18:51:09,473 [INFO] [174/2807] Kevin Russell (1.29.24)
2026-05-30 18:51:09,473 [INFO] [175/2807] Kristyn Arnold (1.29.24)
2026-05-30 18:51:09,473 [INFO] [176/2807] Kyle Ellensohn (1.29.24)
2026-05-30 18:51:09,473 [INFO] [177/2807] Larry Scott (1.29.24)
2026-05-30 18:51:09,473 [INFO] [178/2807] Lisa Wirth (1.29.24)
2026-05-30 18:51:09,473 [INFO] [179/2807] Genevieve Barros (1.29.24)
2026-05-30 18:51:09,473 [INFO] [180/2807] Georgie Riley (1.29.24)
2026-05-30 18:51:09,473 [INFO] [181/2807] Greg Dryden (1.29.24)
2026-05-30 18:51:09,473 [INFO] [182/2807] Greg Givanoff (1.29.24)
2026-05-30 18:51:09,473 [INFO] [183/2807] Greg McLaughlin (1.29.24)
2026-05-30 18:51:09,473 [INFO] [184/2807] Gregory A Jasper (1.29.24)
2026-05-30 18:51:09,473 [INFO] [185/2807] Gregory Steffensmeier (1.29.24)
2026-05-30 18:51:09,473 [INFO] [186/2807] Harry Feng (1.29.24)
2026-05-30 18:51:09,473 [INFO] [187/2807] Hunter Bradford (1.29.24)
2026-05-30 18:51:09,473 [INFO] [188/2807] Hunter Washburn (1.29.24)
2026-05-30 18:51:09,473 [INFO] [189/2807] Irfan Khan (1.29.24)
2026-05-30 18:51:09,473 [INFO] [190/2807] Jack DeLeon (1.29.24)
2026-05-30 18:51:09,473 [INFO] [191/2807] Jake Findi (1.29.24)
2026-05-30 18:51:09,473 [INFO] [192/2807] Ed Behrman (1.29.24)
2026-05-30 18:51:09,473 [INFO] [193/2807] Aaron Purcell (1.29.24)
2026-05-30 18:51:09,473 [INFO] [194/2807] Brian LaRacco (1.29.24)
2026-05-30 18:51:09,473 [INFO] [195/2807] Merle Laswell (1.29.24)
2026-05-30 18:51:09,473 [INFO] [196/2807] Roberta McAfee (1.29.24)
2026-05-30 18:51:09,473 [INFO] [197/2807] Charlie Wheeler Jr (1.29.24)
2026-05-30 18:51:09,473 [INFO] [198/2807] Gerry Manning (1.29.24)
2026-05-30 18:51:09,473 [INFO] [199/2807] Matt Forsum (1.29.24)
2026-05-30 18:51:09,473 [INFO] [200/2807] Doug Shiplett (1.29.24)
2026-05-30 18:51:09,473 [INFO] [201/2807] Andy Kouri (1.29.24)
2026-05-30 18:51:09,473 [INFO] [202/2807] Robert Farrell (1.29.24)
2026-05-30 18:51:09,473 [INFO] [203/2807] Caleb Fritzler (1.29.24)
2026-05-30 18:51:09,473 [INFO] [204/2807] Joe Goerdt (1.29.24)
2026-05-30 18:51:09,473 [INFO] [205/2807] Dan Sethi (1.29.24)
2026-05-30 18:51:09,473 [INFO] [206/2807] Tim Albright (2.5.24)
2026-05-30 18:51:09,473 [INFO] [207/2807] Tim Campbell (2.5.24)
2026-05-30 18:51:09,473 [INFO] [208/2807] Todd Scott (2.5.24)
2026-05-30 18:51:09,473 [INFO] [209/2807] Tony Hung-Nguyen (2.5.24)
2026-05-30 18:51:09,473 [INFO] [210/2807] Tyler Hogue (2.5.24)
2026-05-30 18:51:09,473 [INFO] [211/2807] Tyler Tompkins (2.5.24)
2026-05-30 18:51:09,473 [INFO] [212/2807] Virdi Baljit (2.5.24)
2026-05-30 18:51:09,473 [INFO] [213/2807] Luke Jensen (2.5.24)
2026-05-30 18:51:09,473 [INFO] [214/2807] Marija Balac (2.5.24)
2026-05-30 18:51:09,473 [INFO] [215/2807] Mark Donahoe (2.5.24)
2026-05-30 18:51:09,473 [INFO] [216/2807] Mark Nelson (2.5.24)
2026-05-30 18:51:09,473 [INFO] [217/2807] Mark Peitzman (2.5.24)
2026-05-30 18:51:09,473 [INFO] [218/2807] Mark Porter (2.5.24)
2026-05-30 18:51:09,473 [INFO] [219/2807] Mark Roberts (2.5.24)
2026-05-30 18:51:09,473 [INFO] [220/2807] Mark Theis (2.5.24)
2026-05-30 18:51:09,473 [INFO] [221/2807] Mary Frasier (2.5.24)
2026-05-30 18:51:09,473 [INFO] [222/2807] Mason Ouderkirk (2.5.24)
2026-05-30 18:51:09,473 [INFO] [223/2807] Michael Boge (2.5.24)
2026-05-30 18:51:09,473 [INFO] [224/2807] Michael Perrin (2.5.24)
2026-05-30 18:51:09,473 [INFO] [225/2807] Michael Sandvig (2.5.24)
2026-05-30 18:51:09,473 [INFO] [226/2807] Mike Berns (2.5.24)
2026-05-30 18:51:09,473 [INFO] [227/2807] Jared Whitinger (2.5.24)
2026-05-30 18:51:09,473 [INFO] [228/2807] Jason Babcock (2.5.24)
2026-05-30 18:51:09,474 [INFO] [229/2807] Jason Holland (2.5.24)
2026-05-30 18:51:09,474 [INFO] [230/2807] Jay Connor (2.5.24)
2026-05-30 18:51:09,474 [INFO] [231/2807] Jean Toledano (2.5.24)
2026-05-30 18:51:09,474 [INFO] [232/2807] Jeff Bakeris (2.5.24)
2026-05-30 18:51:09,474 [INFO] [233/2807] Jerry Floyd (2.5.24)
2026-05-30 18:51:09,474 [INFO] [234/2807] Jim Bell (2.5.24)
2026-05-30 18:51:09,474 [INFO] [235/2807] Jim Kesterson (2.5.24)
2026-05-30 18:51:09,474 [INFO] [236/2807] Joe Greaves (2.5.24)
2026-05-30 18:51:09,474 [INFO] [237/2807] Caleb Fritzler (2.5.24)
2026-05-30 18:51:09,474 [INFO] [238/2807] Matt Forsum (2.5.24)
2026-05-30 18:51:09,474 [INFO] [239/2807] Aaron Bernard (2.12.24)
2026-05-30 18:51:09,474 [INFO] [240/2807] Adam Metzker (2.12.24)
2026-05-30 18:51:09,474 [INFO] [241/2807] Aquib Ali (2.12.24)
2026-05-30 18:51:09,474 [INFO] [242/2807] Becky Hiu (2.12.24)
2026-05-30 18:51:09,474 [INFO] [243/2807] Bob Davis (2.12.24)
2026-05-30 18:51:09,474 [INFO] [244/2807] Brad Lowe (2.12.24)
2026-05-30 18:51:09,474 [INFO] [245/2807] Brian Smith (2.12.24)
2026-05-30 18:51:09,474 [INFO] [246/2807] Britt Randall (2.12.24)
2026-05-30 18:51:09,474 [INFO] [247/2807] Bruce McCann (2.12.24)
2026-05-30 18:51:09,474 [INFO] [248/2807] Caleb Fritzler (2.12.24)
2026-05-30 18:51:09,474 [INFO] [249/2807] Casey Shelton (2.12.24)
2026-05-30 18:51:09,474 [INFO] [250/2807] Chase Gochnauer (2.12.24)
2026-05-30 18:51:09,474 [INFO] [251/2807] Mike Graf (2.12.24)
2026-05-30 18:51:09,474 [INFO] [252/2807] Mike Hutchison (2.12.24)
2026-05-30 18:51:09,474 [INFO] [253/2807] Mike Panchal (2.12.24)
2026-05-30 18:51:09,474 [INFO] [254/2807] Mike Pierson (2.12.24)
2026-05-30 18:51:09,474 [INFO] [255/2807] Mikhail "Mike" Geister (2.12.24)
2026-05-30 18:51:09,474 [INFO] [256/2807] Mukesh Tayal (2.12.24)
2026-05-30 18:51:09,474 [INFO] [257/2807] Nathan Smith (2.12.24)
2026-05-30 18:51:09,474 [INFO] [258/2807] Nick Bruhn (2.12.24)
2026-05-30 18:51:09,474 [INFO] [259/2807] Nick Graham (2.12.24)
2026-05-30 18:51:09,474 [INFO] [260/2807] Nick Olson (2.12.24)
2026-05-30 18:51:09,474 [INFO] [261/2807] Nick Pierson (2.12.24)
2026-05-30 18:51:09,474 [INFO] [262/2807] Pete Schaul (2.12.24)
2026-05-30 18:51:09,474 [INFO] [263/2807] Peter Nixon (2.12.24)
2026-05-30 18:51:09,474 [INFO] [264/2807] Phillip Hatzopoulos (2.12.24)
2026-05-30 18:51:09,474 [INFO] [265/2807] Rahul Chadha (2.12.24)
2026-05-30 18:51:09,474 [INFO] [266/2807] John Galkowski (2.12.24)
2026-05-30 18:51:09,474 [INFO] [267/2807] John Joyce (2.12.24)
2026-05-30 18:51:09,474 [INFO] [268/2807] John Lassaux (2.12.24)
2026-05-30 18:51:09,474 [INFO] [269/2807] John Rader (2.12.24)
2026-05-30 18:51:09,474 [INFO] [270/2807] Jon Harding (2.12.24)
2026-05-30 18:51:09,474 [INFO] [271/2807] Jonathan Bradley (2.12.24)
2026-05-30 18:51:09,474 [INFO] [272/2807] Josh Kenitzer (2.12.24)
2026-05-30 18:51:09,474 [INFO] [273/2807] Kai Liu (2.12.24)
2026-05-30 18:51:09,474 [INFO] [274/2807] Kevin Dodson (2.12.24)
2026-05-30 18:51:09,474 [INFO] [275/2807] Kevin Owens (2.12.24)
2026-05-30 18:51:09,474 [INFO] [276/2807] Kathy Bradshaw (2.12.24)
2026-05-30 18:51:09,474 [INFO] [277/2807] Mark Peitzman (2.12.24)
2026-05-30 18:51:09,474 [INFO] [278/2807] Jason Babcock (2.12.24)
2026-05-30 18:51:09,474 [INFO] [279/2807] Jon Engelman (2.12.24)
2026-05-30 18:51:09,474 [INFO] [280/2807] Scott Cutler (2.12.24)
2026-05-30 18:51:09,474 [INFO] [281/2807] Paul Butterfield (2.12.24)
2026-05-30 18:51:09,474 [INFO] [282/2807] Cory Blood (2.12.24)
2026-05-30 18:51:09,474 [INFO] [283/2807] Cherian Koshy (2.19.24)
2026-05-30 18:51:09,474 [INFO] [284/2807] Craig Anfinson (2.19.24)
2026-05-30 18:51:09,474 [INFO] [285/2807] Daniel Doyle (2.19.24)
2026-05-30 18:51:09,474 [INFO] [286/2807] Dennis Coon (2.19.24)
2026-05-30 18:51:09,474 [INFO] [287/2807] Doug Shiplett (2.19.24)
2026-05-30 18:51:09,474 [INFO] [288/2807] Eric Fitzgerald (2.19.24)
2026-05-30 18:51:09,474 [INFO] [289/2807] Eric Ingvall (2.19.24)
2026-05-30 18:51:09,474 [INFO] [290/2807] Eric Lewis (2.19.24)
2026-05-30 18:51:09,474 [INFO] [291/2807] Eric McCormick (2.19.24)
2026-05-30 18:51:09,474 [INFO] [292/2807] Grant Lewis (2.19.24)
2026-05-30 18:51:09,474 [INFO] [293/2807] Rick Makohoniuk (2.19.24)
2026-05-30 18:51:09,474 [INFO] [294/2807] Robert Dubansky (2.19.24)
2026-05-30 18:51:09,474 [INFO] [295/2807] Robert Farrell (2.19.24)
2026-05-30 18:51:09,474 [INFO] [296/2807] Ryan Phelan (2.19.24)
2026-05-30 18:51:09,474 [INFO] [297/2807] Ryan Wildenstein (2.19.24)
2026-05-30 18:51:09,474 [INFO] [298/2807] Saurabh Aggarwal (2.19.24)
2026-05-30 18:51:09,475 [INFO] [299/2807] Scott Hubbard (2.19.24)
2026-05-30 18:51:09,475 [INFO] [300/2807] Shane Isley (2.19.24)
2026-05-30 18:51:09,475 [INFO] [301/2807] Stephen Emerson (2.19.24)
2026-05-30 18:51:09,475 [INFO] [302/2807] Stephen Roney (2.19.24)
2026-05-30 18:51:09,475 [INFO] [303/2807] Steve Cerese (2.19.24)
2026-05-30 18:51:09,475 [INFO] [304/2807] Kirsten Stumpf (2.19.24)
2026-05-30 18:51:09,475 [INFO] [305/2807] Kyle Johnson (2.19.24)
2026-05-30 18:51:09,475 [INFO] [306/2807] Lance Schaefer (2.19.24)
2026-05-30 18:51:09,475 [INFO] [307/2807] Larkin Adey (2.19.24)
2026-05-30 18:51:09,475 [INFO] [308/2807] Lee Evans (2.19.24)
2026-05-30 18:51:09,475 [INFO] [309/2807] Leo Stegman (2.19.24)
2026-05-30 18:51:09,475 [INFO] [310/2807] Lucy Weeks (2.19.24)
2026-05-30 18:51:09,475 [INFO] [311/2807] Luis Lozada (2.19.24)
2026-05-30 18:51:09,475 [INFO] [312/2807] Mack Benson (2.19.24)
2026-05-30 18:51:09,475 [INFO] [313/2807] Marcus Kuhnert (2.19.24)
2026-05-30 18:51:09,475 [INFO] [314/2807] Mark Gremler (2.19.24)
2026-05-30 18:51:09,475 [INFO] [315/2807] Matt Popilek (2.19.24)
2026-05-30 18:51:09,475 [INFO] [316/2807] Brian LaRocco (2.19.24)
2026-05-30 18:51:09,475 [INFO] [317/2807] Brad Houser (2.19.24)
2026-05-30 18:51:09,475 [INFO] [318/2807] Tyler Hogue (2.19.24)
2026-05-30 18:51:09,475 [INFO] [319/2807] Eric Lynner (2.19.24)
2026-05-30 18:51:09,475 [INFO] [320/2807] Eric Daniels (2.19.24)
2026-05-30 18:51:09,475 [INFO] [321/2807] Andy Kouri (2.19.24)
2026-05-30 18:51:09,475 [INFO] [322/2807] Saheb Sahu (2.19.24)
2026-05-30 18:51:09,475 [INFO] [323/2807] Andrew Lietzow (2.19.24)
2026-05-30 18:51:09,475 [INFO] [324/2807] Justin Washburn (2.19.24)
2026-05-30 18:51:09,475 [INFO] [325/2807] Metonic Real Estate - Trey Smith (2.19.24)
2026-05-30 18:51:09,475 [INFO] [326/2807] Marco Miranda (3.4.24)
2026-05-30 18:51:09,475 [INFO] [327/2807] Matt Blickenderfer (3.4.24)
2026-05-30 18:51:09,475 [INFO] [328/2807] Matt DeBoth (3.4.24)
2026-05-30 18:51:09,475 [INFO] [329/2807] Matt Forsum (3.4.24)
2026-05-30 18:51:09,475 [INFO] [330/2807] Adam Clark (3.4.24)
2026-05-30 18:51:09,475 [INFO] [331/2807] Al Perry (3.4.24)
2026-05-30 18:51:09,475 [INFO] [332/2807] Alex Gaylon (3.4.24)
2026-05-30 18:51:09,475 [INFO] [333/2807] Ali Pourian (3.4.24)
2026-05-30 18:51:09,475 [INFO] [334/2807] Andrew Howard (3.4.24)
2026-05-30 18:51:09,475 [INFO] [335/2807] Ben Latusek (3.4.24)
2026-05-30 18:51:09,475 [INFO] [336/2807] Bradley Baumler (3.4.24)
2026-05-30 18:51:09,475 [INFO] [337/2807] Brandon Arends (3.4.24)
2026-05-30 18:51:09,475 [INFO] [338/2807] Brandon Foldes (3.4.24)
2026-05-30 18:51:09,475 [INFO] [339/2807] Brandon Pratt (3.4.24)
2026-05-30 18:51:09,475 [INFO] [340/2807] Brian Blankenburg (3.4.24)
2026-05-30 18:51:09,475 [INFO] [341/2807] Joe Hansen (3.4.24)
2026-05-30 18:51:09,475 [INFO] [342/2807] Nchai Khang (3.4.24)
2026-05-30 18:51:09,475 [INFO] [343/2807] Nick Faselt (3.4.24)
2026-05-30 18:51:09,475 [INFO] [344/2807] Nick Lankford (3.4.24)
2026-05-30 18:51:09,475 [INFO] [345/2807] Paul Maloney (3.4.24)
2026-05-30 18:51:09,475 [INFO] [346/2807] Richard Marguiles (3.4.24)
2026-05-30 18:51:09,475 [INFO] [347/2807] Riley Boyle (3.4.24)
2026-05-30 18:51:09,475 [INFO] [348/2807] Robert Moore (3.4.24)
2026-05-30 18:51:09,475 [INFO] [349/2807] Rolston Boon (3.4.24)
2026-05-30 18:51:09,475 [INFO] [350/2807] Duane Vander Leest (3.4.24)
2026-05-30 18:51:09,475 [INFO] [351/2807] Ryan Phelan (3.4.24)
2026-05-30 18:51:09,475 [INFO] [352/2807] Richard Hutsell (3.11.24)
2026-05-30 18:51:09,475 [INFO] [353/2807] Roger Langpaul (3.11.24)
2026-05-30 18:51:09,475 [INFO] [354/2807] Ryan Cahalan (3.11.24)
2026-05-30 18:51:09,475 [INFO] [355/2807] Ryan Winter (3.11.24)
2026-05-30 18:51:09,475 [INFO] [356/2807] Ted Oswald (3.11.24)
2026-05-30 18:51:09,475 [INFO] [357/2807] Teddy Mohlman (3.11.24)
2026-05-30 18:51:09,475 [INFO] [358/2807] Bruce Klink (3.11.24)
2026-05-30 18:51:09,475 [INFO] [359/2807] Bryant Abel (3.11.24)
2026-05-30 18:51:09,475 [INFO] [360/2807] Carl Wiederaenders (3.11.24)
2026-05-30 18:51:09,475 [INFO] [361/2807] Charlie Wheeler Jr (3.11.24)
2026-05-30 18:51:09,475 [INFO] [362/2807] Chris Black (3.11.24)
2026-05-30 18:51:09,475 [INFO] [363/2807] Chris Salazar (3.11.24)
2026-05-30 18:51:09,475 [INFO] [364/2807] Darsh Desai (3.11.24)
2026-05-30 18:51:09,475 [INFO] [365/2807] Ruth Hugan (3.11.24)
2026-05-30 18:51:09,475 [INFO] [366/2807] Ryan Dworak (3.11.24)
2026-05-30 18:51:09,475 [INFO] [367/2807] Ryan Siemens (3.11.24)
2026-05-30 18:51:09,476 [INFO] [368/2807] Ryan Thomas Parnow (3.11.24)
2026-05-30 18:51:09,476 [INFO] [369/2807] Saheb Sahu (3.11.24)
2026-05-30 18:51:09,476 [INFO] [370/2807] Sam Stalkfleet (3.11.24)
2026-05-30 18:51:09,476 [INFO] [371/2807] Sang Boina (3.11.24)
2026-05-30 18:51:09,476 [INFO] [372/2807] Sarah Blodgett (3.11.24)
2026-05-30 18:51:09,476 [INFO] [373/2807] Scott Schurman (3.11.24)
2026-05-30 18:51:09,476 [INFO] [374/2807] Sean Perkin (3.11.24)
2026-05-30 18:51:09,476 [INFO] [375/2807] Guy Parisi (3.11.24)
2026-05-30 18:51:09,476 [INFO] [376/2807] Zack Stull (3.11.24)
2026-05-30 18:51:09,476 [INFO] [377/2807] Zebediah Grimm (3.11.24)
2026-05-30 18:51:09,476 [INFO] [378/2807] Steve Iverson (3.11.24)
2026-05-30 18:51:09,476 [INFO] [379/2807] Rolston Boon (3.11.24)
2026-05-30 18:51:09,476 [INFO] [380/2807] Alex Erickson (3.11.24)
2026-05-30 18:51:09,476 [INFO] [381/2807] Chis Watkins (3.11.24)
2026-05-30 18:51:09,476 [INFO] [382/2807] Tim Campbell (3.18.24)
2026-05-30 18:51:09,476 [INFO] [383/2807] Todd Scott (3.18.24)
2026-05-30 18:51:09,476 [INFO] [384/2807] Tyler Hogue (3.18.24)
2026-05-30 18:51:09,476 [INFO] [385/2807] Tyler Tompkins (3.18.24)
2026-05-30 18:51:09,476 [INFO] [386/2807] Virdi Baljit (3.18.24)
2026-05-30 18:51:09,476 [INFO] [387/2807] Mitch Sellers (3.18.24)
2026-05-30 18:51:09,476 [INFO] [388/2807] Doug Daniel (3.18.24)
2026-05-30 18:51:09,476 [INFO] [389/2807] Duane Vander Leest (3.18.24)
2026-05-30 18:51:09,476 [INFO] [390/2807] Dustin Kupka (3.18.24)
2026-05-30 18:51:09,476 [INFO] [391/2807] Elizabeth Christenson (3.18.24)
2026-05-30 18:51:09,476 [INFO] [392/2807] Gary Gilbert (3.18.24)
2026-05-30 18:51:09,476 [INFO] [393/2807] Gerry Ambrose (3.18.24)
2026-05-30 18:51:09,476 [INFO] [394/2807] Gerry Manning (3.18.24)
2026-05-30 18:51:09,476 [INFO] [395/2807] Graham Garnos (3.18.24)
2026-05-30 18:51:09,476 [INFO] [396/2807] Guy Varble (3.18.24)
2026-05-30 18:51:09,476 [INFO] [397/2807] Harvey Miller (3.18.24)
2026-05-30 18:51:09,476 [INFO] [398/2807] Ian Schwickert (3.18.24)
2026-05-30 18:51:09,476 [INFO] [399/2807] Israel Garavito (3.18.24)
2026-05-30 18:51:09,476 [INFO] [400/2807] Jacob Mosqueda (3.18.24)
2026-05-30 18:51:09,476 [INFO] [401/2807] Stephen Patel (3.18.24)
2026-05-30 18:51:09,476 [INFO] [402/2807] Steven Pfeifer (3.18.24)
2026-05-30 18:51:09,476 [INFO] [403/2807] Ted Schultz (3.18.24)
2026-05-30 18:51:09,476 [INFO] [404/2807] Terry Cullen (3.18.24)
2026-05-30 18:51:09,476 [INFO] [405/2807] Thomas Campbell (3.18.24)
2026-05-30 18:51:09,476 [INFO] [406/2807] Thomas Reed (3.18.24)
2026-05-30 18:51:09,476 [INFO] [407/2807] Travis Book (3.18.24)
2026-05-30 18:51:09,476 [INFO] [408/2807] Tripp Cunningham (3.18.24)
2026-05-30 18:51:09,476 [INFO] [409/2807] Vicky Hanus (3.18.24)
2026-05-30 18:51:09,476 [INFO] [410/2807] Victor Omoniyi (3.18.24)
2026-05-30 18:51:09,476 [INFO] [411/2807] Will Hallfax (3.18.24)
2026-05-30 18:51:09,476 [INFO] [412/2807] Yeheskey Monk (3.18.24)
2026-05-30 18:51:09,476 [INFO] [413/2807] Devin King (3.18.24)
2026-05-30 18:51:09,476 [INFO] [414/2807] Chris Salzaar (3.18.24)
2026-05-30 18:51:09,476 [INFO] [415/2807] Craig Anfinson (3.18.24)
2026-05-30 18:51:09,476 [INFO] [416/2807] Dennis Ramsey (3.18.24)
2026-05-30 18:51:09,476 [INFO] [417/2807] Tyler Spaans (3.18.24)
2026-05-30 18:51:09,476 [INFO] [418/2807] Tim Rypma (3.18.24)
2026-05-30 18:51:09,476 [INFO] [419/2807] Tim Schulte (3.18.24)
2026-05-30 18:51:09,476 [INFO] [420/2807] Thomas Roth (3.18.24)
2026-05-30 18:51:09,476 [INFO] [421/2807] Alex Gaylon (3.18.24)
2026-05-30 18:51:09,476 [INFO] [422/2807] Tim Maynard (3.18.24)
2026-05-30 18:51:09,476 [INFO] [423/2807] Alex Erickson (3.18.24)
2026-05-30 18:51:09,476 [INFO] [424/2807] Darsh Desai (3.18.24)
2026-05-30 18:51:09,476 [INFO] [425/2807] Brent Dahlstrom (3.18.24)
2026-05-30 18:51:09,476 [INFO] [426/2807] Aaron Bernard (3.25.24)
2026-05-30 18:51:09,476 [INFO] [427/2807] Adam Hunemuller (3.25.24)
2026-05-30 18:51:09,476 [INFO] [428/2807] Adam Metzker (3.25.24)
2026-05-30 18:51:09,476 [INFO] [429/2807] Aquib Ali (3.25.24)
2026-05-30 18:51:09,476 [INFO] [430/2807] Becky Hiu (3.25.24)
2026-05-30 18:51:09,476 [INFO] [431/2807] Bob Davis (3.25.24)
2026-05-30 18:51:09,476 [INFO] [432/2807] Caleb Fritzler (3.25.24)
2026-05-30 18:51:09,476 [INFO] [433/2807] Casey Shelton (3.25.24)
2026-05-30 18:51:09,476 [INFO] [434/2807] Chase Gochnauer (3.25.24)
2026-05-30 18:51:09,476 [INFO] [435/2807] Cherian Koshy (3.25.24)
2026-05-30 18:51:09,476 [INFO] [436/2807] Craig Anfinson (3.25.24)
2026-05-30 18:51:09,476 [INFO] [437/2807] Daniel Doyle (3.25.24)
2026-05-30 18:51:09,476 [INFO] [438/2807] David Barker (3.25.24)
2026-05-30 18:51:09,476 [INFO] [439/2807] Doug Shiplett (3.25.24)
2026-05-30 18:51:09,476 [INFO] [440/2807] Eric Lewis (3.25.24)
2026-05-30 18:51:09,477 [INFO] [441/2807] Eric McCormick (3.25.24)
2026-05-30 18:51:09,477 [INFO] [442/2807] Grant Lewis (3.25.24)
2026-05-30 18:51:09,477 [INFO] [443/2807] Jake Miller (3.25.24)
2026-05-30 18:51:09,477 [INFO] [444/2807] James Morrow (3.25.24)
2026-05-30 18:51:09,477 [INFO] [445/2807] Jason Smith (3.25.24)
2026-05-30 18:51:09,477 [INFO] [446/2807] Jb Conlin (3.25.24)
2026-05-30 18:51:09,477 [INFO] [447/2807] Jeff Knake (3.25.24)
2026-05-30 18:51:09,477 [INFO] [448/2807] Jeff Schachtner (3.25.24)
2026-05-30 18:51:09,477 [INFO] [449/2807] Jeff Stanbrough (3.25.24)
2026-05-30 18:51:09,477 [INFO] [450/2807] Jim Farmer (3.25.24)
2026-05-30 18:51:09,477 [INFO] [451/2807] Jim Haertjens (3.25.24)
2026-05-30 18:51:09,477 [INFO] [452/2807] Joe Ekis (3.25.24)
2026-05-30 18:51:09,477 [INFO] [453/2807] John Chickering (3.25.24)
2026-05-30 18:51:09,477 [INFO] [454/2807] John Kline (3.25.24)
2026-05-30 18:51:09,477 [INFO] [455/2807] Joseph Wolfgram (3.25.24)
2026-05-30 18:51:09,477 [INFO] [456/2807] Justin Elliott (3.25.24)
2026-05-30 18:51:09,477 [INFO] [457/2807] Justin Marshall (3.25.24)
2026-05-30 18:51:09,477 [INFO] [458/2807] Kamal Aderibigbe (3.25.24)
2026-05-30 18:51:09,477 [INFO] [459/2807] Karl Keeler (3.25.24)
2026-05-30 18:51:09,477 [INFO] [460/2807] Karrie Kading (3.25.24)
2026-05-30 18:51:09,477 [INFO] [461/2807] Kathy Bradshaw (3.25.24)
2026-05-30 18:51:09,477 [INFO] [462/2807] Kelly Farley (3.25.24)
2026-05-30 18:51:09,477 [INFO] [463/2807] Kent Lehs (3.25.24)
2026-05-30 18:51:09,477 [INFO] [464/2807] Kevin Russell (3.25.24)
2026-05-30 18:51:09,477 [INFO] [465/2807] Kyle Ellensohn (3.25.24)
2026-05-30 18:51:09,477 [INFO] [466/2807] Liviu Nicola (3.25.24)
2026-05-30 18:51:09,477 [INFO] [467/2807] Alan Mohabir (3.25.24)
2026-05-30 18:51:09,477 [INFO] [468/2807] Alan Zee (3.25.24)
2026-05-30 18:51:09,477 [INFO] [469/2807] Andy Lee (3.25.24)
2026-05-30 18:51:09,477 [INFO] [470/2807] Angie Michel (3.25.24)
2026-05-30 18:51:09,477 [INFO] [471/2807] Anurag Bhalla (3.25.24)
2026-05-30 18:51:09,477 [INFO] [472/2807] Austin Vaughn (3.25.24)
2026-05-30 18:51:09,477 [INFO] [473/2807] Bar Goldstein (3.25.24)
2026-05-30 18:51:09,477 [INFO] [474/2807] Benjamin Widmyer (3.25.24)
2026-05-30 18:51:09,477 [INFO] [475/2807] Paul Butterfield (3.25.24)
2026-05-30 18:51:09,477 [INFO] [476/2807] Bishal Shrestha (3.25.24)
2026-05-30 18:51:09,477 [INFO] [477/2807] Brandon Hughes (3.25.24)
2026-05-30 18:51:09,477 [INFO] [478/2807] Chad Detweiler (3.25.24)
2026-05-30 18:51:09,477 [INFO] [479/2807] Chad Langemeier (3.25.24)
2026-05-30 18:51:09,477 [INFO] [480/2807] Chad Welsh (3.25.24)
2026-05-30 18:51:09,477 [INFO] [481/2807] Cherian Koshy (3.25.24)
2026-05-30 18:51:09,477 [INFO] [482/2807] Greg Danielson (4.7.24)
2026-05-30 18:51:09,477 [INFO] [483/2807] Jeremy Mcfarland (4.7.24)
2026-05-30 18:51:09,477 [INFO] [484/2807] Joe Davitt (4.7.24)
2026-05-30 18:51:09,477 [INFO] [485/2807] Justin Madsen (4.7.24)
2026-05-30 18:51:09,477 [INFO] [486/2807] Kyle Galloway (4.7.24)
2026-05-30 18:51:09,477 [INFO] [487/2807] Levi Franzen (4.7.24)
2026-05-30 18:51:09,477 [INFO] [488/2807] Mary Frasier (4.7.24)
2026-05-30 18:51:09,477 [INFO] [489/2807] Mike Berns (4.7.24)
2026-05-30 18:51:09,477 [INFO] [490/2807] Mike Crane (4.7.24)
2026-05-30 18:51:09,477 [INFO] [491/2807] Mike Dentler (4.7.24)
2026-05-30 18:51:09,477 [INFO] [492/2807] Chong Lee (4.7.24)
2026-05-30 18:51:09,477 [INFO] [493/2807] Christopher Sanders (4.7.24)
2026-05-30 18:51:09,477 [INFO] [494/2807] Cory Gamble (4.7.24)
2026-05-30 18:51:09,477 [INFO] [495/2807] Craig Farlinger (4.7.24)
2026-05-30 18:51:09,477 [INFO] [496/2807] Daniel Kramer (4.7.24)
2026-05-30 18:51:09,477 [INFO] [497/2807] Daniel O'Connor (4.7.24)
2026-05-30 18:51:09,477 [INFO] [498/2807] Daniel Owens (4.7.24)
2026-05-30 18:51:09,477 [INFO] [499/2807] Daniel Scullen (4.7.24)
2026-05-30 18:51:09,477 [INFO] [500/2807] David Cochran (4.7.24)
2026-05-30 18:51:09,477 [INFO] [501/2807] Dennis Resh (4.7.24)
2026-05-30 18:51:09,477 [INFO] [502/2807] Hamid Safdari (4.14.24)
2026-05-30 18:51:09,477 [INFO] [503/2807] Javier Baeza (4.14.24)
2026-05-30 18:51:09,477 [INFO] [504/2807] Jeff Osborn (4.14.24)
2026-05-30 18:51:09,477 [INFO] [505/2807] Marija Balac (4.14.24)
2026-05-30 18:51:09,477 [INFO] [506/2807] Mark Donahoe (4.14.24)
2026-05-30 18:51:09,477 [INFO] [507/2807] Mark Nelson (4.14.24)
2026-05-30 18:51:09,477 [INFO] [508/2807] Mark Peitzman (4.14.24)
2026-05-30 18:51:09,477 [INFO] [509/2807] Mark Porter (4.14.24)
2026-05-30 18:51:09,477 [INFO] [510/2807] Mark Roberts (4.14.24)
2026-05-30 18:51:09,477 [INFO] [511/2807] Mark Theis (4.14.24)
2026-05-30 18:51:09,477 [INFO] [512/2807] Mason Ouderkirk (4.14.24)
2026-05-30 18:51:09,477 [INFO] [513/2807] Matt Gingerich (4.14.24)
2026-05-30 18:51:09,477 [INFO] [514/2807] Michael Boge (4.14.24)
2026-05-30 18:51:09,477 [INFO] [515/2807] Michael Perrin (4.14.24)
2026-05-30 18:51:09,477 [INFO] [516/2807] Chris Greer (4.14.24)
2026-05-30 18:51:09,477 [INFO] [517/2807] Brian Blankenberg (4.14.24)
2026-05-30 18:51:09,477 [INFO] [518/2807] Sherman Associates (4.14.24)
2026-05-30 18:51:09,478 [INFO] [519/2807] Matt DeBoth (4.14.24)
2026-05-30 18:51:09,478 [INFO] [520/2807] Matt Forsum (4.14.24)
2026-05-30 18:51:09,478 [INFO] [521/2807] Merle Laswell (4.14.24)
2026-05-30 18:51:09,478 [INFO] [522/2807] Mike Nixon (4.14.24)
2026-05-30 18:51:09,478 [INFO] [523/2807] Mukesh Tayal (4.14.24)
2026-05-30 18:51:09,478 [INFO] [524/2807] Nick Graham (4.14.24)
2026-05-30 18:51:09,478 [INFO] [525/2807] Peter Nixon (4.14.24)
2026-05-30 18:51:09,478 [INFO] [526/2807] Drew Coffin (4.14.24)
2026-05-30 18:51:09,478 [INFO] [527/2807] Gautam Gour (4.14.24)
2026-05-30 18:51:09,478 [INFO] [528/2807] Paul Davis (4.22.24)
2026-05-30 18:51:09,478 [INFO] [529/2807] Richard Hutsell (4.22.24)
2026-05-30 18:51:09,478 [INFO] [530/2807] Roger Langpaul (4.22.24)
2026-05-30 18:51:09,478 [INFO] [531/2807] Ryan Cahalan (4.22.24)
2026-05-30 18:51:09,478 [INFO] [532/2807] Ryan Winter (4.22.24)
2026-05-30 18:51:09,478 [INFO] [533/2807] Ted Oswald (4.22.24)
2026-05-30 18:51:09,478 [INFO] [534/2807] Teddy Mohlman (4.22.24)
2026-05-30 18:51:09,478 [INFO] [535/2807] Ramiz Dogic (4.22.24)
2026-05-30 18:51:09,478 [INFO] [536/2807] Rich McHugh (4.22.24)
2026-05-30 18:51:09,478 [INFO] [537/2807] Rick Makohoniuk (4.22.24)
2026-05-30 18:51:09,478 [INFO] [538/2807] Rob Ells (4.22.24)
2026-05-30 18:51:09,478 [INFO] [539/2807] Robert Dubansky (4.22.24)
2026-05-30 18:51:09,478 [INFO] [540/2807] Robert Farrell (4.22.24)
2026-05-30 18:51:09,478 [INFO] [541/2807] Ryan Phelan (4.22.24)
2026-05-30 18:51:09,478 [INFO] [542/2807] Sandy Coppolla (4.22.24)
2026-05-30 18:51:09,478 [INFO] [543/2807] Saurabh Aggarwal (4.22.24)
2026-05-30 18:51:09,478 [INFO] [544/2807] Scott Cutler (4.22.24)
2026-05-30 18:51:09,478 [INFO] [545/2807] Scott Peck (4.22.24)
2026-05-30 18:51:09,478 [INFO] [546/2807] Shane Isley (4.22.24)
2026-05-30 18:51:09,478 [INFO] [547/2807] Stephen Emerson (4.22.24)
2026-05-30 18:51:09,478 [INFO] [548/2807] Steve Cerese (4.22.24)
2026-05-30 18:51:09,478 [INFO] [549/2807] Mike Graf (4.22.24)
2026-05-30 18:51:09,478 [INFO] [550/2807] Mike Hutchison (4.22.24)
2026-05-30 18:51:09,478 [INFO] [551/2807] Mikhail "Mike" Geister (4.22.24)
2026-05-30 18:51:09,478 [INFO] [552/2807] Nathan Smith (4.22.24)
2026-05-30 18:51:09,478 [INFO] [553/2807] Nick Olson (4.22.24)
2026-05-30 18:51:09,478 [INFO] [554/2807] Phil Aiello (4.22.24)
2026-05-30 18:51:09,478 [INFO] [555/2807] Genevieve Barros (4.22.24)
2026-05-30 18:51:09,478 [INFO] [556/2807] Georgie Riley (4.22.24)
2026-05-30 18:51:09,478 [INFO] [557/2807] Greg Dryden (4.22.24)
2026-05-30 18:51:09,478 [INFO] [558/2807] Greg Givanoff (4.22.24)
2026-05-30 18:51:09,478 [INFO] [559/2807] Gregory A Jasper (4.22.24)
2026-05-30 18:51:09,478 [INFO] [560/2807] Gregory Steffensmeier (4.22.24)
2026-05-30 18:51:09,478 [INFO] [561/2807] Harry Feng (4.22.24)
2026-05-30 18:51:09,478 [INFO] [562/2807] Hunter Bradford (4.22.24)
2026-05-30 18:51:09,478 [INFO] [563/2807] Hunter Washburn (4.22.24)
2026-05-30 18:51:09,478 [INFO] [564/2807] Irfan Khan (4.22.24)
2026-05-30 18:51:09,478 [INFO] [565/2807] Jack DeLeon (4.22.24)
2026-05-30 18:51:09,478 [INFO] [566/2807] Corey Coleman (4.22.24)
2026-05-30 18:51:09,478 [INFO] [567/2807] Dan Blome (4.22.24)
2026-05-30 18:51:09,478 [INFO] [568/2807] Don Nenninger (4.22.24)
2026-05-30 18:51:09,478 [INFO] [569/2807] Douglas William Bloes (4.22.24)
2026-05-30 18:51:09,478 [INFO] [570/2807] Drew Coffin (4.22.24)
2026-05-30 18:51:09,478 [INFO] [571/2807] Gaurav Bhalla (4.22.24)
2026-05-30 18:51:09,478 [INFO] [572/2807] Gautam Gour (4.22.24)
2026-05-30 18:51:09,478 [INFO] [573/2807] Tim Albright (4.29.24)
2026-05-30 18:51:09,478 [INFO] [574/2807] Tim Campbell (4.29.24)
2026-05-30 18:51:09,478 [INFO] [575/2807] Todd Scott (4.29.24)
2026-05-30 18:51:09,478 [INFO] [576/2807] Tony Hung-Nguyen (4.29.24)
2026-05-30 18:51:09,478 [INFO] [577/2807] Tyler Hogue (4.29.24)
2026-05-30 18:51:09,478 [INFO] [578/2807] Tyler Rasmussen (4.29.24)
2026-05-30 18:51:09,478 [INFO] [579/2807] Tyler Tompkins (4.29.24)
2026-05-30 18:51:09,478 [INFO] [580/2807] Virdi Baljit (4.29.24)
2026-05-30 18:51:09,478 [INFO] [581/2807] Steve Eggers (4.29.24)
2026-05-30 18:51:09,478 [INFO] [582/2807] Steven Ames (4.29.24)
2026-05-30 18:51:09,478 [INFO] [583/2807] Steven Koethe (4.29.24)
2026-05-30 18:51:09,478 [INFO] [584/2807] Sunil Ramshetty (4.29.24)
2026-05-30 18:51:09,478 [INFO] [585/2807] Terrence Pesek (4.29.24)
2026-05-30 18:51:09,478 [INFO] [586/2807] Thomas Ackerman (4.29.24)
2026-05-30 18:51:09,478 [INFO] [587/2807] Thomas Roth (4.29.24)
2026-05-30 18:51:09,478 [INFO] [588/2807] Tim Rypma (4.29.24)
2026-05-30 18:51:09,478 [INFO] [589/2807] Tim Schulte (4.29.24)
2026-05-30 18:51:09,478 [INFO] [590/2807] Troy Hansen (4.29.24)
2026-05-30 18:51:09,478 [INFO] [591/2807] Tyler Spaans (4.29.24)
2026-05-30 18:51:09,478 [INFO] [592/2807] William Rueter (4.29.24)
2026-05-30 18:51:09,478 [INFO] [593/2807] Zack Stull (4.29.24)
2026-05-30 18:51:09,478 [INFO] [594/2807] Zebediah Grimm (4.29.24)
2026-05-30 18:51:09,478 [INFO] [595/2807] Jared Whitinger (4.29.24)
2026-05-30 18:51:09,479 [INFO] [596/2807] Jason Holland (4.29.24)
2026-05-30 18:51:09,479 [INFO] [597/2807] Jason Roose (4.29.24)
2026-05-30 18:51:09,479 [INFO] [598/2807] Jay Connor (4.29.24)
2026-05-30 18:51:09,479 [INFO] [599/2807] Jay Hauck (4.29.24)
2026-05-30 18:51:09,479 [INFO] [600/2807] Jean Toledano (4.29.24)
2026-05-30 18:51:09,479 [INFO] [601/2807] Jeff Bakeris (4.29.24)
2026-05-30 18:51:09,479 [INFO] [602/2807] Jeff Zhang (4.29.24)
2026-05-30 18:51:09,479 [INFO] [603/2807] Jerry Floyd (4.29.24)
2026-05-30 18:51:09,479 [INFO] [604/2807] Jim Bell (4.29.24)
2026-05-30 18:51:09,479 [INFO] [605/2807] Jim Kesterson (4.29.24)
2026-05-30 18:51:09,479 [INFO] [606/2807] Mitch Kahring (4.29.24)
2026-05-30 18:51:09,479 [INFO] [607/2807] Greg Downes (4.29.24)
2026-05-30 18:51:09,479 [INFO] [608/2807] Greg McLaughlin (4.29.24)
2026-05-30 18:51:09,479 [INFO] [609/2807] Craig Ellingson (4.29.24)
2026-05-30 18:51:09,479 [INFO] [610/2807] Craig Tracy (4.29.24)
2026-05-30 18:51:09,479 [INFO] [611/2807] Daniel Reyerson (4.29.24)
2026-05-30 18:51:09,479 [INFO] [612/2807] David Conwill (4.29.24)
2026-05-30 18:51:09,479 [INFO] [613/2807] Ed Hendrickson (4.29.24)
2026-05-30 18:51:09,479 [INFO] [614/2807] Eric Boatwright (4.29.24)
2026-05-30 18:51:09,479 [INFO] [615/2807] Frank Steinbach (4.29.24)
2026-05-30 18:51:09,479 [INFO] [616/2807] Fred Timko (4.29.24)
2026-05-30 18:51:09,479 [INFO] [617/2807] Garrick R and Trishia L Gautner (4.29.24)
2026-05-30 18:51:09,479 [INFO] [618/2807] Joe Goerdt (4.29.24)
2026-05-30 18:51:09,479 [INFO] [619/2807] Chris Whalen (4.29.24)
2026-05-30 18:51:09,479 [INFO] [620/2807] Dave Tallet (4.29.24)
2026-05-30 18:51:09,479 [INFO] [621/2807] Brandon Pratt (4.29.24)
2026-05-30 18:51:09,479 [INFO] [622/2807] Drew Coffin (4.29.24)
2026-05-30 18:51:09,479 [INFO] [623/2807] Brad Houser (4.29.24)
2026-05-30 18:51:09,479 [INFO] [624/2807] Nathan Faselt (4.29.24)
2026-05-30 18:51:09,479 [INFO] [625/2807] Gerry Ambrose (4.29.24)
2026-05-30 18:51:09,479 [INFO] [626/2807] Andy Kouri (4.29.24)
2026-05-30 18:51:09,479 [INFO] [627/2807] Prabjoht Sing (4.29.24)
2026-05-30 18:51:09,479 [INFO] [628/2807] Ryan Nguyen (4.29.24)
2026-05-30 18:51:09,479 [INFO] [629/2807] Aaron Bernard (5.6.24)
2026-05-30 18:51:09,479 [INFO] [630/2807] Becky Hiu (5.6.24)
2026-05-30 18:51:09,479 [INFO] [631/2807] Bob Davis (5.6.24)
2026-05-30 18:51:09,479 [INFO] [632/2807] Brad Lowe (5.6.24)
2026-05-30 18:51:09,479 [INFO] [633/2807] Brian Smith (5.6.24)
2026-05-30 18:51:09,479 [INFO] [634/2807] Bruce McCann (5.6.24)
2026-05-30 18:51:09,479 [INFO] [635/2807] Caleb Fritzler (5.6.24)
2026-05-30 18:51:09,479 [INFO] [636/2807] Casey Shelton (5.6.24)
2026-05-30 18:51:09,479 [INFO] [637/2807] Chase Gochnauer (5.6.24)
2026-05-30 18:51:09,479 [INFO] [638/2807] Adam Clark (5.6.24)
2026-05-30 18:51:09,479 [INFO] [639/2807] Al Perry (5.6.24)
2026-05-30 18:51:09,479 [INFO] [640/2807] Al Wright (5.6.24)
2026-05-30 18:51:09,479 [INFO] [641/2807] Alan Levin (5.6.24)
2026-05-30 18:51:09,479 [INFO] [642/2807] Alex Gaylon (5.6.24)
2026-05-30 18:51:09,479 [INFO] [643/2807] Ali Pourian (5.6.24)
2026-05-30 18:51:09,479 [INFO] [644/2807] Andrew Howard (5.6.24)
2026-05-30 18:51:09,479 [INFO] [645/2807] Ben Latusek (5.6.24)
2026-05-30 18:51:09,479 [INFO] [646/2807] Bradley Baumler (5.6.24)
2026-05-30 18:51:09,479 [INFO] [647/2807] Bradley Grimm (5.6.24)
2026-05-30 18:51:09,479 [INFO] [648/2807] Brandon Arends (5.6.24)
2026-05-30 18:51:09,479 [INFO] [649/2807] Brandon Foldes (5.6.24)
2026-05-30 18:51:09,479 [INFO] [650/2807] Brandon Pratt (5.6.24)
2026-05-30 18:51:09,479 [INFO] [651/2807] Bretta Miller (5.6.24)
2026-05-30 18:51:09,479 [INFO] [652/2807] Paul Butterfield (5.6.24)
2026-05-30 18:51:09,479 [INFO] [653/2807] Brad Houser (5.6.24)
2026-05-30 18:51:09,479 [INFO] [654/2807] John Galkowski (5.6.24)
2026-05-30 18:51:09,479 [INFO] [655/2807] John Gronen (5.6.24)
2026-05-30 18:51:09,479 [INFO] [656/2807] John Joyce (5.6.24)
2026-05-30 18:51:09,479 [INFO] [657/2807] John Lassaux (5.6.24)
2026-05-30 18:51:09,479 [INFO] [658/2807] John Rader (5.6.24)
2026-05-30 18:51:09,479 [INFO] [659/2807] Jon Harding (5.6.24)
2026-05-30 18:51:09,479 [INFO] [660/2807] Jonathan Bradley (5.6.24)
2026-05-30 18:51:09,479 [INFO] [661/2807] Joseph Beedon (5.6.24)
2026-05-30 18:51:09,479 [INFO] [662/2807] Josh Kenitzer (5.6.24)
2026-05-30 18:51:09,479 [INFO] [663/2807] Juana Douglas (5.6.24)
2026-05-30 18:51:09,479 [INFO] [664/2807] Justin Elliott (5.6.24)
2026-05-30 18:51:09,479 [INFO] [665/2807] Kai Liu (5.6.24)
2026-05-30 18:51:09,479 [INFO] [666/2807] Kathleen Ermels (5.6.24)
2026-05-30 18:51:09,479 [INFO] [667/2807] Kay Godfredsen (5.6.24)
2026-05-30 18:51:09,479 [INFO] [668/2807] Keith Arneson (5.6.24)
2026-05-30 18:51:09,479 [INFO] [669/2807] Keith Molene (5.6.24)
2026-05-30 18:51:09,479 [INFO] [670/2807] Kent S Fowlkes (5.6.24)
2026-05-30 18:51:09,480 [INFO] [671/2807] Kevin Dodson (5.6.24)
2026-05-30 18:51:09,480 [INFO] [672/2807] Kevin Owens (5.6.24)
2026-05-30 18:51:09,480 [INFO] [673/2807] Kim Christiansen (5.6.24)
2026-05-30 18:51:09,480 [INFO] [674/2807] Sean McCreadie (5.6.24)
2026-05-30 18:51:09,480 [INFO] [675/2807] Dave Tallet (5.6.24)
2026-05-30 18:51:09,480 [INFO] [676/2807] Stephen Ward (5.6.24)
2026-05-30 18:51:09,480 [INFO] [677/2807] Matt Forsum (5.6.24)
2026-05-30 18:51:09,480 [INFO] [678/2807] Boomer Peterson (5.6.24)
2026-05-30 18:51:09,480 [INFO] [679/2807] 3201 Forrest Ave. Des Moines, IA - Southgate Properties (5.6.24)
2026-05-30 18:51:09,480 [INFO] [680/2807] Dakota UPREIT (5.6.24)
2026-05-30 18:51:09,480 [INFO] [681/2807] SPRUCE Capital (5.6.24)
2026-05-30 18:51:09,480 [INFO] [682/2807] Craig Anfinson (5.13.24)
2026-05-30 18:51:09,480 [INFO] [683/2807] Daniel Doyle (5.13.24)
2026-05-30 18:51:09,480 [INFO] [684/2807] David Barker (5.13.24)
2026-05-30 18:51:09,480 [INFO] [685/2807] Dennis Coon (5.13.24)
2026-05-30 18:51:09,480 [INFO] [686/2807] Doug Shiplett (5.13.24)
2026-05-30 18:51:09,480 [INFO] [687/2807] Eric Fitzgerald (5.13.24)
2026-05-30 18:51:09,480 [INFO] [688/2807] Eric Himmelsbach (5.13.24)
2026-05-30 18:51:09,480 [INFO] [689/2807] Eric Ingvall (5.13.24)
2026-05-30 18:51:09,480 [INFO] [690/2807] Eric Lewis (5.13.24)
2026-05-30 18:51:09,480 [INFO] [691/2807] Eric McCormick (5.13.24)
2026-05-30 18:51:09,480 [INFO] [692/2807] Grant Lewis (5.13.24)
2026-05-30 18:51:09,480 [INFO] [693/2807] Brent Dahlstrom (5.13.24)
2026-05-30 18:51:09,480 [INFO] [694/2807] Bruce Klink (5.13.24)
2026-05-30 18:51:09,480 [INFO] [695/2807] Bryant Abel (5.13.24)
2026-05-30 18:51:09,480 [INFO] [696/2807] Carl Wiederaenders (5.13.24)
2026-05-30 18:51:09,480 [INFO] [697/2807] Carlos Arguello (5.13.24)
2026-05-30 18:51:09,480 [INFO] [698/2807] Chris Chiaramonte (5.13.24)
2026-05-30 18:51:09,480 [INFO] [699/2807] Chris Murray (5.13.24)
2026-05-30 18:51:09,480 [INFO] [700/2807] Chris Salazar (5.13.24)
2026-05-30 18:51:09,480 [INFO] [701/2807] Chris Whalen (5.13.24)
2026-05-30 18:51:09,480 [INFO] [702/2807] Chuck Graziano (5.13.24)
2026-05-30 18:51:09,480 [INFO] [703/2807] Cody Shepard (5.13.24)
2026-05-30 18:51:09,480 [INFO] [704/2807] Craig Anfinson (5.13.24)
2026-05-30 18:51:09,480 [INFO] [705/2807] Darsh Desai (5.13.24)
2026-05-30 18:51:09,480 [INFO] [706/2807] Darshan Patel (5.13.24)
2026-05-30 18:51:09,480 [INFO] [707/2807] Dennis Carroll (5.13.24)
2026-05-30 18:51:09,480 [INFO] [708/2807] Dennis Ramsey (5.13.24)
2026-05-30 18:51:09,480 [INFO] [709/2807] Dennis Tierney (5.13.24)
2026-05-30 18:51:09,480 [INFO] [710/2807] Derrich Huffy (5.13.24)
2026-05-30 18:51:09,480 [INFO] [711/2807] Tedi Nati (5.13.24)
2026-05-30 18:51:09,480 [INFO] [712/2807] Kim Sharp (5.13.24)
2026-05-30 18:51:09,480 [INFO] [713/2807] Kirsten Stumpf (5.13.24)
2026-05-30 18:51:09,480 [INFO] [714/2807] Kyle Johnson (5.13.24)
2026-05-30 18:51:09,480 [INFO] [715/2807] Lance Schaefer (5.13.24)
2026-05-30 18:51:09,480 [INFO] [716/2807] Larkin Adey (5.13.24)
2026-05-30 18:51:09,480 [INFO] [717/2807] Larry Matteson (5.13.24)
2026-05-30 18:51:09,480 [INFO] [718/2807] Lee Evans (5.13.24)
2026-05-30 18:51:09,480 [INFO] [719/2807] Leif Anderson (5.13.24)
2026-05-30 18:51:09,480 [INFO] [720/2807] Lenny J Desantiago (5.13.24)
2026-05-30 18:51:09,480 [INFO] [721/2807] Leo Stegman (5.13.24)
2026-05-30 18:51:09,480 [INFO] [722/2807] Lucy Weeks (5.13.24)
2026-05-30 18:51:09,480 [INFO] [723/2807] Luis Lozada (5.13.24)
2026-05-30 18:51:09,480 [INFO] [724/2807] Lynell Doughetry (5.13.24)
2026-05-30 18:51:09,480 [INFO] [725/2807] Lynette Lane (5.13.24)
2026-05-30 18:51:09,480 [INFO] [726/2807] Mack Benson (5.13.24)
2026-05-30 18:51:09,480 [INFO] [727/2807] Marcus Kuhnert (5.13.24)
2026-05-30 18:51:09,480 [INFO] [728/2807] Mark Cosenza (5.13.24)
2026-05-30 18:51:09,480 [INFO] [729/2807] Mark Gremler (5.13.24)
2026-05-30 18:51:09,480 [INFO] [730/2807] Mark Kassis (5.13.24)
2026-05-30 18:51:09,480 [INFO] [731/2807] Matt Popilek (5.13.24)
2026-05-30 18:51:09,480 [INFO] [732/2807] Brian LaRocco (5.13.24)
2026-05-30 18:51:09,480 [INFO] [733/2807] Brikkelle Thompson (5.13.24)
2026-05-30 18:51:09,480 [INFO] [734/2807] Brian Blankenburg (5.13.24)
2026-05-30 18:51:09,480 [INFO] [735/2807] Greg Danielson (5.20.2024)
2026-05-30 18:51:09,480 [INFO] [736/2807] Hamid Safdari (5.20.2024)
2026-05-30 18:51:09,480 [INFO] [737/2807] Javier Baeza (5.20.2024)
2026-05-30 18:51:09,481 [INFO] [738/2807] Jeff Osborn (5.20.2024)
2026-05-30 18:51:09,481 [INFO] [739/2807] Jeff Stark (5.20.2024)
2026-05-30 18:51:09,481 [INFO] [740/2807] Jennifer Fawcett (5.20.2024)
2026-05-30 18:51:09,481 [INFO] [741/2807] Jeremy Mcfarland (5.20.2024)
2026-05-30 18:51:09,481 [INFO] [742/2807] Joe Davitt (5.20.2024)
2026-05-30 18:51:09,481 [INFO] [743/2807] Levi Franzen (5.20.2024)
2026-05-30 18:51:09,481 [INFO] [744/2807] Drew Heberer (5.20.2024)
2026-05-30 18:51:09,481 [INFO] [745/2807] Duane Vander Leest (5.20.2024)
2026-05-30 18:51:09,481 [INFO] [746/2807] Dustin Kupka (5.20.2024)
2026-05-30 18:51:09,481 [INFO] [747/2807] Elizabeth Christenson (5.20.2024)
2026-05-30 18:51:09,481 [INFO] [748/2807] Eric Daniels (5.20.2024)
2026-05-30 18:51:09,481 [INFO] [749/2807] Eric Harlan (5.20.2024)
2026-05-30 18:51:09,481 [INFO] [750/2807] Eric Lynner (5.20.2024)
2026-05-30 18:51:09,481 [INFO] [751/2807] Frank Levy (5.20.2024)
2026-05-30 18:51:09,481 [INFO] [752/2807] Gail Ingram (5.20.2024)
2026-05-30 18:51:09,481 [INFO] [753/2807] Gerry Ambrose (5.20.2024)
2026-05-30 18:51:09,481 [INFO] [754/2807] Gerry Manning (5.20.2024)
2026-05-30 18:51:09,481 [INFO] [755/2807] Ian Schwickert (5.20.2024)
2026-05-30 18:51:09,481 [INFO] [756/2807] Matt Stence (5.20.2024)
2026-05-30 18:51:09,481 [INFO] [757/2807] Melissa Elizondo (5.20.2024)
2026-05-30 18:51:09,481 [INFO] [758/2807] Melissa Williams (5.20.2024)
2026-05-30 18:51:09,481 [INFO] [759/2807] Michael Rasmussen (5.20.2024)
2026-05-30 18:51:09,481 [INFO] [760/2807] Michael Roberts (5.20.2024)
2026-05-30 18:51:09,481 [INFO] [761/2807] Michael Stimler (5.20.2024)
2026-05-30 18:51:09,481 [INFO] [762/2807] Mike Foust (5.20.2024)
2026-05-30 18:51:09,481 [INFO] [763/2807] Mike O'Neil (5.20.2024)
2026-05-30 18:51:09,481 [INFO] [764/2807] Mulugeta Berhe (5.20.2024)
2026-05-30 18:51:09,481 [INFO] [765/2807] Nathan Blake (5.20.2024)
2026-05-30 18:51:09,481 [INFO] [766/2807] Nathan Eckles (5.20.2024)
2026-05-30 18:51:09,481 [INFO] [767/2807] CJ Motte Phone (5.20.2024)
2026-05-30 18:51:09,481 [INFO] [768/2807] Mike Nixon (5.20.2024)
2026-05-30 18:51:09,481 [INFO] [769/2807] Bob Sweeney (5.20.2024)
2026-05-30 18:51:09,481 [INFO] [770/2807] Marcus Carris (5.27.24)
2026-05-30 18:51:09,481 [INFO] [771/2807] Matt Blickenderfer (5.27.24)
2026-05-30 18:51:09,481 [INFO] [772/2807] Matt DeBoth (5.27.24)
2026-05-30 18:51:09,481 [INFO] [773/2807] Merle Laswell (5.27.24)
2026-05-30 18:51:09,481 [INFO] [774/2807] Michael Hills (5.27.24)
2026-05-30 18:51:09,481 [INFO] [775/2807] Mike Nixon (5.27.24)
2026-05-30 18:51:09,481 [INFO] [776/2807] John Lassaux (5.27.24)
2026-05-30 18:51:09,481 [INFO] [777/2807] Jake Miller (5.27.24)
2026-05-30 18:51:09,481 [INFO] [778/2807] Jason Grove (5.27.24)
2026-05-30 18:51:09,481 [INFO] [779/2807] Jason Smith (5.27.24)
2026-05-30 18:51:09,481 [INFO] [780/2807] Jeanette Webb (5.27.24)
2026-05-30 18:51:09,481 [INFO] [781/2807] Jeff Schachtner (5.27.24)
2026-05-30 18:51:09,481 [INFO] [782/2807] Jeff Sullivan (5.27.24)
2026-05-30 18:51:09,481 [INFO] [783/2807] Jim Haertjens (5.27.24)
2026-05-30 18:51:09,481 [INFO] [784/2807] Jim Isenhart (5.27.24)
2026-05-30 18:51:09,481 [INFO] [785/2807] Joe Bryant (5.27.24)
2026-05-30 18:51:09,481 [INFO] [786/2807] Joe Cover (5.27.24)
2026-05-30 18:51:09,481 [INFO] [787/2807] Joe Ekis (5.27.24)
2026-05-30 18:51:09,481 [INFO] [788/2807] John Brees (5.27.24)
2026-05-30 18:51:09,481 [INFO] [789/2807] John Chickering (5.27.24)
2026-05-30 18:51:09,481 [INFO] [790/2807] John Kline (5.27.24)
2026-05-30 18:51:09,481 [INFO] [791/2807] John Larson (5.27.24)
2026-05-30 18:51:09,481 [INFO] [792/2807] Jon Engelman (5.27.24)
2026-05-30 18:51:09,481 [INFO] [793/2807] Nchai Khang (5.27.24)
2026-05-30 18:51:09,481 [INFO] [794/2807] Nick Faselt (5.27.24)
2026-05-30 18:51:09,481 [INFO] [795/2807] Nick Lankford (5.27.24)
2026-05-30 18:51:09,481 [INFO] [796/2807] Patricia Giorgio (5.27.24)
2026-05-30 18:51:09,481 [INFO] [797/2807] Paul Maloney (5.27.24)
2026-05-30 18:51:09,481 [INFO] [798/2807] Peter Riley (5.27.24)
2026-05-30 18:51:09,481 [INFO] [799/2807] Reece Satre (5.27.24)
2026-05-30 18:51:09,481 [INFO] [800/2807] Richard Fitch (5.27.24)
2026-05-30 18:51:09,481 [INFO] [801/2807] Richard Hootman (5.27.24)
2026-05-30 18:51:09,481 [INFO] [802/2807] Richard Marguiles (5.27.24)
2026-05-30 18:51:09,481 [INFO] [803/2807] Riley Boyle (5.27.24)
2026-05-30 18:51:09,481 [INFO] [804/2807] Robert Lane (5.27.24)
2026-05-30 18:51:09,481 [INFO] [805/2807] Robert Moore (5.27.24)
2026-05-30 18:51:09,481 [INFO] [806/2807] Rolston Boon (5.27.24)
2026-05-30 18:51:09,481 [INFO] [807/2807] Ron Kelley (5.27.24)
2026-05-30 18:51:09,481 [INFO] [808/2807] Ron Walker (5.27.24)
2026-05-30 18:51:09,481 [INFO] [809/2807] Conner Ubben (5.27.24)
2026-05-30 18:51:09,481 [INFO] [810/2807] Karie Kading (5.27.24)
2026-05-30 18:51:09,481 [INFO] [811/2807] Bruce McCann (5.27.24)
2026-05-30 18:51:09,481 [INFO] [812/2807] Virdi Baljit (5.27.24)
2026-05-30 18:51:09,481 [INFO] [813/2807] Richard Hutsell (5.27.24)
2026-05-30 18:51:09,481 [INFO] [814/2807] Jameson - Acme Tools and referred by Marcia Munger (5.27.24)
2026-05-30 18:51:09,481 [INFO] [815/2807] Chase Gochnauer (5.27.24)
2026-05-30 18:51:09,481 [INFO] [816/2807] Bob Charleston (5.27.24)
2026-05-30 18:51:09,482 [INFO] [817/2807] Paul Davis (6.3.24)
2026-05-30 18:51:09,482 [INFO] [818/2807] Prabhjot Singh (6.3.24)
2026-05-30 18:51:09,482 [INFO] [819/2807] Richard Hutsell (6.3.24)
2026-05-30 18:51:09,482 [INFO] [820/2807] Ryan Cahalan (6.3.24)
2026-05-30 18:51:09,482 [INFO] [821/2807] Ryan Galloway (6.3.24)
2026-05-30 18:51:09,482 [INFO] [822/2807] Ted Oswald (6.3.24)
2026-05-30 18:51:09,482 [INFO] [823/2807] Teddy Mohlman (6.3.24)
2026-05-30 18:51:09,482 [INFO] [824/2807] Daniel Doyle (6.3.24)
2026-05-30 18:51:09,482 [INFO] [825/2807] Joseph Wolfgram (6.3.24)
2026-05-30 18:51:09,482 [INFO] [826/2807] Joyce Slagle (6.3.24)
2026-05-30 18:51:09,482 [INFO] [827/2807] Judy Lampe (6.3.24)
2026-05-30 18:51:09,482 [INFO] [828/2807] Justin Marshall (6.3.24)
2026-05-30 18:51:09,482 [INFO] [829/2807] Kamal Aderibigbe (6.3.24)
2026-05-30 18:51:09,482 [INFO] [830/2807] Karl Keeler (6.3.24)
2026-05-30 18:51:09,482 [INFO] [831/2807] Karrie Kading (6.3.24)
2026-05-30 18:51:09,482 [INFO] [832/2807] Kathy Bradshaw (6.3.24)
2026-05-30 18:51:09,482 [INFO] [833/2807] Kelly Farley (6.3.24)
2026-05-30 18:51:09,482 [INFO] [834/2807] Kent Lehs (6.3.24)
2026-05-30 18:51:09,482 [INFO] [835/2807] Kevin Russell (6.3.24)
2026-05-30 18:51:09,482 [INFO] [836/2807] Kristyn Arnold (6.3.24)
2026-05-30 18:51:09,482 [INFO] [837/2807] Kyle Ellensohn (6.3.24)
2026-05-30 18:51:09,482 [INFO] [838/2807] Larry Scott (6.3.24)
2026-05-30 18:51:09,482 [INFO] [839/2807] Lisa Wirth (6.3.24)
2026-05-30 18:51:09,482 [INFO] [840/2807] Liviu Nicola (6.3.24)
2026-05-30 18:51:09,482 [INFO] [841/2807] Riley Coy (6.3.24)
2026-05-30 18:51:09,482 [INFO] [842/2807] Roy Pollock (6.3.24)
2026-05-30 18:51:09,482 [INFO] [843/2807] Ruth Hugan (6.3.24)
2026-05-30 18:51:09,482 [INFO] [844/2807] Ryan Dworak (6.3.24)
2026-05-30 18:51:09,482 [INFO] [845/2807] Ryan Siemens (6.3.24)
2026-05-30 18:51:09,482 [INFO] [846/2807] Ryan Thomas Parnow (6.3.24)
2026-05-30 18:51:09,482 [INFO] [847/2807] Saheb Sahu (6.3.24)
2026-05-30 18:51:09,482 [INFO] [848/2807] Sam Erickson (6.3.24)
2026-05-30 18:51:09,482 [INFO] [849/2807] Sam Stalkfleet (6.3.24)
2026-05-30 18:51:09,482 [INFO] [850/2807] Sandro Tadic (6.3.24)
2026-05-30 18:51:09,482 [INFO] [851/2807] Sang Boina (6.3.24)
2026-05-30 18:51:09,482 [INFO] [852/2807] Sarah Blodgett (6.3.24)
2026-05-30 18:51:09,482 [INFO] [853/2807] Scott Cray (6.3.24)
2026-05-30 18:51:09,482 [INFO] [854/2807] Scott Dean (6.3.24)
2026-05-30 18:51:09,482 [INFO] [855/2807] Scott Doane (6.3.24)
2026-05-30 18:51:09,482 [INFO] [856/2807] Scott Goedken (6.3.24)
2026-05-30 18:51:09,482 [INFO] [857/2807] Scott Schurman (6.3.24)
2026-05-30 18:51:09,482 [INFO] [858/2807] Scottie Braden (6.3.24)
2026-05-30 18:51:09,482 [INFO] [859/2807] Sean Perkin (6.3.24)
2026-05-30 18:51:09,482 [INFO] [860/2807] Shawn Lynch (6.3.24)
2026-05-30 18:51:09,482 [INFO] [861/2807] Guy Parisi (6.3.24)
2026-05-30 18:51:09,482 [INFO] [862/2807] Mike Foust (6.3.24)
2026-05-30 18:51:09,482 [INFO] [863/2807] Chris Salazar (6.3.24)
2026-05-30 18:51:09,482 [INFO] [864/2807] Brian Roers (6.3.24)
2026-05-30 18:51:09,482 [INFO] [865/2807] Brian Cunat (6.3.24)
2026-05-30 18:51:09,482 [INFO] [866/2807] Kirk Ridout (6.3.24)
2026-05-30 18:51:09,482 [INFO] [867/2807] Paul Peters (6.3.24)
2026-05-30 18:51:09,482 [INFO] [868/2807] Paul Peters (6.10.24)
2026-05-30 18:51:09,482 [INFO] [869/2807] Katie (6.10.24)
2026-05-30 18:51:09,482 [INFO] [870/2807] Matt Deboth (6.10.24)
2026-05-30 18:51:09,482 [INFO] [871/2807] Aaron Bernard (6.17.24)
2026-05-30 18:51:09,482 [INFO] [872/2807] Adam Metzker (6.17.24)
2026-05-30 18:51:09,482 [INFO] [873/2807] Aquib Ali (6.17.24)
2026-05-30 18:51:09,482 [INFO] [874/2807] Becky Hiu (6.17.24)
2026-05-30 18:51:09,482 [INFO] [875/2807] Bob Davis (6.17.24)
2026-05-30 18:51:09,482 [INFO] [876/2807] Brad Lowe (6.17.24)
2026-05-30 18:51:09,482 [INFO] [877/2807] Britt Randall (6.17.24)
2026-05-30 18:51:09,482 [INFO] [878/2807] Caleb Fritzler (6.17.24)
2026-05-30 18:51:09,482 [INFO] [879/2807] Casey Shelton (6.17.24)
2026-05-30 18:51:09,482 [INFO] [880/2807] Chase Gochnauer (6.17.24)
2026-05-30 18:51:09,482 [INFO] [881/2807] Mike Graf (6.17.24)
2026-05-30 18:51:09,482 [INFO] [882/2807] Mike Hutchison (6.17.24)
2026-05-30 18:51:09,482 [INFO] [883/2807] Mike Panchal (6.17.24)
2026-05-30 18:51:09,482 [INFO] [884/2807] Mikhail "Mike" Geister (6.17.24)
2026-05-30 18:51:09,482 [INFO] [885/2807] Miles Peck (6.17.24)
2026-05-30 18:51:09,482 [INFO] [886/2807] Mukesh Tayal (6.17.24)
2026-05-30 18:51:09,482 [INFO] [887/2807] Nathan Smith (6.17.24)
2026-05-30 18:51:09,482 [INFO] [888/2807] Nick Bruhn (6.17.24)
2026-05-30 18:51:09,482 [INFO] [889/2807] Nick Graham (6.17.24)
2026-05-30 18:51:09,482 [INFO] [890/2807] Nick Olson (6.17.24)
2026-05-30 18:51:09,482 [INFO] [891/2807] Pascal Ndakala (6.17.24)
2026-05-30 18:51:09,482 [INFO] [892/2807] Paul Braem (6.17.24)
2026-05-30 18:51:09,482 [INFO] [893/2807] Peter Nixon (6.17.24)
2026-05-30 18:51:09,482 [INFO] [894/2807] Peter Patel (6.17.24)
2026-05-30 18:51:09,482 [INFO] [895/2807] Ralph Accola (6.17.24)
2026-05-30 18:51:09,482 [INFO] [896/2807] Adam Brantman (6.17.24)
2026-05-30 18:51:09,482 [INFO] [897/2807] Adam Roepke (6.17.24)
2026-05-30 18:51:09,482 [INFO] [898/2807] Alan Mohabir (6.17.24)
2026-05-30 18:51:09,482 [INFO] [899/2807] Alan Zee (6.17.24)
2026-05-30 18:51:09,482 [INFO] [900/2807] Allen Claussen (6.17.24)
2026-05-30 18:51:09,482 [INFO] [901/2807] Allen Frederick (6.17.24)
2026-05-30 18:51:09,482 [INFO] [902/2807] Andrea Happel (6.17.24)
2026-05-30 18:51:09,482 [INFO] [903/2807] Andrew DePhillips (6.17.24)
2026-05-30 18:51:09,483 [INFO] [904/2807] Andy Lee (6.17.24)
2026-05-30 18:51:09,483 [INFO] [905/2807] Angie Michel (6.17.24)
2026-05-30 18:51:09,483 [INFO] [906/2807] Anthony Lyman (6.17.24)
2026-05-30 18:51:09,483 [INFO] [907/2807] Anurag Bhalla (6.17.24)
2026-05-30 18:51:09,483 [INFO] [908/2807] Austin Vaughn (6.17.24)
2026-05-30 18:51:09,483 [INFO] [909/2807] Avinash Yadav (6.17.24)
2026-05-30 18:51:09,483 [INFO] [910/2807] Bar Goldstein (6.17.24)
2026-05-30 18:51:09,483 [INFO] [911/2807] Ben Sanderson (6.17.24)
2026-05-30 18:51:09,483 [INFO] [912/2807] Roger Langpaul (6.17.24)
2026-05-30 18:51:09,483 [INFO] [913/2807] Cody Shepard (6.17.24)
2026-05-30 18:51:09,483 [INFO] [914/2807] Thom Fawcett (6.17.24)
2026-05-30 18:51:09,483 [INFO] [915/2807] Ben Latusek (6.17.24)
2026-05-30 18:51:09,483 [INFO] [916/2807] Arend Accola (6.17.24)
2026-05-30 18:51:09,483 [INFO] [917/2807] Ryan Galloway (6.17.24)
2026-05-30 18:51:09,483 [INFO] [918/2807] Frank Levy (6.17.24)
2026-05-30 18:51:09,483 [INFO] [919/2807] Craig Anfinson (6.24.24)
2026-05-30 18:51:09,483 [INFO] [920/2807] Daniel Doyle (6.24.24)
2026-05-30 18:51:09,483 [INFO] [921/2807] David Barker (6.24.24)
2026-05-30 18:51:09,483 [INFO] [922/2807] Dennis Coon (6.24.24)
2026-05-30 18:51:09,483 [INFO] [923/2807] Doug Shiplett (6.24.24)
2026-05-30 18:51:09,483 [INFO] [924/2807] Eric Fitzgerald (6.24.24)
2026-05-30 18:51:09,483 [INFO] [925/2807] Eric Ingvall (6.24.24)
2026-05-30 18:51:09,483 [INFO] [926/2807] Eric Lewis (6.24.24)
2026-05-30 18:51:09,483 [INFO] [927/2807] Eric McCormick (6.24.24)
2026-05-30 18:51:09,483 [INFO] [928/2807] Grant Lewis (6.24.24)
2026-05-30 18:51:09,483 [INFO] [929/2807] Brent Dahlstrom (6.24.24)
2026-05-30 18:51:09,483 [INFO] [930/2807] Ramiz Dogic (6.24.24)
2026-05-30 18:51:09,483 [INFO] [931/2807] Randy Rudolph (6.24.24)
2026-05-30 18:51:09,483 [INFO] [932/2807] Reike Plecas (6.24.24)
2026-05-30 18:51:09,483 [INFO] [933/2807] Rick Makohoniuk (6.24.24)
2026-05-30 18:51:09,483 [INFO] [934/2807] Robert Dubansky (6.24.24)
2026-05-30 18:51:09,483 [INFO] [935/2807] Robert Farrell (6.24.24)
2026-05-30 18:51:09,483 [INFO] [936/2807] Ryan Nguyen (6.24.24)
2026-05-30 18:51:09,483 [INFO] [937/2807] Ryan Phelan (6.24.24)
2026-05-30 18:51:09,483 [INFO] [938/2807] Ryan Wiederstein (6.24.24)
2026-05-30 18:51:09,483 [INFO] [939/2807] Saurabh Aggarwal (6.24.24)
2026-05-30 18:51:09,483 [INFO] [940/2807] Scott Cutler (6.24.24)
2026-05-30 18:51:09,483 [INFO] [941/2807] Scott Hubbard (6.24.24)
2026-05-30 18:51:09,483 [INFO] [942/2807] Scott Peck (6.24.24)
2026-05-30 18:51:09,483 [INFO] [943/2807] Shane Isley (6.24.24)
2026-05-30 18:51:09,483 [INFO] [944/2807] Stephen Emerson (6.24.24)
2026-05-30 18:51:09,483 [INFO] [945/2807] Steve Cerese (6.24.24)
2026-05-30 18:51:09,483 [INFO] [946/2807] Bishal Shrestha (6.24.24)
2026-05-30 18:51:09,483 [INFO] [947/2807] Bobby Miller (6.24.24)
2026-05-30 18:51:09,483 [INFO] [948/2807] Brad Vander Linden (6.24.24)
2026-05-30 18:51:09,483 [INFO] [949/2807] Brandon Hughes (6.24.24)
2026-05-30 18:51:09,483 [INFO] [950/2807] Bret Nehring (6.24.24)
2026-05-30 18:51:09,483 [INFO] [951/2807] Brian Darling (6.24.24)
2026-05-30 18:51:09,483 [INFO] [952/2807] Brice Laux (6.24.24)
2026-05-30 18:51:09,483 [INFO] [953/2807] Bruce Becker (6.24.24)
2026-05-30 18:51:09,483 [INFO] [954/2807] Bryan Friedman (6.24.24)
2026-05-30 18:51:09,483 [INFO] [955/2807] Catherine Payvandi (6.24.24)
2026-05-30 18:51:09,483 [INFO] [956/2807] Chad Detweiler (6.24.24)
2026-05-30 18:51:09,483 [INFO] [957/2807] Chad Langemeier (6.24.24)
2026-05-30 18:51:09,483 [INFO] [958/2807] Chad Welsh (6.24.24)
2026-05-30 18:51:09,483 [INFO] [959/2807] Charles O'Griffin (6.24.24)
2026-05-30 18:51:09,483 [INFO] [960/2807] Brian James (6.24.24)
2026-05-30 18:51:09,483 [INFO] [961/2807] Mikhail Suvorov (6.24.24)
2026-05-30 18:51:09,483 [INFO] [962/2807] Maria Balac (6.24.24)
2026-05-30 18:51:09,483 [INFO] [963/2807] Jerry Christopherson (6.24.24)
2026-05-30 18:51:09,483 [INFO] [964/2807] Arnold Forget (6.24.24)
2026-05-30 18:51:09,483 [INFO] [965/2807] Vicky Hanus (6.24.24)
2026-05-30 18:51:09,483 [INFO] [966/2807] Mark Peitzman (6.24.24)
2026-05-30 18:51:09,483 [INFO] [967/2807] Mark Donahoe (6.24.24)
2026-05-30 18:51:09,483 [INFO] [968/2807] Greg Danielson (7.1.24)
2026-05-30 18:51:09,483 [INFO] [969/2807] Jeff Osborn (7.1.24)
2026-05-30 18:51:09,483 [INFO] [970/2807] Jeff Stark (7.1.24)
2026-05-30 18:51:09,483 [INFO] [971/2807] Jennifer Fawcett (7.1.24)
2026-05-30 18:51:09,483 [INFO] [972/2807] Joe Davitt (7.1.24)
2026-05-30 18:51:09,483 [INFO] [973/2807] Justin Madsen (7.1.24)
2026-05-30 18:51:09,483 [INFO] [974/2807] Ken Wick (7.1.24)
2026-05-30 18:51:09,483 [INFO] [975/2807] Levi Franzen (7.1.24)
2026-05-30 18:51:09,483 [INFO] [976/2807] Steve Eggers (7.1.24)
2026-05-30 18:51:09,483 [INFO] [977/2807] Steve Iverson (7.1.24)
2026-05-30 18:51:09,483 [INFO] [978/2807] Steven Ames (7.1.24)
2026-05-30 18:51:09,483 [INFO] [979/2807] Steven Koethe (7.1.24)
2026-05-30 18:51:09,483 [INFO] [980/2807] Sunil Ramshetty (7.1.24)
2026-05-30 18:51:09,483 [INFO] [981/2807] Thomas Ackerman (7.1.24)
2026-05-30 18:51:09,483 [INFO] [982/2807] Tim Albright (7.1.24)
2026-05-30 18:51:09,483 [INFO] [983/2807] Tim Maynard (7.1.24)
2026-05-30 18:51:09,483 [INFO] [984/2807] Tim Schulte (7.1.24)
2026-05-30 18:51:09,483 [INFO] [985/2807] Troy Hansen (7.1.24)
2026-05-30 18:51:09,483 [INFO] [986/2807] Tyler Osby (7.1.24)
2026-05-30 18:51:09,483 [INFO] [987/2807] Tyler Spaans (7.1.24)
2026-05-30 18:51:09,483 [INFO] [988/2807] Zack Stull (7.1.24)
2026-05-30 18:51:09,483 [INFO] [989/2807] Zebediah Grimm (7.1.24)
2026-05-30 18:51:09,483 [INFO] [990/2807] Chong Lee (7.1.24)
2026-05-30 18:51:09,483 [INFO] [991/2807] Chris Rozek (7.1.24)
2026-05-30 18:51:09,484 [INFO] [992/2807] Christopher Sanders (7.1.24)
2026-05-30 18:51:09,484 [INFO] [993/2807] Christy Karthan (7.1.24)
2026-05-30 18:51:09,484 [INFO] [994/2807] Corey Coleman (7.1.24)
2026-05-30 18:51:09,484 [INFO] [995/2807] Cory Gamble (7.1.24)
2026-05-30 18:51:09,484 [INFO] [996/2807] Craig Farlinger (7.1.24)
2026-05-30 18:51:09,484 [INFO] [997/2807] Craig Tracy (7.1.24)
2026-05-30 18:51:09,484 [INFO] [998/2807] Dan Blome (7.1.24)
2026-05-30 18:51:09,484 [INFO] [999/2807] Daniel Kramer (7.1.24)
2026-05-30 18:51:09,484 [INFO] [1000/2807] Daniel O'Connor (7.1.24)
2026-05-30 18:51:09,484 [INFO] [1001/2807] Daniel Owens (7.1.24)
2026-05-30 18:51:09,484 [INFO] [1002/2807] Daniel Reyerson (7.1.24)
2026-05-30 18:51:09,484 [INFO] [1003/2807] Daniel Scullen (7.1.24)
2026-05-30 18:51:09,484 [INFO] [1004/2807] David Biedenbach (7.1.24)
2026-05-30 18:51:09,484 [INFO] [1005/2807] David Cochran (7.1.24)
2026-05-30 18:51:09,484 [INFO] [1006/2807] David Conwill (7.1.24)
2026-05-30 18:51:09,484 [INFO] [1007/2807] David Keller (7.1.24)
2026-05-30 18:51:09,484 [INFO] [1008/2807] Dennis Resh (7.1.24)
2026-05-30 18:51:09,484 [INFO] [1009/2807] Karla Arzola (7.1.24)
2026-05-30 18:51:09,484 [INFO] [1010/2807] Nate Adams (7.1.24)
2026-05-30 18:51:09,484 [INFO] [1011/2807] Todd Scott (7.1.24)
2026-05-30 18:51:09,484 [INFO] [1012/2807] Brad Baumler (7.1.24)
2026-05-30 18:51:09,484 [INFO] [1013/2807] Gene Lavastida (7.1.24)
2026-05-30 18:51:09,484 [INFO] [1014/2807] Marco Miranda (7.8.24)
2026-05-30 18:51:09,484 [INFO] [1015/2807] Marcus Carris (7.8.24)
2026-05-30 18:51:09,484 [INFO] [1016/2807] Matt Blickenderfer (7.8.24)
2026-05-30 18:51:09,484 [INFO] [1017/2807] Matt DeBoth (7.8.24)
2026-05-30 18:51:09,484 [INFO] [1018/2807] Matt Forsum (7.8.24)
2026-05-30 18:51:09,484 [INFO] [1019/2807] Mike Nixon (7.8.24)
2026-05-30 18:51:09,484 [INFO] [1020/2807] Misty Carver (7.8.24)
2026-05-30 18:51:09,484 [INFO] [1021/2807] John Lassaux (7.8.24)
2026-05-30 18:51:09,484 [INFO] [1022/2807] Adam Clark (7.8.24)
2026-05-30 18:51:09,484 [INFO] [1023/2807] Al Perry (7.8.24)
2026-05-30 18:51:09,484 [INFO] [1024/2807] Al Wright (7.8.24)
2026-05-30 18:51:09,484 [INFO] [1025/2807] Alan Levin (7.8.24)
2026-05-30 18:51:09,484 [INFO] [1026/2807] Alex Gaylon (7.8.24)
2026-05-30 18:51:09,484 [INFO] [1027/2807] Ali Pourian (7.8.24)
2026-05-30 18:51:09,484 [INFO] [1028/2807] Allen Connerly (7.8.24)
2026-05-30 18:51:09,484 [INFO] [1029/2807] Andrew Howard (7.8.24)
2026-05-30 18:51:09,484 [INFO] [1030/2807] Ben Latusek (7.8.24)
2026-05-30 18:51:09,484 [INFO] [1031/2807] Brandon Arends (7.8.24)
2026-05-30 18:51:09,484 [INFO] [1032/2807] Brandon Foldes (7.8.24)
2026-05-30 18:51:09,484 [INFO] [1033/2807] Brandon Kaissi (7.8.24)
2026-05-30 18:51:09,484 [INFO] [1034/2807] Brandon Pratt (7.8.24)
2026-05-30 18:51:09,484 [INFO] [1035/2807] Brian Blankenburg (7.8.24)
2026-05-30 18:51:09,484 [INFO] [1036/2807] Joe Hansen (7.8.24)
2026-05-30 18:51:09,484 [INFO] [1037/2807] Paul Butterfield (7.8.24)
2026-05-30 18:51:09,484 [INFO] [1038/2807] Dennis Tierney (7.8.24)
2026-05-30 18:51:09,484 [INFO] [1039/2807] Don Nenninger (7.8.24)
2026-05-30 18:51:09,484 [INFO] [1040/2807] Doug Sullivan (7.8.24)
2026-05-30 18:51:09,484 [INFO] [1041/2807] Douglas William Bloes (7.8.24)
2026-05-30 18:51:09,484 [INFO] [1042/2807] Drew Coffin (7.8.24)
2026-05-30 18:51:09,484 [INFO] [1043/2807] Dustin Salmon (7.8.24)
2026-05-30 18:51:09,484 [INFO] [1044/2807] Ed Hendrickson (7.8.24)
2026-05-30 18:51:09,484 [INFO] [1045/2807] Ed Skinner (7.8.24)
2026-05-30 18:51:09,484 [INFO] [1046/2807] Edwin Perez (7.8.24)
2026-05-30 18:51:09,484 [INFO] [1047/2807] Elizabeth Jane Wallis (7.8.24)
2026-05-30 18:51:09,484 [INFO] [1048/2807] Eric Boatwright (7.8.24)
2026-05-30 18:51:09,484 [INFO] [1049/2807] Eric Nemeyer (7.8.24)
2026-05-30 18:51:09,484 [INFO] [1050/2807] Eric Pohlpeter (7.8.24)
2026-05-30 18:51:09,484 [INFO] [1051/2807] Frank Steinbach (7.8.24)
2026-05-30 18:51:09,484 [INFO] [1052/2807] Fred Timko (7.8.24)
2026-05-30 18:51:09,484 [INFO] [1053/2807] Garrick R and Trishia L Gautner (7.8.24)
2026-05-30 18:51:09,484 [INFO] [1054/2807] Gaurav Bhalla (7.8.24)
2026-05-30 18:51:09,484 [INFO] [1055/2807] Gautam Gour (7.8.24)
2026-05-30 18:51:09,484 [INFO] [1056/2807] Gene Hassman (7.8.24)
2026-05-30 18:51:09,484 [INFO] [1057/2807] Gene Song (7.8.24)
2026-05-30 18:51:09,484 [INFO] [1058/2807] Joe Goerdt (7.8.24)
2026-05-30 18:51:09,484 [INFO] [1059/2807] Chris Whalen (7.8.24)
2026-05-30 18:51:09,484 [INFO] [1060/2807] Eric Lynner (7.8.24)
2026-05-30 18:51:09,484 [INFO] [1061/2807] Paul Davis (7.15.24)
2026-05-30 18:51:09,484 [INFO] [1062/2807] Prabhjot Singh (7.15.24)
2026-05-30 18:51:09,484 [INFO] [1063/2807] Richard Hutsell (7.15.24)
2026-05-30 18:51:09,484 [INFO] [1064/2807] Roger Langpaul (7.15.24)
2026-05-30 18:51:09,484 [INFO] [1065/2807] Ryan Winter (7.15.24)
2026-05-30 18:51:09,484 [INFO] [1066/2807] Ted Oswald (7.15.24)
2026-05-30 18:51:09,484 [INFO] [1067/2807] Teddy Mohlman (7.15.24)
2026-05-30 18:51:09,484 [INFO] [1068/2807] Terrance Doyle (7.15.24)
2026-05-30 18:51:09,484 [INFO] [1069/2807] Thomas Fawcett (7.15.24)
2026-05-30 18:51:09,484 [INFO] [1070/2807] Bruce Klink (7.15.24)
2026-05-30 18:51:09,484 [INFO] [1071/2807] Bryant Abel (7.15.24)
2026-05-30 18:51:09,484 [INFO] [1072/2807] Charlie Wheeler Jr (7.15.24)
2026-05-30 18:51:09,484 [INFO] [1073/2807] Chris Black (7.15.24)
2026-05-30 18:51:09,484 [INFO] [1074/2807] Chris Salazar (7.15.24)
2026-05-30 18:51:09,484 [INFO] [1075/2807] Chris Whalen (7.15.24)
2026-05-30 18:51:09,484 [INFO] [1076/2807] Dennis Carroll (7.15.24)
2026-05-30 18:51:09,484 [INFO] [1077/2807] Dennis Ramsey (7.15.24)
2026-05-30 18:51:09,484 [INFO] [1078/2807] Dennis Tierney (7.15.24)
2026-05-30 18:51:09,485 [INFO] [1079/2807] Derrich Huffy (7.15.24)
2026-05-30 18:51:09,485 [INFO] [1080/2807] Genevieve Barros (7.15.24)
2026-05-30 18:51:09,485 [INFO] [1081/2807] Georgie Riley (7.15.24)
2026-05-30 18:51:09,485 [INFO] [1082/2807] Gerald Reese (7.15.24)
2026-05-30 18:51:09,485 [INFO] [1083/2807] Greg Downes (7.15.24)
2026-05-30 18:51:09,485 [INFO] [1084/2807] Greg Dryden (7.15.24)
2026-05-30 18:51:09,485 [INFO] [1085/2807] Greg Givanoff (7.15.24)
2026-05-30 18:51:09,485 [INFO] [1086/2807] Greg McLaughlin (7.15.24)
2026-05-30 18:51:09,485 [INFO] [1087/2807] Gregory A Jasper (7.15.24)
2026-05-30 18:51:09,485 [INFO] [1088/2807] Gregory Steffensmeier (7.15.24)
2026-05-30 18:51:09,485 [INFO] [1089/2807] Gustavo Garza (7.15.24)
2026-05-30 18:51:09,485 [INFO] [1090/2807] Gwyn Stoll (7.15.24)
2026-05-30 18:51:09,485 [INFO] [1091/2807] Harry Feng (7.15.24)
2026-05-30 18:51:09,485 [INFO] [1092/2807] Hunter Bradford (7.15.24)
2026-05-30 18:51:09,485 [INFO] [1093/2807] Hunter Washburn (7.15.24)
2026-05-30 18:51:09,485 [INFO] [1094/2807] Irfan Khan (7.15.24)
2026-05-30 18:51:09,485 [INFO] [1095/2807] Jack DeLeon (7.15.24)
2026-05-30 18:51:09,485 [INFO] [1096/2807] James Clark (7.15.24)
2026-05-30 18:51:09,485 [INFO] [1097/2807] James Cornwell (7.15.24)
2026-05-30 18:51:09,485 [INFO] [1098/2807] James Karthan (7.15.24)
2026-05-30 18:51:09,485 [INFO] [1099/2807] James Smith (7.15.24)
2026-05-30 18:51:09,485 [INFO] [1100/2807] Dan Sethi (7.15.24)
2026-05-30 18:51:09,485 [INFO] [1101/2807] Alan Levin (7.15.24)
2026-05-30 18:51:09,485 [INFO] [1102/2807] Brad Vander Linden (7.15.24)
2026-05-30 18:51:09,485 [INFO] [1103/2807] Greg Danielson (7.15.24)
2026-05-30 18:51:09,485 [INFO] [1104/2807] Zack Stull (7.15.24)
2026-05-30 18:51:09,485 [INFO] [1105/2807] Dave Tallett (7.15.24)
2026-05-30 18:51:09,485 [INFO] [1106/2807] Tyler Hogue (7.15.24)
2026-05-30 18:51:09,485 [INFO] [1107/2807] Tim Campbell (7.22.24)
2026-05-30 18:51:09,485 [INFO] [1108/2807] Tony Hung-Nguyen (7.22.24)
2026-05-30 18:51:09,485 [INFO] [1109/2807] Tyler Hogue (7.22.24)
2026-05-30 18:51:09,485 [INFO] [1110/2807] Doug Daniel (7.22.24)
2026-05-30 18:51:09,485 [INFO] [1111/2807] Drew Heberer (7.22.24)
2026-05-30 18:51:09,485 [INFO] [1112/2807] Duane Vander Leest (7.22.24)
2026-05-30 18:51:09,485 [INFO] [1113/2807] Dustin Kupka (7.22.24)
2026-05-30 18:51:09,485 [INFO] [1114/2807] Dylan Vogt (7.22.24)
2026-05-30 18:51:09,485 [INFO] [1115/2807] Ed Behrman (7.22.24)
2026-05-30 18:51:09,485 [INFO] [1116/2807] Elizabeth Christenson (7.22.24)
2026-05-30 18:51:09,485 [INFO] [1117/2807] Eric Daniels (7.22.24)
2026-05-30 18:51:09,485 [INFO] [1118/2807] Eric Harlan (7.22.24)
2026-05-30 18:51:09,485 [INFO] [1119/2807] Gabe Molstre (7.22.24)
2026-05-30 18:51:09,485 [INFO] [1120/2807] Gary Gilbert (7.22.24)
2026-05-30 18:51:09,485 [INFO] [1121/2807] Graham Garnos (7.22.24)
2026-05-30 18:51:09,485 [INFO] [1122/2807] Harvey Miller (7.22.24)
2026-05-30 18:51:09,485 [INFO] [1123/2807] Israel Garavito (7.22.24)
2026-05-30 18:51:09,485 [INFO] [1124/2807] Jacob Mosqueda (7.22.24)
2026-05-30 18:51:09,485 [INFO] [1125/2807] Jason Babcock (7.22.24)
2026-05-30 18:51:09,485 [INFO] [1126/2807] Jason Holland (7.22.24)
2026-05-30 18:51:09,485 [INFO] [1127/2807] Jay Connor (7.22.24)
2026-05-30 18:51:09,485 [INFO] [1128/2807] Jay Hauck (7.22.24)
2026-05-30 18:51:09,485 [INFO] [1129/2807] Jean Toledano (7.22.24)
2026-05-30 18:51:09,485 [INFO] [1130/2807] Jeff Bakeris (7.22.24)
2026-05-30 18:51:09,485 [INFO] [1131/2807] Jeff Zhang (7.22.24)
2026-05-30 18:51:09,485 [INFO] [1132/2807] Jeffrey Lambertini (7.22.24)
2026-05-30 18:51:09,485 [INFO] [1133/2807] Jim Kesterson (7.22.24)
2026-05-30 18:51:09,485 [INFO] [1134/2807] Abi Reiland (7.22.24)
2026-05-30 18:51:09,485 [INFO] [1135/2807] Abel Gutierrez (7.22.24)
2026-05-30 18:51:09,485 [INFO] [1136/2807] Eric Ingvall (7.22.24)
2026-05-30 18:51:09,485 [INFO] [1137/2807] JB Conlin (7.22.24)
2026-05-30 18:51:09,485 [INFO] [1138/2807] Merle Laswell (7.22.24)
2026-05-30 18:51:09,485 [INFO] [1139/2807] Caleb Fritzler (7.22.24)
2026-05-30 18:51:09,485 [INFO] [1140/2807] Chase Gochnauer (7.22.24)
2026-05-30 18:51:09,485 [INFO] [1141/2807] Eric McCormick (7.22.24)
2026-05-30 18:51:09,485 [INFO] [1142/2807] Aaron Bernard (7.29.24)
2026-05-30 18:51:09,485 [INFO] [1143/2807] Adam Metzker (7.29.24)
2026-05-30 18:51:09,485 [INFO] [1144/2807] Bob Davis (7.29.24)
2026-05-30 18:51:09,485 [INFO] [1145/2807] Britt Randall (7.29.24)
2026-05-30 18:51:09,485 [INFO] [1146/2807] Bruce McCann (7.29.24)
2026-05-30 18:51:09,485 [INFO] [1147/2807] Caleb Fritzler (7.29.24)
2026-05-30 18:51:09,485 [INFO] [1148/2807] Casey Shelton (7.29.24)
2026-05-30 18:51:09,485 [INFO] [1149/2807] Chase Gochnauer (7.29.24)
2026-05-30 18:51:09,485 [INFO] [1150/2807] Jake Christensen (7.29.24)
2026-05-30 18:51:09,485 [INFO] [1151/2807] Jake Miller (7.29.24)
2026-05-30 18:51:09,485 [INFO] [1152/2807] James Morrow (7.29.24)
2026-05-30 18:51:09,485 [INFO] [1153/2807] Jason Grove (7.29.24)
2026-05-30 18:51:09,485 [INFO] [1154/2807] Jason Smith (7.29.24)
2026-05-30 18:51:09,485 [INFO] [1155/2807] Jb Conlin (7.29.24)
2026-05-30 18:51:09,485 [INFO] [1156/2807] Jeff Schachtner (7.29.24)
2026-05-30 18:51:09,485 [INFO] [1157/2807] Jeff Stanbrough (7.29.24)
2026-05-30 18:51:09,485 [INFO] [1158/2807] Jeff Sullivan (7.29.24)
2026-05-30 18:51:09,485 [INFO] [1159/2807] Jim Haertjens (7.29.24)
2026-05-30 18:51:09,485 [INFO] [1160/2807] Joe Bryant (7.29.24)
2026-05-30 18:51:09,485 [INFO] [1161/2807] Joe Ekis (7.29.24)
2026-05-30 18:51:09,485 [INFO] [1162/2807] John Brees (7.29.24)
2026-05-30 18:51:09,485 [INFO] [1163/2807] John Chickering (7.29.24)
2026-05-30 18:51:09,485 [INFO] [1164/2807] John Kline (7.29.24)
2026-05-30 18:51:09,485 [INFO] [1165/2807] Jon Engelman (7.29.24)
2026-05-30 18:51:09,485 [INFO] [1166/2807] John Joyce (7.29.24)
2026-05-30 18:51:09,485 [INFO] [1167/2807] John Rader (7.29.24)
2026-05-30 18:51:09,485 [INFO] [1168/2807] Jon Harding (7.29.24)
2026-05-30 18:51:09,485 [INFO] [1169/2807] Jonathan Bradley (7.29.24)
2026-05-30 18:51:09,485 [INFO] [1170/2807] Joseph Beedon (7.29.24)
2026-05-30 18:51:09,485 [INFO] [1171/2807] Josh Kenitzer (7.29.24)
2026-05-30 18:51:09,486 [INFO] [1172/2807] Kai Liu (7.29.24)
2026-05-30 18:51:09,486 [INFO] [1173/2807] Kathleen Ermels (7.29.24)
2026-05-30 18:51:09,486 [INFO] [1174/2807] Kay Godfredsen (7.29.24)
2026-05-30 18:51:09,486 [INFO] [1175/2807] Keith Arneson (7.29.24)
2026-05-30 18:51:09,486 [INFO] [1176/2807] Keith Molene (7.29.24)
2026-05-30 18:51:09,486 [INFO] [1177/2807] Kent S Fowlkes (7.29.24)
2026-05-30 18:51:09,486 [INFO] [1178/2807] Kevin Dodson (7.29.24)
2026-05-30 18:51:09,486 [INFO] [1179/2807] Kim Christiansen (7.29.24)
2026-05-30 18:51:09,486 [INFO] [1180/2807] Sean McCreadie (7.29.24)
2026-05-30 18:51:09,486 [INFO] [1181/2807] Frank Levvy (7.29.24)
2026-05-30 18:51:09,486 [INFO] [1182/2807] Richard Hutsell (7.29.24)
2026-05-30 18:51:09,486 [INFO] [1183/2807] Greg Danielson (7.29.24)
2026-05-30 18:51:09,486 [INFO] [1184/2807] Mark Peitzman (7.29.24)
2026-05-30 18:51:09,486 [INFO] [1185/2807] Joe Hubert (7.29.24)
2026-05-30 18:51:09,486 [INFO] [1186/2807] Cherian Koshy (8.5.24)
2026-05-30 18:51:09,486 [INFO] [1187/2807] Daniel Doyle (8.5.24)
2026-05-30 18:51:09,486 [INFO] [1188/2807] Dennis Coon (8.5.24)
2026-05-30 18:51:09,486 [INFO] [1189/2807] Doug Shiplett (8.5.24)
2026-05-30 18:51:09,486 [INFO] [1190/2807] Eric Fitzgerald (8.5.24)
2026-05-30 18:51:09,486 [INFO] [1191/2807] Eric Ingvall (8.5.24)
2026-05-30 18:51:09,486 [INFO] [1192/2807] Eric Lewis (8.5.24)
2026-05-30 18:51:09,486 [INFO] [1193/2807] Eric McCormick (8.5.24)
2026-05-30 18:51:09,486 [INFO] [1194/2807] Brent Dahlstrom (8.5.24)
2026-05-30 18:51:09,486 [INFO] [1195/2807] Joseph Wolfgram (8.5.24)
2026-05-30 18:51:09,486 [INFO] [1196/2807] Joyce Slagle (8.5.24)
2026-05-30 18:51:09,486 [INFO] [1197/2807] June A Heiden (8.5.24)
2026-05-30 18:51:09,486 [INFO] [1198/2807] Justin Eilers (8.5.24)
2026-05-30 18:51:09,486 [INFO] [1199/2807] Justin Elliott (8.5.24)
2026-05-30 18:51:09,486 [INFO] [1200/2807] Justin Marshall (8.5.24)
2026-05-30 18:51:09,486 [INFO] [1201/2807] Kamal Aderibigbe (8.5.24)
2026-05-30 18:51:09,486 [INFO] [1202/2807] Karrie Kading (8.5.24)
2026-05-30 18:51:09,486 [INFO] [1203/2807] Kathy Beyer (8.5.24)
2026-05-30 18:51:09,486 [INFO] [1204/2807] Kent Lehs (8.5.24)
2026-05-30 18:51:09,486 [INFO] [1205/2807] Kent Mauck (8.5.24)
2026-05-30 18:51:09,486 [INFO] [1206/2807] Larry Scott (8.5.24)
2026-05-30 18:51:09,486 [INFO] [1207/2807] Lisa Wirth (8.5.24)
2026-05-30 18:51:09,486 [INFO] [1208/2807] Lynell Doughetry (8.5.24)
2026-05-30 18:51:09,486 [INFO] [1209/2807] Mark Kassis (8.5.24)
2026-05-30 18:51:09,486 [INFO] [1210/2807] Matt Deboth (8.5.24)
2026-05-30 18:51:09,486 [INFO] [1211/2807] Nate Adams (8.5.24)
2026-05-30 18:51:09,486 [INFO] [1212/2807] Jason Grove (8.5.24)
2026-05-30 18:51:09,486 [INFO] [1213/2807] Jeff Schatner (8.5.24)
2026-05-30 18:51:09,486 [INFO] [1214/2807] Jacob Mosqueda (8.5.24)
2026-05-30 18:51:09,486 [INFO] [1215/2807] Greg Danielson (8.12.24)
2026-05-30 18:51:09,486 [INFO] [1216/2807] Hamid Safdari (8.12.24)
2026-05-30 18:51:09,486 [INFO] [1217/2807] Jeff Osborn (8.12.24)
2026-05-30 18:51:09,486 [INFO] [1218/2807] Jeremy Mcfarland (8.12.24)
2026-05-30 18:51:09,486 [INFO] [1219/2807] Justin Madsen (8.12.24)
2026-05-30 18:51:09,486 [INFO] [1220/2807] Ken Wick (8.12.24)
2026-05-30 18:51:09,486 [INFO] [1221/2807] Kyle Galloway (8.12.24)
2026-05-30 18:51:09,486 [INFO] [1222/2807] Lynda Clayton (8.12.24)
2026-05-30 18:51:09,486 [INFO] [1223/2807] Marija Balac (8.12.24)
2026-05-30 18:51:09,486 [INFO] [1224/2807] Mark Nelson (8.12.24)
2026-05-30 18:51:09,486 [INFO] [1225/2807] Mark Peitzman (8.12.24)
2026-05-30 18:51:09,486 [INFO] [1226/2807] Mark Roberts (8.12.24)
2026-05-30 18:51:09,486 [INFO] [1227/2807] Mark Theis (8.12.24)
2026-05-30 18:51:09,486 [INFO] [1228/2807] Mary Frasier (8.12.24)
2026-05-30 18:51:09,486 [INFO] [1229/2807] Michael Perrin (8.12.24)
2026-05-30 18:51:09,486 [INFO] [1230/2807] Matt Stence (8.12.24)
2026-05-30 18:51:09,486 [INFO] [1231/2807] Muhammed Khan (8.12.24)
2026-05-30 18:51:09,486 [INFO] [1232/2807] Bob Charleston (8.12.24)
2026-05-30 18:51:09,486 [INFO] [1233/2807] Brad Baumler (8.12.24)
2026-05-30 18:51:09,486 [INFO] [1234/2807] Britt Randall (8.12.24)
2026-05-30 18:51:09,486 [INFO] [1235/2807] Travis Sisson (8.12.24)
2026-05-30 18:51:09,486 [INFO] [1236/2807] Harrison Kruse (8.12.24)
2026-05-30 18:51:09,486 [INFO] [1237/2807] Andy DeVaul: (8.12.24)
2026-05-30 18:51:09,486 [INFO] [1238/2807] Austin Steenhoek (8.12.24)
2026-05-30 18:51:09,486 [INFO] [1239/2807] Marco Miranda (8.19.24)
2026-05-30 18:51:09,486 [INFO] [1240/2807] Matt Blickenderfer (8.19.24)
2026-05-30 18:51:09,486 [INFO] [1241/2807] Matt Forsum (8.19.24)
2026-05-30 18:51:09,486 [INFO] [1242/2807] Matt Rousseau (8.19.24)
2026-05-30 18:51:09,486 [INFO] [1243/2807] Michael Hills (8.19.24)
2026-05-30 18:51:09,486 [INFO] [1244/2807] John Lassaux (8.19.24)
2026-05-30 18:51:09,486 [INFO] [1245/2807] Mike Graf (8.19.24)
2026-05-30 18:51:09,486 [INFO] [1246/2807] Mike Hutchison (8.19.24)
2026-05-30 18:51:09,486 [INFO] [1247/2807] Mikhail "Mike" Geister (8.19.24)
2026-05-30 18:51:09,486 [INFO] [1248/2807] Mukesh Tayal (8.19.24)
2026-05-30 18:51:09,486 [INFO] [1249/2807] Nathan Smith (8.19.24)
2026-05-30 18:51:09,486 [INFO] [1250/2807] Prakash Pradhan (8.19.24)
2026-05-30 18:51:09,486 [INFO] [1251/2807] Nick Faselt (8.19.24)
2026-05-30 18:51:09,486 [INFO] [1252/2807] Rolston Boon (8.19.24)
2026-05-30 18:51:09,486 [INFO] [1253/2807] Ron Walker (8.19.24)
2026-05-30 18:51:09,486 [INFO] [1254/2807] Austin Peters (8.19.24)
2026-05-30 18:51:09,486 [INFO] [1255/2807] Dylan White (8.19.24)
2026-05-30 18:51:09,486 [INFO] [1256/2807] Andy DeVaul (8.19.24)
2026-05-30 18:51:09,486 [INFO] [1257/2807] David Barker (8.19.24)
2026-05-30 18:51:09,486 [INFO] [1258/2807] Jake Christensen (8.19.24)
2026-05-30 18:51:09,486 [INFO] [1259/2807] Abdel Latif Bah (8.19.24)
2026-05-30 18:51:09,486 [INFO] [1260/2807] Paul Davis (8.26.24)
2026-05-30 18:51:09,486 [INFO] [1261/2807] Prabhjot Singh (8.26.24)
2026-05-30 18:51:09,486 [INFO] [1262/2807] Roger Langpaul (8.26.24)
2026-05-30 18:51:09,486 [INFO] [1263/2807] Ted Oswald (8.26.24)
2026-05-30 18:51:09,486 [INFO] [1264/2807] Thomas Fawcett (8.26.24)
2026-05-30 18:51:09,487 [INFO] [1265/2807] Reike Plecas (8.26.24)
2026-05-30 18:51:09,487 [INFO] [1266/2807] Rick Makohoniuk (8.26.24)
2026-05-30 18:51:09,487 [INFO] [1267/2807] Robert Dubansky (8.26.24)
2026-05-30 18:51:09,487 [INFO] [1268/2807] Robert Farrell (8.26.24)
2026-05-30 18:51:09,487 [INFO] [1269/2807] Ryan Wiederstein (8.26.24)
2026-05-30 18:51:09,487 [INFO] [1270/2807] Scott Cutler (8.26.24)
2026-05-30 18:51:09,487 [INFO] [1271/2807] Shane Isley (8.26.24)
2026-05-30 18:51:09,487 [INFO] [1272/2807] Aquib Ali (8.26.24)
2026-05-30 18:51:09,487 [INFO] [1273/2807] Brad Davis (8.26.24)
2026-05-30 18:51:09,487 [INFO] [1274/2807] Rakshak Sarda (8.26.24)
2026-05-30 18:51:09,487 [INFO] [1275/2807] Tobiasz Kobielski tobiasz_kobielski@hotmail.com (9.2.24)
2026-05-30 18:51:09,487 [INFO] [1276/2807] Tim Albright (9.9.24)
2026-05-30 18:51:09,487 [INFO] [1277/2807] Tim Campbell (9.9.24)
2026-05-30 18:51:09,487 [INFO] [1278/2807] Todd Scott (9.9.24)
2026-05-30 18:51:09,487 [INFO] [1279/2807] Tony Hung-Nguyen (9.9.24)
2026-05-30 18:51:09,487 [INFO] [1280/2807] Tyler Hogue (9.9.24)
2026-05-30 18:51:09,487 [INFO] [1281/2807] Tyler Rasmussen (9.9.24)
2026-05-30 18:51:09,487 [INFO] [1282/2807] Tyler Tompkins (9.9.24)
2026-05-30 18:51:09,487 [INFO] [1283/2807] Steve Eggers (9.9.24)
2026-05-30 18:51:09,487 [INFO] [1284/2807] Steve Iverson (9.9.24)
2026-05-30 18:51:09,487 [INFO] [1285/2807] Steven Ames (9.9.24)
2026-05-30 18:51:09,487 [INFO] [1286/2807] Steven Koethe (9.9.24)
2026-05-30 18:51:09,487 [INFO] [1287/2807] Steven Nguyen (9.9.24)
2026-05-30 18:51:09,487 [INFO] [1288/2807] Tim Schutte (9.9.24)
2026-05-30 18:51:09,487 [INFO] [1289/2807] Troy Hansen (9.9.24)
2026-05-30 18:51:09,487 [INFO] [1290/2807] Zack Stull (9.9.24)
2026-05-30 18:51:09,487 [INFO] [1291/2807] Zebediah Grimm (9.9.24)
2026-05-30 18:51:09,487 [INFO] [1292/2807] Jeremy Cortwright (9.9.24)
2026-05-30 18:51:09,487 [INFO] [1293/2807] Scott Cutler (9.9.24)
2026-05-30 18:51:09,487 [INFO] [1294/2807] Connor Delaney (9.9.24)
2026-05-30 18:51:09,487 [INFO] [1295/2807] Jack Brundell (9.9.24)
2026-05-30 18:51:09,487 [INFO] [1296/2807] Aquib Ali (9.16.24)
2026-05-30 18:51:09,487 [INFO] [1297/2807] Becky Hiu (9.16.24)
2026-05-30 18:51:09,487 [INFO] [1298/2807] Brad Lowe (9.16.24)
2026-05-30 18:51:09,487 [INFO] [1299/2807] Brian Smith (9.16.24)
2026-05-30 18:51:09,487 [INFO] [1300/2807] Britt Randall (9.16.24)
2026-05-30 18:51:09,487 [INFO] [1301/2807] Bruce McCann (9.16.24)
2026-05-30 18:51:09,487 [INFO] [1302/2807] Caleb Fritzler (9.16.24)
2026-05-30 18:51:09,487 [INFO] [1303/2807] Casey Shelton (9.16.24)
2026-05-30 18:51:09,487 [INFO] [1304/2807] Chase Gochnauer (9.16.24)
2026-05-30 18:51:09,487 [INFO] [1305/2807] Andrew Howard (9.16.24)
2026-05-30 18:51:09,487 [INFO] [1306/2807] Nanak Bronyah nanak.bronyah@gmail.com (9.16.24)
2026-05-30 18:51:09,487 [INFO] [1307/2807] John Chickering (9.16.24)
2026-05-30 18:51:09,487 [INFO] [1308/2807] Nathan Banwart 4412 Hickman Rd. Des Moines, IA 50310 (9.16.24)
2026-05-30 18:51:09,487 [INFO] [1309/2807] Ben Carris bencarris@gmail.com (9.16.24)
2026-05-30 18:51:09,487 [INFO] [1310/2807] Hadley Hornig hadley@karmaprivatelending.com (9.16.24)
2026-05-30 18:51:09,487 [INFO] [1311/2807] Zach Bagby (9.23.24)
2026-05-30 18:51:09,487 [INFO] [1312/2807] Craig Anfinson (9.30.24)
2026-05-30 18:51:09,487 [INFO] [1313/2807] Daniel Doyle (9.30.24)
2026-05-30 18:51:09,487 [INFO] [1314/2807] Dennis Coon (9.30.24)
2026-05-30 18:51:09,487 [INFO] [1315/2807] Doug Shiplett (9.30.24)
2026-05-30 18:51:09,487 [INFO] [1316/2807] Eric Fitzgerald (9.30.24)
2026-05-30 18:51:09,487 [INFO] [1317/2807] Eric McCormick (9.30.24)
2026-05-30 18:51:09,487 [INFO] [1318/2807] Brent Dahlstrom (9.30.24)
2026-05-30 18:51:09,487 [INFO] [1319/2807] Charlie Wheeler Jr (9.30.24)
2026-05-30 18:51:09,487 [INFO] [1320/2807] Chris Black (9.30.24)
2026-05-30 18:51:09,487 [INFO] [1321/2807] Chris Whalen (9.30.24)
2026-05-30 18:51:09,487 [INFO] [1322/2807] Greg Danielson (10.7.24)
2026-05-30 18:51:09,487 [INFO] [1323/2807] Hamid Safdari (10.7.24)
2026-05-30 18:51:09,487 [INFO] [1324/2807] Javier Baeza (10.7.24)
2026-05-30 18:51:09,487 [INFO] [1325/2807] Jeff Osborn (10.7.24)
2026-05-30 18:51:09,487 [INFO] [1326/2807] Jennifer Fawcett (10.7.24)
2026-05-30 18:51:09,487 [INFO] [1327/2807] Justin Madsen (10.7.24)
2026-05-30 18:51:09,487 [INFO] [1328/2807] Ken Wick (10.7.24)
2026-05-30 18:51:09,487 [INFO] [1329/2807] Kyle Galloway (10.7.24)
2026-05-30 18:51:09,487 [INFO] [1330/2807] Levi Franzen (10.7.24)
2026-05-30 18:51:09,487 [INFO] [1331/2807] Drew Heberer (10.7.24)
2026-05-30 18:51:09,487 [INFO] [1332/2807] Duane Vander Leest (10.7.24)
2026-05-30 18:51:09,487 [INFO] [1333/2807] Dustin Kupka (10.7.24)
2026-05-30 18:51:09,487 [INFO] [1334/2807] Ed Behrman (10.7.24)
2026-05-30 18:51:09,487 [INFO] [1335/2807] Eric Lynner (10.7.24)
2026-05-30 18:51:09,487 [INFO] [1336/2807] Frank Levy (10.7.24)
2026-05-30 18:51:09,487 [INFO] [1337/2807] Gabe Molstre (10.7.24)
2026-05-30 18:51:09,487 [INFO] [1338/2807] David Barker (10.7.24)
2026-05-30 18:51:09,487 [INFO] [1339/2807] Bruce Klink (10.7.24)
2026-05-30 18:51:09,487 [INFO] [1340/2807] Chris Murray (10.7.24)
2026-05-30 18:51:09,487 [INFO] [1341/2807] Chris Salazar (10.7.24)
2026-05-30 18:51:09,487 [INFO] [1342/2807] Darsh Desai (10.7.24)
2026-05-30 18:51:09,487 [INFO] [1343/2807] Dennis Ramsey (10.7.24)
2026-05-30 18:51:09,487 [INFO] [1344/2807] Dave Tallet (10.7.24)
2026-05-30 18:51:09,487 [INFO] [1345/2807] Dennis Tierney (10.7.24)
2026-05-30 18:51:09,487 [INFO] [1346/2807] Eddie Moreno extrapointem@gmail.com (10.7.24)
2026-05-30 18:51:09,487 [INFO] [1347/2807] Nive (10.7.24)
2026-05-30 18:51:09,487 [INFO] [1348/2807] Marco Miranda (10.14.24)
2026-05-30 18:51:09,487 [INFO] [1349/2807] Marcus Carris (10.14.24)
2026-05-30 18:51:09,487 [INFO] [1350/2807] Matt DeBoth (10.14.24)
2026-05-30 18:51:09,487 [INFO] [1351/2807] Matt Forsum (10.14.24)
2026-05-30 18:51:09,488 [INFO] [1352/2807] Mike Nixon (10.14.24)
2026-05-30 18:51:09,488 [INFO] [1353/2807] John Lassaux (10.14.24)
2026-05-30 18:51:09,488 [INFO] [1354/2807] Jake Miller (10.14.24)
2026-05-30 18:51:09,488 [INFO] [1355/2807] Jason Smith (10.14.24)
2026-05-30 18:51:09,488 [INFO] [1356/2807] Jeff Schachtner (10.14.24)
2026-05-30 18:51:09,488 [INFO] [1357/2807] Jeff Stanbrough (10.14.24)
2026-05-30 18:51:09,488 [INFO] [1358/2807] Joe Ekis (10.14.24)
2026-05-30 18:51:09,488 [INFO] [1359/2807] John Chickering (10.14.24)
2026-05-30 18:51:09,488 [INFO] [1360/2807] John Kline (10.14.24)
2026-05-30 18:51:09,488 [INFO] [1361/2807] John Larson (10.14.24)
2026-05-30 18:51:09,488 [INFO] [1362/2807] Jon Engelman (10.14.24)
2026-05-30 18:51:09,488 [INFO] [1363/2807] Chris Greer (10.14.24)
2026-05-30 18:51:09,488 [INFO] [1364/2807] Dan Doyle (10.14.24)
2026-05-30 18:51:09,488 [INFO] [1365/2807] Tina Smothers (10.14.24)
2026-05-30 18:51:09,488 [INFO] [1366/2807] Chase Gochnaeur (10.14.24)
2026-05-30 18:51:09,488 [INFO] [1367/2807] Frank Levy (10.14.24)
2026-05-30 18:51:09,488 [INFO] [1368/2807] Israel Garavito (10.14.24)
2026-05-30 18:51:09,488 [INFO] [1369/2807] Ian Schwickert (10.14.24)
2026-05-30 18:51:09,488 [INFO] [1370/2807] Roger Cagann (10.14.24)
2026-05-30 18:51:09,488 [INFO] [1371/2807] David Belcher (Normandy Terrace) (10.14.24)
2026-05-30 18:51:09,488 [INFO] [1372/2807] Thom Ackerman (10.14.24)
2026-05-30 18:51:09,488 [INFO] [1373/2807] Paul Davis (10.28.24)
2026-05-30 18:51:09,488 [INFO] [1374/2807] Prabhjot Singh (10.28.24)
2026-05-30 18:51:09,488 [INFO] [1375/2807] Ryan Galloway (10.28.24)
2026-05-30 18:51:09,488 [INFO] [1376/2807] Ted Oswald (10.28.24)
2026-05-30 18:51:09,488 [INFO] [1377/2807] Joseph Wolfgram (10.28.24)
2026-05-30 18:51:09,488 [INFO] [1378/2807] Kamal Aderibigbe (10.28.24)
2026-05-30 18:51:09,488 [INFO] [1379/2807] Karrie Kading (10.28.24)
2026-05-30 18:51:09,488 [INFO] [1380/2807] Kathy Beyer (10.28.24)
2026-05-30 18:51:09,488 [INFO] [1381/2807] Kathy Bradshaw (10.28.24)
2026-05-30 18:51:09,488 [INFO] [1382/2807] Kent Lehs (10.28.24)
2026-05-30 18:51:09,488 [INFO] [1383/2807] Larry Scott (10.28.24)
2026-05-30 18:51:09,488 [INFO] [1384/2807] Liviu Nicola (10.28.24)
2026-05-30 18:51:09,488 [INFO] [1385/2807] Riley Coy (10.28.24)
2026-05-30 18:51:09,488 [INFO] [1386/2807] Don Nenninger (10.28.24)
2026-05-30 18:51:09,488 [INFO] [1387/2807] Drew Coffin (10.28.24)
2026-05-30 18:51:09,488 [INFO] [1388/2807] Joe Goerdt (10.28.24)
2026-05-30 18:51:09,488 [INFO] [1389/2807] Ed Behrman (10.28.24)
2026-05-30 18:51:09,488 [INFO] [1390/2807] Sushil (10.28.24)
2026-05-30 18:51:09,488 [INFO] [1391/2807] Darsh Desai (10.28.24)
2026-05-30 18:51:09,488 [INFO] [1392/2807] Aaron Bernard (10.28.24)
2026-05-30 18:51:09,488 [INFO] [1393/2807] Matt Deboth (10.28.24)
2026-05-30 18:51:09,488 [INFO] [1394/2807] Adam Metzker (10.28.24)
2026-05-30 18:51:09,488 [INFO] [1395/2807] Jason Grove (10.28.24)
2026-05-30 18:51:09,488 [INFO] [1396/2807] Andy Kouri (10.28.24)
2026-05-30 18:51:09,488 [INFO] [1397/2807] Tim Albright (11.4.24)
2026-05-30 18:51:09,488 [INFO] [1398/2807] Tim Campbell (11.4.24)
2026-05-30 18:51:09,488 [INFO] [1399/2807] Todd Scott (11.4.24)
2026-05-30 18:51:09,488 [INFO] [1400/2807] Tony Hung-Nguyen (11.4.24)
2026-05-30 18:51:09,488 [INFO] [1401/2807] Tyler Rasmussen (11.4.24)
2026-05-30 18:51:09,488 [INFO] [1402/2807] Tyler Tompkins (11.4.24)
2026-05-30 18:51:09,488 [INFO] [1403/2807] Virdi Baljit (11.4.24)
2026-05-30 18:51:09,488 [INFO] [1404/2807] Mitch Sellers (11.4.24)
2026-05-30 18:51:09,488 [INFO] [1405/2807] Luke Jensen (11.4.24)
2026-05-30 18:51:09,488 [INFO] [1406/2807] Marija Balac (11.4.24)
2026-05-30 18:51:09,488 [INFO] [1407/2807] Mark Donahoe (11.4.24)
2026-05-30 18:51:09,488 [INFO] [1408/2807] Mark Nelson (11.4.24)
2026-05-30 18:51:09,488 [INFO] [1409/2807] Mark Peitzman (11.4.24)
2026-05-30 18:51:09,488 [INFO] [1410/2807] Mark Roberts (11.4.24)
2026-05-30 18:51:09,488 [INFO] [1411/2807] Mark Theis (11.4.24)
2026-05-30 18:51:09,488 [INFO] [1412/2807] Mary Frasier (11.4.24)
2026-05-30 18:51:09,488 [INFO] [1413/2807] Mason Ouderkirk (11.4.24)
2026-05-30 18:51:09,488 [INFO] [1414/2807] Michael Boge (11.4.24)
2026-05-30 18:51:09,488 [INFO] [1415/2807] Michael Perrin (11.4.24)
2026-05-30 18:51:09,488 [INFO] [1416/2807] Hunter Washburn (11.4.24)
2026-05-30 18:51:09,488 [INFO] [1417/2807] Brent Dahlstrom (11.4.24)
2026-05-30 18:51:09,488 [INFO] [1418/2807] Jeremy McFarland (11.4.24)
2026-05-30 18:51:09,488 [INFO] [1419/2807] Joe Ekis (11.4.24)
2026-05-30 18:51:09,488 [INFO] [1420/2807] Paul Davis (11.4.24)
2026-05-30 18:51:09,488 [INFO] [1421/2807] Aquib Ali (11.11.24)
2026-05-30 18:51:09,488 [INFO] [1422/2807] Becky Hiu (11.11.24)
2026-05-30 18:51:09,488 [INFO] [1423/2807] Bob Davis (11.11.24)
2026-05-30 18:51:09,488 [INFO] [1424/2807] Brad Lowe (11.11.24)
2026-05-30 18:51:09,488 [INFO] [1425/2807] Britt Randall (11.11.24)
2026-05-30 18:51:09,488 [INFO] [1426/2807] Bruce McCann (11.11.24)
2026-05-30 18:51:09,489 [INFO] [1427/2807] Caleb Fritzler (11.11.24)
2026-05-30 18:51:09,489 [INFO] [1428/2807] Casey Shelton (11.11.24)
2026-05-30 18:51:09,489 [INFO] [1429/2807] Chase Gochnauer (11.11.24)
2026-05-30 18:51:09,489 [INFO] [1430/2807] Mike Hutchison (11.11.24)
2026-05-30 18:51:09,489 [INFO] [1431/2807] Mikhail "Mike" Geister (11.11.24)
2026-05-30 18:51:09,489 [INFO] [1432/2807] Miles Peck (11.11.24)
2026-05-30 18:51:09,489 [INFO] [1433/2807] Mukesh Tayal (11.11.24)
2026-05-30 18:51:09,489 [INFO] [1434/2807] Nathan Smith (11.11.24)
2026-05-30 18:51:09,489 [INFO] [1435/2807] Nick Graham (11.11.24)
2026-05-30 18:51:09,489 [INFO] [1436/2807] Nick Olson (11.11.24)
2026-05-30 18:51:09,489 [INFO] [1437/2807] Jared Whitinger (11.11.24)
2026-05-30 18:51:09,489 [INFO] [1438/2807] Jason Babcock (11.11.24)
2026-05-30 18:51:09,489 [INFO] [1439/2807] Jason Holland (11.11.24)
2026-05-30 18:51:09,489 [INFO] [1440/2807] Jay Connor (11.11.24)
2026-05-30 18:51:09,489 [INFO] [1441/2807] Jeff Bakeris (11.11.24)
2026-05-30 18:51:09,489 [INFO] [1442/2807] Jerry Christopherson (11.11.24)
2026-05-30 18:51:09,489 [INFO] [1443/2807] Jerry Floyd (11.11.24)
2026-05-30 18:51:09,489 [INFO] [1444/2807] Jim Kesterson (11.11.24)
2026-05-30 18:51:09,489 [INFO] [1445/2807] Mitch Kahring (11.11.24)
2026-05-30 18:51:09,489 [INFO] [1446/2807] Ryan Winter (11.11.24)
2026-05-30 18:51:09,489 [INFO] [1447/2807] Mike Nixon (11.11.24)
2026-05-30 18:51:09,489 [INFO] [1448/2807] Chris Salazar (11.11.24)
2026-05-30 18:51:09,489 [INFO] [1449/2807] Roger Cagann (11.11.24)
2026-05-30 18:51:09,489 [INFO] [1450/2807] Craig Anfinson (11.18.2024)
2026-05-30 18:51:09,489 [INFO] [1451/2807] Dennis Coon (11.18.2024)
2026-05-30 18:51:09,489 [INFO] [1452/2807] Doug Shiplett (11.18.2024)
2026-05-30 18:51:09,489 [INFO] [1453/2807] Eric Fitzgerald (11.18.2024)
2026-05-30 18:51:09,489 [INFO] [1454/2807] Eric Ingvall (11.18.2024)
2026-05-30 18:51:09,489 [INFO] [1455/2807] Eric Lewis (11.18.2024)
2026-05-30 18:51:09,489 [INFO] [1456/2807] Eric McCormick (11.18.2024)
2026-05-30 18:51:09,489 [INFO] [1457/2807] Grant Lewis (11.18.2024)
2026-05-30 18:51:09,489 [INFO] [1458/2807] Brent Dahlstrom (11.18.2024)
2026-05-30 18:51:09,489 [INFO] [1459/2807] Randy Rudolph (11.18.2024)
2026-05-30 18:51:09,489 [INFO] [1460/2807] Reike Plecas (11.18.2024)
2026-05-30 18:51:09,489 [INFO] [1461/2807] Rick Makohoniuk (11.18.2024)
2026-05-30 18:51:09,489 [INFO] [1462/2807] Rob Ells (11.18.2024)
2026-05-30 18:51:09,489 [INFO] [1463/2807] Robert Dubansky (11.18.2024)
2026-05-30 18:51:09,489 [INFO] [1464/2807] Robert Farrell (11.18.2024)
2026-05-30 18:51:09,489 [INFO] [1465/2807] Ryan Phelan (11.18.2024)
2026-05-30 18:51:09,489 [INFO] [1466/2807] Scott Cutler (11.18.2024)
2026-05-30 18:51:09,489 [INFO] [1467/2807] Scott Peck (11.18.2024)
2026-05-30 18:51:09,489 [INFO] [1468/2807] Shane Isley (11.18.2024)
2026-05-30 18:51:09,489 [INFO] [1469/2807] Kai Liu (11.18.2024)
2026-05-30 18:51:09,489 [INFO] [1470/2807] Britt Randall (11.18.2024)
2026-05-30 18:51:09,489 [INFO] [1471/2807] Matt Forsum (11.18.2024)
2026-05-30 18:51:09,489 [INFO] [1472/2807] Dave Tallet (11.18.2024)
2026-05-30 18:51:09,489 [INFO] [1473/2807] Tyler Tompkins (11.18.2024)
2026-05-30 18:51:09,489 [INFO] [1474/2807] Greg Danielson (11.25.24)
2026-05-30 18:51:09,489 [INFO] [1475/2807] Hamid Safdari (11.25.24)
2026-05-30 18:51:09,489 [INFO] [1476/2807] Jeff Stark (11.25.24)
2026-05-30 18:51:09,489 [INFO] [1477/2807] Justin Madsen (11.25.24)
2026-05-30 18:51:09,489 [INFO] [1478/2807] Kyle Galloway (11.25.24)
2026-05-30 18:51:09,489 [INFO] [1479/2807] Levi Franzen (11.25.24)
2026-05-30 18:51:09,489 [INFO] [1480/2807] Steve Eggers (11.25.24)
2026-05-30 18:51:09,489 [INFO] [1481/2807] Steve Iverson (11.25.24)
2026-05-30 18:51:09,489 [INFO] [1482/2807] Steven Ames (11.25.24)
2026-05-30 18:51:09,489 [INFO] [1483/2807] Steven Nguyen (11.25.24)
2026-05-30 18:51:09,489 [INFO] [1484/2807] Thomas Ackerman (11.25.24)
2026-05-30 18:51:09,489 [INFO] [1485/2807] Tim Albright (11.25.24)
2026-05-30 18:51:09,489 [INFO] [1486/2807] Tim Schutte (11.25.24)
2026-05-30 18:51:09,489 [INFO] [1487/2807] Troy Hansen (11.25.24)
2026-05-30 18:51:09,489 [INFO] [1488/2807] Tyler Spaans (11.25.24)
2026-05-30 18:51:09,489 [INFO] [1489/2807] Weston Rose (11.25.24)
2026-05-30 18:51:09,489 [INFO] [1490/2807] Zack Stull (11.25.24)
2026-05-30 18:51:09,489 [INFO] [1491/2807] Zebediah Grimm (11.25.24)
2026-05-30 18:51:09,489 [INFO] [1492/2807] Jon Harding (11.25.24)
2026-05-30 18:51:09,489 [INFO] [1493/2807] Jason Babcock (11.25.24)
2026-05-30 18:51:09,489 [INFO] [1494/2807] Marco Miranda (12.2.2024)
2026-05-30 18:51:09,489 [INFO] [1495/2807] Marcus Carris (12.2.2024)
2026-05-30 18:51:09,489 [INFO] [1496/2807] Matt Blickenderfer (12.2.2024)
2026-05-30 18:51:09,489 [INFO] [1497/2807] Matt DeBoth (12.2.2024)
2026-05-30 18:51:09,489 [INFO] [1498/2807] Matt Forsum (12.2.2024)
2026-05-30 18:51:09,489 [INFO] [1499/2807] Merle Laswell (12.2.2024)
2026-05-30 18:51:09,489 [INFO] [1500/2807] Michael Hills (12.2.2024)
2026-05-30 18:51:09,489 [INFO] [1501/2807] John Lassaux (12.2.2024)
2026-05-30 18:51:09,489 [INFO] [1502/2807] Adam Clark (12.2.2024)
2026-05-30 18:51:09,489 [INFO] [1503/2807] Al Perry (12.2.2024)
2026-05-30 18:51:09,489 [INFO] [1504/2807] Alan Levin (12.2.2024)
2026-05-30 18:51:09,489 [INFO] [1505/2807] Alex Gaylon (12.2.2024)
2026-05-30 18:51:09,489 [INFO] [1506/2807] Ali Pourian (12.2.2024)
2026-05-30 18:51:09,489 [INFO] [1507/2807] Allen Connerly (12.2.2024)
2026-05-30 18:51:09,489 [INFO] [1508/2807] Andrew Howard (12.2.2024)
2026-05-30 18:51:09,489 [INFO] [1509/2807] Ben Latusek (12.2.2024)
2026-05-30 18:51:09,489 [INFO] [1510/2807] Bradley Baumler (12.2.2024)
2026-05-30 18:51:09,489 [INFO] [1511/2807] Bradley Grimm (12.2.2024)
2026-05-30 18:51:09,489 [INFO] [1512/2807] Brandon Arends (12.2.2024)
2026-05-30 18:51:09,489 [INFO] [1513/2807] Brandon Foldes (12.2.2024)
2026-05-30 18:51:09,489 [INFO] [1514/2807] Brandon Pratt (12.2.2024)
2026-05-30 18:51:09,489 [INFO] [1515/2807] Brian Blankenburg (12.2.2024)
2026-05-30 18:51:09,489 [INFO] [1516/2807] Paul Butterfield (12.2.2024)
2026-05-30 18:51:09,489 [INFO] [1517/2807] Larkin Adey (12.2.2024)
2026-05-30 18:51:09,489 [INFO] [1518/2807] Leif Anderson (12.2.2024)
2026-05-30 18:51:09,489 [INFO] [1519/2807] Lynell Doughetry (12.2.2024)
2026-05-30 18:51:09,490 [INFO] [1520/2807] Mark Gremler (12.2.2024)
2026-05-30 18:51:09,490 [INFO] [1521/2807] Mark Kassis (12.2.2024)
2026-05-30 18:51:09,490 [INFO] [1522/2807] Matt Eller (12.2.2024)
2026-05-30 18:51:09,490 [INFO] [1523/2807] John Chickering (12.2.2024)
2026-05-30 18:51:09,490 [INFO] [1524/2807] Chris Whalen (12.2.2024)
2026-05-30 18:51:09,490 [INFO] [1525/2807] Prabhjot Singh (12.2.2024)
2026-05-30 18:51:09,490 [INFO] [1526/2807] Jeff Stanbrough (12.2.2024)
2026-05-30 18:51:09,490 [INFO] [1527/2807] Frank Levvy (12.2.2024)
2026-05-30 18:51:09,490 [INFO] [1528/2807] Andy Kouri (12.2.2024)
2026-05-30 18:51:09,490 [INFO] [1529/2807] Austin Davis (12.2.2024)
2026-05-30 18:51:09,490 [INFO] [1530/2807] Jeff Schatner (12.2.2024)
2026-05-30 18:51:09,490 [INFO] [1531/2807] Prabhjot Singh (12.9.24)
2026-05-30 18:51:09,490 [INFO] [1532/2807] Roger Langpaul (12.9.24)
2026-05-30 18:51:09,490 [INFO] [1533/2807] Terrance Doyle (12.9.24)
2026-05-30 18:51:09,490 [INFO] [1534/2807] Thomas Fawcett (12.9.24)
2026-05-30 18:51:09,490 [INFO] [1535/2807] Charlie Wheeler Jr (12.9.24)
2026-05-30 18:51:09,490 [INFO] [1536/2807] Chris Black (12.9.24)
2026-05-30 18:51:09,490 [INFO] [1537/2807] Craig Anfinson (12.9.24)
2026-05-30 18:51:09,490 [INFO] [1538/2807] Darsh Desai (12.9.24)
2026-05-30 18:51:09,490 [INFO] [1539/2807] Frank Levvy (12.9.24)
2026-05-30 18:51:09,490 [INFO] [1540/2807] Aaron Bernard (12.9.24)
2026-05-30 18:51:09,490 [INFO] [1541/2807] Merle Laswell (12.9.24)
2026-05-30 18:51:09,490 [INFO] [1542/2807] Tim Albright (1.20.25)
2026-05-30 18:51:09,490 [INFO] [1543/2807] Tim Campbell (1.20.25)
2026-05-30 18:51:09,490 [INFO] [1544/2807] Todd Scott (1.20.25)
2026-05-30 18:51:09,490 [INFO] [1545/2807] Tyler Tompkins (1.20.25)
2026-05-30 18:51:09,490 [INFO] [1546/2807] Virdi Baljit (1.20.25)
2026-05-30 18:51:09,490 [INFO] [1547/2807] Mitch Sellers (1.20.25)
2026-05-30 18:51:09,490 [INFO] [1548/2807] Drew Heberer (1.20.25)
2026-05-30 18:51:09,490 [INFO] [1549/2807] Duane Vander Leest (1.20.25)
2026-05-30 18:51:09,490 [INFO] [1550/2807] Dustin Kupka (1.20.25)
2026-05-30 18:51:09,490 [INFO] [1551/2807] Ed Behrman (1.20.25)
2026-05-30 18:51:09,490 [INFO] [1552/2807] Eric Lynner (1.20.25)
2026-05-30 18:51:09,490 [INFO] [1553/2807] Frank Levy (1.20.25)
2026-05-30 18:51:09,490 [INFO] [1554/2807] Gabe Molstre (1.20.25)
2026-05-30 18:51:09,490 [INFO] [1555/2807] Gerry Ambrose (1.20.25)
2026-05-30 18:51:09,490 [INFO] [1556/2807] Jacob Mosqueda (1.20.25)
2026-05-30 18:51:09,490 [INFO] [1557/2807] Nchai Khang (1.20.25)
2026-05-30 18:51:09,490 [INFO] [1558/2807] Ryan Winter (1.20.25)
2026-05-30 18:51:09,490 [INFO] [1559/2807] Bob Davis (1.20.25)
2026-05-30 18:51:09,490 [INFO] [1560/2807] Christopher Salazar (1.20.25)
2026-05-30 18:51:09,490 [INFO] [1561/2807] Gaurav Halla (1.20.25)
2026-05-30 18:51:09,490 [INFO] [1562/2807] Jeff Stanbrough (1.20.25)
2026-05-30 18:51:09,490 [INFO] [1563/2807] Matt Forsum (1.20.25)
2026-05-30 18:51:09,490 [INFO] [1564/2807] Greg Danielson (1.20.25)
2026-05-30 18:51:09,490 [INFO] [1565/2807] Daniel Doyle (1.20.25)
2026-05-30 18:51:09,490 [INFO] [1566/2807] Matt Deboth (1.20.25)
2026-05-30 18:51:09,490 [INFO] [1567/2807] Rob Ells (1.20.25)
2026-05-30 18:51:09,490 [INFO] [1568/2807] Matt Eller (1.20.25)
2026-05-30 18:51:09,490 [INFO] [1569/2807] Brad Houser (1.20.25)
2026-05-30 18:51:09,490 [INFO] [1570/2807] Steve Hornig (1.20.25)
2026-05-30 18:51:09,490 [INFO] [1571/2807] Paul Davis (1.20.25)
2026-05-30 18:51:09,490 [INFO] [1572/2807] Ted Oswald (1.20.25)
2026-05-30 18:51:09,490 [INFO] [1573/2807] Chris Black (1.20.25)
2026-05-30 18:51:09,490 [INFO] [1574/2807] Levi Franzen (1.20.25)
2026-05-30 18:51:09,490 [INFO] [1575/2807] Clint Miller (1.20.25)
2026-05-30 18:51:09,490 [INFO] [1576/2807] Britt Randall (1.20.25)
2026-05-30 18:51:09,490 [INFO] [1577/2807] Caleb Fritzler (1.20.25)
2026-05-30 18:51:09,490 [INFO] [1578/2807] Craig Anfinson (1.20.25)
2026-05-30 18:51:09,490 [INFO] [1579/2807] John Livingston (1.20.25)
2026-05-30 18:51:09,490 [INFO] [1580/2807] Aaron Bernard (1.26.25)
2026-05-30 18:51:09,490 [INFO] [1581/2807] Adam Metzker (1.26.25)
2026-05-30 18:51:09,490 [INFO] [1582/2807] Becky Hiu (1.26.25)
2026-05-30 18:51:09,490 [INFO] [1583/2807] Brad Lowe (1.26.25)
2026-05-30 18:51:09,490 [INFO] [1584/2807] Brian Smith (1.26.25)
2026-05-30 18:51:09,490 [INFO] [1585/2807] Casey Shelton (1.26.25)
2026-05-30 18:51:09,490 [INFO] [1586/2807] Chase Gochnauer (1.26.25)
2026-05-30 18:51:09,490 [INFO] [1587/2807] Jake Miller (1.26.25)
2026-05-30 18:51:09,490 [INFO] [1588/2807] Jason Smith (1.26.25)
2026-05-30 18:51:09,490 [INFO] [1589/2807] Jeff Schachtner (1.26.25)
2026-05-30 18:51:09,490 [INFO] [1590/2807] Jeff Stanbrough (1.26.25)
2026-05-30 18:51:09,490 [INFO] [1591/2807] Joe Bryant (1.26.25)
2026-05-30 18:51:09,490 [INFO] [1592/2807] Joe Cover (1.26.25)
2026-05-30 18:51:09,490 [INFO] [1593/2807] Joe Ekis (1.26.25)
2026-05-30 18:51:09,490 [INFO] [1594/2807] John Chickering (1.26.25)
2026-05-30 18:51:09,490 [INFO] [1595/2807] John Kline (1.26.25)
2026-05-30 18:51:09,490 [INFO] [1596/2807] Jon Engelman (1.26.25)
2026-05-30 18:51:09,490 [INFO] [1597/2807] Eric Smith (1.26.25)
2026-05-30 18:51:09,490 [INFO] [1598/2807] Brad Vander Linden (1.26.25)
2026-05-30 18:51:09,490 [INFO] [1599/2807] Gaurav Bhalla (1.26.25)
2026-05-30 18:51:09,490 [INFO] [1600/2807] Cherian Koshy (2.3.25)
2026-05-30 18:51:09,490 [INFO] [1601/2807] Craig Anfinson (2.3.25)
2026-05-30 18:51:09,490 [INFO] [1602/2807] Daniel Doyle (2.3.25)
2026-05-30 18:51:09,490 [INFO] [1603/2807] David Barker (2.3.25)
2026-05-30 18:51:09,490 [INFO] [1604/2807] Dennis Coon (2.3.25)
2026-05-30 18:51:09,490 [INFO] [1605/2807] Doug Shiplett (2.3.25)
2026-05-30 18:51:09,490 [INFO] [1606/2807] Eric Fitzgerald (2.3.25)
2026-05-30 18:51:09,490 [INFO] [1607/2807] Eric Ingvall (2.3.25)
2026-05-30 18:51:09,491 [INFO] [1608/2807] Eric Lewis (2.3.25)
2026-05-30 18:51:09,491 [INFO] [1609/2807] Eric McCormick (2.3.25)
2026-05-30 18:51:09,491 [INFO] [1610/2807] Grant Lewis (2.3.25)
2026-05-30 18:51:09,491 [INFO] [1611/2807] Brent Dahlstrom (2.3.25)
2026-05-30 18:51:09,491 [INFO] [1612/2807] Karrie Kading (2.3.25)
2026-05-30 18:51:09,491 [INFO] [1613/2807] Kathy Bradshaw (2.3.25)
2026-05-30 18:51:09,491 [INFO] [1614/2807] Kent Lehs (2.3.25)
2026-05-30 18:51:09,491 [INFO] [1615/2807] Kyle Ellensohn (2.3.25)
2026-05-30 18:51:09,491 [INFO] [1616/2807] Liviu Nicola (2.3.25)
2026-05-30 18:51:09,491 [INFO] [1617/2807] Riley Coy (2.3.25)
2026-05-30 18:51:09,491 [INFO] [1618/2807] Vicky Hanus (2.3.25)
2026-05-30 18:51:09,491 [INFO] [1619/2807] Mukesh Tayal (2.3.25)
2026-05-30 18:51:09,491 [INFO] [1620/2807] Bob Sweeney (2.3.25)
2026-05-30 18:51:09,491 [INFO] [1621/2807] Merle Laswell (2.3.25)
2026-05-30 18:51:09,491 [INFO] [1622/2807] Nick Graham (2.3.25)
2026-05-30 18:51:09,491 [INFO] [1623/2807] Nate Adam (2.3.25)
2026-05-30 18:51:09,491 [INFO] [1624/2807] Cory Blood (2.3.25)
2026-05-30 18:51:09,491 [INFO] [1625/2807] Eric Daniels (2.3.25)
2026-05-30 18:51:09,491 [INFO] [1626/2807] Matt Eller (2.3.25)
2026-05-30 18:51:09,491 [INFO] [1627/2807] Brandon Foldes (2.3.25)
2026-05-30 18:51:09,491 [INFO] [1628/2807] Becky Hiu (2.3.25)
2026-05-30 18:51:09,491 [INFO] [1629/2807] Mason Bear (2.3.25)
2026-05-30 18:51:09,491 [INFO] [1630/2807] Matt Forsum (2.3.25)
2026-05-30 18:51:09,491 [INFO] [1631/2807] Tyler Rasmussen (2.3.25)
2026-05-30 18:51:09,491 [INFO] [1632/2807] Jeff Osborn (2.10.25)
2026-05-30 18:51:09,491 [INFO] [1633/2807] Mark Peitzman (2.10.25)
2026-05-30 18:51:09,491 [INFO] [1634/2807] Mark Roberts (2.10.25)
2026-05-30 18:51:09,491 [INFO] [1635/2807] Michael Boge (2.10.25)
2026-05-30 18:51:09,491 [INFO] [1636/2807] Matt Eller (2.10.25)
2026-05-30 18:51:09,491 [INFO] [1637/2807] Matt Forsum (2.10.25)
2026-05-30 18:51:09,491 [INFO] [1638/2807] Jeff Stanbrough (2.10.25)
2026-05-30 18:51:09,491 [INFO] [1639/2807] Mason Bear (2.10.25)
2026-05-30 18:51:09,491 [INFO] [1640/2807] John Fox (2.10.25)
2026-05-30 18:51:09,491 [INFO] [1641/2807] Brandon Foldes (2.10.25)
2026-05-30 18:51:09,491 [INFO] [1642/2807] Cory Blood (2.10.25)
2026-05-30 18:51:09,491 [INFO] [1643/2807] Tyler Tompkins (2.10.25)
2026-05-30 18:51:09,491 [INFO] [1644/2807] Andrew Howard (2.10.25)
2026-05-30 18:51:09,491 [INFO] [1645/2807] Matt DeBoth (2.24.2025)
2026-05-30 18:51:09,491 [INFO] [1646/2807] Matt Forsum (2.24.2025)
2026-05-30 18:51:09,491 [INFO] [1647/2807] Paul Davis (2.24.2025)
2026-05-30 18:51:09,491 [INFO] [1648/2807] Roger Langpaul (2.24.2025)
2026-05-30 18:51:09,491 [INFO] [1649/2807] Teddy Mohlman (2.24.2025)
2026-05-30 18:51:09,491 [INFO] [1650/2807] Thomas Fawcett (2.24.2025)
2026-05-30 18:51:09,491 [INFO] [1651/2807] Tim Campbell (2.24.2025)
2026-05-30 18:51:09,491 [INFO] [1652/2807] Ryan Wiederstein (2.24.2025)
2026-05-30 18:51:09,491 [INFO] [1653/2807] Miles Peck (2.24.2025)
2026-05-30 18:51:09,491 [INFO] [1654/2807] Nathan Smith (2.24.2025)
2026-05-30 18:51:09,491 [INFO] [1655/2807] Nick Olson (2.24.2025)
2026-05-30 18:51:09,491 [INFO] [1656/2807] Peter Patel (2.24.2025)
2026-05-30 18:51:09,491 [INFO] [1657/2807] Hamid Safdari (2.24.2025)
2026-05-30 18:51:09,491 [INFO] [1658/2807] Kyle Galloway (2.24.2025)
2026-05-30 18:51:09,491 [INFO] [1659/2807] Merle Laswell (2.24.2025)
2026-05-30 18:51:09,491 [INFO] [1660/2807] Ted Oswald (2.24.2025)
2026-05-30 18:51:09,491 [INFO] [1661/2807] Ramiz Dogic (2.24.2025)
2026-05-30 18:51:09,491 [INFO] [1662/2807] Randy Rudolph (2.24.2025)
2026-05-30 18:51:09,491 [INFO] [1663/2807] Rick Makohoniuk (2.24.2025)
2026-05-30 18:51:09,491 [INFO] [1664/2807] Rob Ells (2.24.2025)
2026-05-30 18:51:09,491 [INFO] [1665/2807] Robert Farrell (2.24.2025)
2026-05-30 18:51:09,491 [INFO] [1666/2807] Ryan Nguyen (2.24.2025)
2026-05-30 18:51:09,491 [INFO] [1667/2807] Ryan Phelan (2.24.2025)
2026-05-30 18:51:09,491 [INFO] [1668/2807] Addison Templeton (2.24.2025)
2026-05-30 18:51:09,491 [INFO] [1669/2807] Allen Claussen (2.24.2025)
2026-05-30 18:51:09,491 [INFO] [1670/2807] Allen Frederick (2.24.2025)
2026-05-30 18:51:09,491 [INFO] [1671/2807] Benjamin Widmyer (2.24.2025)
2026-05-30 18:51:09,491 [INFO] [1672/2807] Bill Murphy (2.24.2025)
2026-05-30 18:51:09,491 [INFO] [1673/2807] Brad Davis (2.24.2025)
2026-05-30 18:51:09,491 [INFO] [1674/2807] Adam Metzker (2.24.2025)
2026-05-30 18:51:09,491 [INFO] [1675/2807] Cherian Koshy (2.24.2025)
2026-05-30 18:51:09,491 [INFO] [1676/2807] Al Wright (2.24.2025)
2026-05-30 18:51:09,491 [INFO] [1677/2807] Carl Wiederaenders (2.24.2025)
2026-05-30 18:51:09,491 [INFO] [1678/2807] Jeff Sullivan (2.24.2025)
2026-05-30 18:51:09,491 [INFO] [1679/2807] Danny Hegan (2.24.2025)
2026-05-30 18:51:09,491 [INFO] [1680/2807] Chris Salazar (2.24.2025)
2026-05-30 18:51:09,492 [INFO] [1681/2807] Nick Graham (2.24.2025)
2026-05-30 18:51:09,492 [INFO] [1682/2807] Jill Bassman (2.24.2025)
2026-05-30 18:51:09,492 [INFO] [1683/2807] Nate Adams (2.24.2025)
2026-05-30 18:51:09,492 [INFO] [1684/2807] Chris Murray (2.24.2025)
2026-05-30 18:51:09,492 [INFO] [1685/2807] Ed Behrman (2.24.2025)
2026-05-30 18:51:09,492 [INFO] [1686/2807] Grant Lewis (2.24.2025)
2026-05-30 18:51:09,492 [INFO] [1687/2807] Matt Forsum (2.24.2025)
2026-05-30 18:51:09,492 [INFO] [1688/2807] Bob Sweeney (2.24.2025)
2026-05-30 18:51:09,492 [INFO] [1689/2807] Jason Smith (2.24.2025)
2026-05-30 18:51:09,492 [INFO] [1690/2807] Rajee Harris (2.24.2025)
2026-05-30 18:51:09,492 [INFO] [1691/2807] Mike Berns (2.24.2025)
2026-05-30 18:51:09,492 [INFO] [1692/2807] Mark Lutzger (2.24.2025)
2026-05-30 18:51:09,492 [INFO] [1693/2807] Stephen Ward (2.24.2025)
2026-05-30 18:51:09,492 [INFO] [1694/2807] Andy Kouri (3.3.2025)
2026-05-30 18:51:09,492 [INFO] [1695/2807] Ben Latusek (3.3.2025)
2026-05-30 18:51:09,492 [INFO] [1696/2807] Brad Houser (3.3.2025)
2026-05-30 18:51:09,492 [INFO] [1697/2807] Chris Salazar (3.3.2025)
2026-05-30 18:51:09,492 [INFO] [1698/2807] Ed Behrman (3.3.2025)
2026-05-30 18:51:09,492 [INFO] [1699/2807] Jason Grove (3.3.2025)
2026-05-30 18:51:09,492 [INFO] [1700/2807] Tim Albright (3.3.2025)
2026-05-30 18:51:09,492 [INFO] [1701/2807] Scott Peck (3.3.2025)
2026-05-30 18:51:09,492 [INFO] [1702/2807] Shane Isley (3.3.2025)
2026-05-30 18:51:09,492 [INFO] [1703/2807] Stephen Emerson (3.3.2025)
2026-05-30 18:51:09,492 [INFO] [1704/2807] Levi Franzen (3.3.2025)
2026-05-30 18:51:09,492 [INFO] [1705/2807] Michael Hills (3.3.2025)
2026-05-30 18:51:09,492 [INFO] [1706/2807] Tony Hung-Nguyen (3.3.2025)
2026-05-30 18:51:09,492 [INFO] [1707/2807] Steve Eggers (3.3.2025)
2026-05-30 18:51:09,492 [INFO] [1708/2807] Steve Iverson (3.3.2025)
2026-05-30 18:51:09,492 [INFO] [1709/2807] Steven Ames (3.3.2025)
2026-05-30 18:51:09,492 [INFO] [1710/2807] Steven Koethe (3.3.2025)
2026-05-30 18:51:09,492 [INFO] [1711/2807] Steven Nguyen (3.3.2025)
2026-05-30 18:51:09,492 [INFO] [1712/2807] Thomas Ackerman (3.3.2025)
2026-05-30 18:51:09,492 [INFO] [1713/2807] Tim Rypma (3.3.2025)
2026-05-30 18:51:09,492 [INFO] [1714/2807] Tim Schutte (3.3.2025)
2026-05-30 18:51:09,492 [INFO] [1715/2807] Brandon Hughes (3.3.2025)
2026-05-30 18:51:09,492 [INFO] [1716/2807] Bruce Becker (3.3.2025)
2026-05-30 18:51:09,492 [INFO] [1717/2807] Chad Welsh (3.3.2025)
2026-05-30 18:51:09,492 [INFO] [1718/2807] Charles O'Griffin (3.3.2025)
2026-05-30 18:51:09,492 [INFO] [1719/2807] Mikhail Suvorov (3.3.2025)
2026-05-30 18:51:09,492 [INFO] [1720/2807] Alan Levin (3.3.2025)
2026-05-30 18:51:09,492 [INFO] [1721/2807] Cody Shepard (3.3.2025)
2026-05-30 18:51:09,492 [INFO] [1722/2807] Joe Hansen (3.3.2025)
2026-05-30 18:51:09,492 [INFO] [1723/2807] Rahul Chadha (3.3.2025)
2026-05-30 18:51:09,492 [INFO] [1724/2807] Christian Ruiz (3.3.2025)
2026-05-30 18:51:09,492 [INFO] [1725/2807] Craig Farlinger (3.3.2025)
2026-05-30 18:51:09,492 [INFO] [1726/2807] Gary Gilbert (3.3.2025)
2026-05-30 18:51:09,492 [INFO] [1727/2807] Nate Adams (3.3.2025)
2026-05-30 18:51:09,492 [INFO] [1728/2807] Stephen Ward (3.3.2025)
2026-05-30 18:51:09,492 [INFO] [1729/2807] Brian Smith (3.3.2025)
2026-05-30 18:51:09,492 [INFO] [1730/2807] Tim Albright (3.10.25)
2026-05-30 18:51:09,492 [INFO] [1731/2807] John Chickering (3.10.25)
2026-05-30 18:51:09,492 [INFO] [1732/2807] Todd Scott (3.10.25)
2026-05-30 18:51:09,492 [INFO] [1733/2807] Kent Lehs (3.10.25)
2026-05-30 18:51:09,492 [INFO] [1734/2807] Mukesh Tayal (3.10.25)
2026-05-30 18:51:09,492 [INFO] [1735/2807] Nathan Faselt (3.10.25)
2026-05-30 18:51:09,492 [INFO] [1736/2807] Nick Graham (3.10.25)
2026-05-30 18:51:09,492 [INFO] [1737/2807] Weston Rose (3.10.25)
2026-05-30 18:51:09,492 [INFO] [1738/2807] Troy Hansen (3.10.25)
2026-05-30 18:51:09,492 [INFO] [1739/2807] Vicky Hanus (3.10.25)
2026-05-30 18:51:09,492 [INFO] [1740/2807] Tyler Spaans (3.10.25)
2026-05-30 18:51:09,492 [INFO] [1741/2807] Zack Stull (3.10.25)
2026-05-30 18:51:09,492 [INFO] [1742/2807] Zebediah Grimm (3.10.25)
2026-05-30 18:51:09,492 [INFO] [1743/2807] Alex Erickson (3.10.25)
2026-05-30 18:51:09,492 [INFO] [1744/2807] Arnold Forget (3.10.25)
2026-05-30 18:51:09,492 [INFO] [1745/2807] Chris Greer (3.10.25)
2026-05-30 18:51:09,492 [INFO] [1746/2807] Gaurav Bhalla (3.10.25)
2026-05-30 18:51:09,492 [INFO] [1747/2807] Hunter Bradford (3.10.25)
2026-05-30 18:51:09,492 [INFO] [1748/2807] Hunter Washburn (3.10.25)
2026-05-30 18:51:09,492 [INFO] [1749/2807] Jay Connor (3.10.25)
2026-05-30 18:51:09,492 [INFO] [1750/2807] Rolston Boon (3.10.25)
2026-05-30 18:51:09,492 [INFO] [1751/2807] Craig Tracy (3.10.25)
2026-05-30 18:51:09,492 [INFO] [1752/2807] Dan Blome (3.10.25)
2026-05-30 18:51:09,492 [INFO] [1753/2807] Don Khongmaly (3.10.25)
2026-05-30 18:51:09,493 [INFO] [1754/2807] Daniel O'Connor (3.10.25)
2026-05-30 18:51:09,493 [INFO] [1755/2807] Daniel Owens (3.10.25)
2026-05-30 18:51:09,493 [INFO] [1756/2807] David Biedenbach (3.10.25)
2026-05-30 18:51:09,493 [INFO] [1757/2807] Eric Smith (3.10.25)
2026-05-30 18:51:09,493 [INFO] [1758/2807] David Keller (3.10.25)
2026-05-30 18:51:09,493 [INFO] [1759/2807] Dennis Resh (3.10.25)
2026-05-30 18:51:09,493 [INFO] [1760/2807] Justin Marshall (3.10.25)
2026-05-30 18:51:09,493 [INFO] [1761/2807] Thomas Ackerman (3.10.25)
2026-05-30 18:51:09,493 [INFO] [1762/2807] Peter Nixon (3.10.25)
2026-05-30 18:51:09,493 [INFO] [1763/2807] Eric Fitzgerald (3.10.25)
2026-05-30 18:51:09,493 [INFO] [1764/2807] Tedd Mohlman (3.10.25)
2026-05-30 18:51:09,493 [INFO] [1765/2807] Bet Latusek (3.10.25)
2026-05-30 18:51:09,493 [INFO] [1766/2807] Aaron Bernard (3.10.25)
2026-05-30 18:51:09,493 [INFO] [1767/2807] Chris Black (3.10.25)
2026-05-30 18:51:09,493 [INFO] [1768/2807] Caleb Fritzler (3.10.25)
2026-05-30 18:51:09,493 [INFO] [1769/2807] Aquib Ali (3.17.2025)
2026-05-30 18:51:09,493 [INFO] [1770/2807] Becky Hiu (3.17.2025)
2026-05-30 18:51:09,493 [INFO] [1771/2807] Britt Randall (3.17.2025)
2026-05-30 18:51:09,493 [INFO] [1772/2807] Caleb Fritzler (3.17.2025)
2026-05-30 18:51:09,493 [INFO] [1773/2807] Chase Gochnauer (3.17.2025)
2026-05-30 18:51:09,493 [INFO] [1774/2807] Austin Davis (3.17.2025)
2026-05-30 18:51:09,493 [INFO] [1775/2807] Adam Clark (3.17.2025)
2026-05-30 18:51:09,493 [INFO] [1776/2807] Al Perry (3.17.2025)
2026-05-30 18:51:09,493 [INFO] [1777/2807] Alex Gaylon (3.17.2025)
2026-05-30 18:51:09,493 [INFO] [1778/2807] Allen Connerly (3.17.2025)
2026-05-30 18:51:09,493 [INFO] [1779/2807] Andrew Howard (3.17.2025)
2026-05-30 18:51:09,493 [INFO] [1780/2807] Bradley Baumler (3.17.2025)
2026-05-30 18:51:09,493 [INFO] [1781/2807] Brandon Pratt (3.17.2025)
2026-05-30 18:51:09,493 [INFO] [1782/2807] Brian Blankenburg (3.17.2025)
2026-05-30 18:51:09,493 [INFO] [1783/2807] Paul Butterfield (3.17.2025)
2026-05-30 18:51:09,493 [INFO] [1784/2807] Mike Nixon (3.17.2025)
2026-05-30 18:51:09,493 [INFO] [1785/2807] Andy DeVaul (3.17.2025)
2026-05-30 18:51:09,493 [INFO] [1786/2807] Ron Kelley (3.17.2025)
2026-05-30 18:51:09,493 [INFO] [1787/2807] Drew Coffin (3.17.2025)
2026-05-30 18:51:09,493 [INFO] [1788/2807] Craig Anfinson (3.17.2025)
2026-05-30 18:51:09,493 [INFO] [1789/2807] Bob Sweeney (3.17.2025)
2026-05-30 18:51:09,493 [INFO] [1790/2807] Charles O Griffin (3.17.2025)
2026-05-30 18:51:09,493 [INFO] [1791/2807] Doni Yellin (3.17.2025)
2026-05-30 18:51:09,493 [INFO] [1792/2807] Dennis Coon (3.17.2025)
2026-05-30 18:51:09,493 [INFO] [1793/2807] Erick McCormick (3.17.2025)
2026-05-30 18:51:09,493 [INFO] [1794/2807] Marco Miranda (3.17.2025)
2026-05-30 18:51:09,493 [INFO] [1795/2807] Ed Behrman (3.17.2025)
2026-05-30 18:51:09,493 [INFO] [1796/2807] Mason Bear (3.17.2025)
2026-05-30 18:51:09,493 [INFO] [1797/2807] Keith Clague claguekeith@gmail.com (3.17.2025)
2026-05-30 18:51:09,493 [INFO] [1798/2807] Craig Anfinson (3.24.25)
2026-05-30 18:51:09,493 [INFO] [1799/2807] David Barker (3.24.25)
2026-05-30 18:51:09,493 [INFO] [1800/2807] Doug Shiplett (3.24.25)
2026-05-30 18:51:09,493 [INFO] [1801/2807] Eric Lewis (3.24.25)
2026-05-30 18:51:09,493 [INFO] [1802/2807] Eric McCormick (3.24.25)
2026-05-30 18:51:09,493 [INFO] [1803/2807] Charles Wheeler Sr (3.24.25)
2026-05-30 18:51:09,493 [INFO] [1804/2807] Charlie Wheeler Jr (3.24.25)
2026-05-30 18:51:09,493 [INFO] [1805/2807] Chris Black (3.24.25)
2026-05-30 18:51:09,493 [INFO] [1806/2807] Chris Whalen (3.24.25)
2026-05-30 18:51:09,493 [INFO] [1807/2807] Darsh Desai (3.24.25)
2026-05-30 18:51:09,493 [INFO] [1808/2807] Dave Tallett (3.24.25)
2026-05-30 18:51:09,493 [INFO] [1809/2807] Dennis Carroll (3.24.25)
2026-05-30 18:51:09,493 [INFO] [1810/2807] Dennis Ramsey (3.24.25)
2026-05-30 18:51:09,493 [INFO] [1811/2807] Dennis Tierney (3.24.25)
2026-05-30 18:51:09,493 [INFO] [1812/2807] Derrich Huffy (3.24.25)
2026-05-30 18:51:09,493 [INFO] [1813/2807] Mitch Sellers (3.24.25)
2026-05-30 18:51:09,493 [INFO] [1814/2807] Jim Kesterson (3.24.25)
2026-05-30 18:51:09,493 [INFO] [1815/2807] Kay Godfredsen (3.24.25)
2026-05-30 18:51:09,493 [INFO] [1816/2807] Greg Downes (3.24.25)
2026-05-30 18:51:09,493 [INFO] [1817/2807] Greg Dryden (3.24.25)
2026-05-30 18:51:09,493 [INFO] [1818/2807] Greg McLaughlin (3.24.25)
2026-05-30 18:51:09,493 [INFO] [1819/2807] Gregory A Jasper (3.24.25)
2026-05-30 18:51:09,493 [INFO] [1820/2807] Harry Feng (3.24.25)
2026-05-30 18:51:09,493 [INFO] [1821/2807] Matt Rousseau (3.24.25)
2026-05-30 18:51:09,493 [INFO] [1822/2807] Joe Cain (3.24.25)
2026-05-30 18:51:09,493 [INFO] [1823/2807] Ken and Rachel Wick (3.24.25)
2026-05-30 18:51:09,493 [INFO] [1824/2807] Ryan Andreini (3.24.25)
2026-05-30 18:51:09,493 [INFO] [1825/2807] Brian Blankenberg (3.24.25)
2026-05-30 18:51:09,493 [INFO] [1826/2807] Nick Graham (3.24.25)
2026-05-30 18:51:09,493 [INFO] [1827/2807] Brent Dahlstrom (3.24.25)
2026-05-30 18:51:09,493 [INFO] [1828/2807] Caleb Wilson (3.24.25)
2026-05-30 18:51:09,494 [INFO] [1829/2807] Zach Bagby (3.24.25)
2026-05-30 18:51:09,494 [INFO] [1830/2807] Ed Burman (3.24.25)
2026-05-30 18:51:09,494 [INFO] [1831/2807] Caleb Ale (3.24.25)
2026-05-30 18:51:09,494 [INFO] [1832/2807] Jeremy Mcfarland (3.31.25)
2026-05-30 18:51:09,494 [INFO] [1833/2807] Justin Madsen (3.31.25)
2026-05-30 18:51:09,494 [INFO] [1834/2807] Nick Lakhani (3.31.25)
2026-05-30 18:51:09,494 [INFO] [1835/2807] Rajee Harris (3.31.25)
2026-05-30 18:51:09,494 [INFO] [1836/2807] Drew Heberer (3.31.25)
2026-05-30 18:51:09,494 [INFO] [1837/2807] Duane Vander Leest (3.31.25)
2026-05-30 18:51:09,494 [INFO] [1838/2807] Dustin Kupka (3.31.25)
2026-05-30 18:51:09,494 [INFO] [1839/2807] Eric Daniels (3.31.25)
2026-05-30 18:51:09,494 [INFO] [1840/2807] Eric Lynner (3.31.25)
2026-05-30 18:51:09,494 [INFO] [1841/2807] Frank Levy (3.31.25)
2026-05-30 18:51:09,494 [INFO] [1842/2807] Gabe Molstre (3.31.25)
2026-05-30 18:51:09,494 [INFO] [1843/2807] Gerry Ambrose (3.31.25)
2026-05-30 18:51:09,494 [INFO] [1844/2807] Guy Varble (3.31.25)
2026-05-30 18:51:09,494 [INFO] [1845/2807] Ian Schwickert (3.31.25)
2026-05-30 18:51:09,494 [INFO] [1846/2807] Jacob Mosqueda (3.31.25)
2026-05-30 18:51:09,494 [INFO] [1847/2807] Marco Miranda (3.31.25)
2026-05-30 18:51:09,494 [INFO] [1848/2807] Nick Graham (3.31.25)
2026-05-30 18:51:09,494 [INFO] [1849/2807] Joe Ekis (3.31.25)
2026-05-30 18:51:09,494 [INFO] [1850/2807] Eric McCormick (3.31.25)
2026-05-30 18:51:09,494 [INFO] [1851/2807] Ryan Calahan (3.31.25)
2026-05-30 18:51:09,494 [INFO] [1852/2807] Ryan Galloway (3.31.25)
2026-05-30 18:51:09,494 [INFO] [1853/2807] Shane Isley (3.31.25)
2026-05-30 18:51:09,494 [INFO] [1854/2807] Brad Houser (3.31.25)
2026-05-30 18:51:09,494 [INFO] [1855/2807] Matt Forsum (4.7.25)
2026-05-30 18:51:09,494 [INFO] [1856/2807] Paul Davis (4.7.25)
2026-05-30 18:51:09,494 [INFO] [1857/2807] Roger Langpaul (4.7.25)
2026-05-30 18:51:09,494 [INFO] [1858/2807] Ryan Winter (4.7.25)
2026-05-30 18:51:09,494 [INFO] [1859/2807] Teddy Mohlman (4.7.25)
2026-05-30 18:51:09,494 [INFO] [1860/2807] Thomas Fawcett (4.7.25)
2026-05-30 18:51:09,494 [INFO] [1861/2807] Tim Campbell (4.7.25)
2026-05-30 18:51:09,494 [INFO] [1862/2807] Jake Miller (4.7.25)
2026-05-30 18:51:09,494 [INFO] [1863/2807] James Myers (4.7.25)
2026-05-30 18:51:09,494 [INFO] [1864/2807] Jason Smith (4.7.25)
2026-05-30 18:51:09,494 [INFO] [1865/2807] Jeff Stanbrough (4.7.25)
2026-05-30 18:51:09,494 [INFO] [1866/2807] Jerry Christopherson (4.7.25)
2026-05-30 18:51:09,494 [INFO] [1867/2807] Joe Bryant (4.7.25)
2026-05-30 18:51:09,494 [INFO] [1868/2807] Joe Cover (4.7.25)
2026-05-30 18:51:09,494 [INFO] [1869/2807] John Kline (4.7.25)
2026-05-30 18:51:09,494 [INFO] [1870/2807] Jon Engelman (4.7.25)
2026-05-30 18:51:09,494 [INFO] [1871/2807] Richard Hutsell (4.7.25)
2026-05-30 18:51:09,494 [INFO] [1872/2807] Adam Goodwin (4.7.25)
2026-05-30 18:51:09,494 [INFO] [1873/2807] Reece Satre (4.7.25)
2026-05-30 18:51:09,494 [INFO] [1874/2807] Adam Brantman (4.7.25)
2026-05-30 18:51:09,494 [INFO] [1875/2807] Joseph Wolfgram (4.7.25)
2026-05-30 18:51:09,494 [INFO] [1876/2807] Kai Liu (4.7.25)
2026-05-30 18:51:09,494 [INFO] [1877/2807] Jason Holland (4.7.25)
2026-05-30 18:51:09,494 [INFO] [1878/2807] Jay Hauck (4.7.25)
2026-05-30 18:51:09,494 [INFO] [1879/2807] Jeff Bakeris (4.7.25)
2026-05-30 18:51:09,494 [INFO] [1880/2807] Mitch Kahring (4.7.25)
2026-05-30 18:51:09,494 [INFO] [1881/2807] Brian Smith (4.7.25)
2026-05-30 18:51:09,494 [INFO] [1882/2807] Jason Grove (4.7.25)
2026-05-30 18:51:09,494 [INFO] [1883/2807] Tina Smothers (4.7.25)
2026-05-30 18:51:09,494 [INFO] [1884/2807] Jacob Mosqueda (4.7.25)
2026-05-30 18:51:09,494 [INFO] [1885/2807] Tyler Hogue (4.14.25)
2026-05-30 18:51:09,494 [INFO] [1886/2807] Andy Kouri (4.14.25)
2026-05-30 18:51:09,494 [INFO] [1887/2807] Chris Salazar (4.14.25)
2026-05-30 18:51:09,494 [INFO] [1888/2807] Karrie Kading (4.14.25)
2026-05-30 18:51:09,494 [INFO] [1889/2807] Kathy Beyer (4.14.25)
2026-05-30 18:51:09,494 [INFO] [1890/2807] Larry Scott (4.14.25)
2026-05-30 18:51:09,494 [INFO] [1891/2807] Liviu Nicola (4.14.25)
2026-05-30 18:51:09,494 [INFO] [1892/2807] Brent Dahlstrom (4.14.25)
2026-05-30 18:51:09,494 [INFO] [1893/2807] Casey Shelton (4.14.25)
2026-05-30 18:51:09,494 [INFO] [1894/2807] Jeff Stark (4.14.25)
2026-05-30 18:51:09,494 [INFO] [1895/2807] Marcus Carris (4.14.25)
2026-05-30 18:51:09,494 [INFO] [1896/2807] Ryan Galloway (4.14.25)
2026-05-30 18:51:09,494 [INFO] [1897/2807] Luke Jensen (4.14.25)
2026-05-30 18:51:09,494 [INFO] [1898/2807] Lynda Clayton (4.14.25)
2026-05-30 18:51:09,494 [INFO] [1899/2807] Marija Balac (4.14.25)
2026-05-30 18:51:09,494 [INFO] [1900/2807] Mark Donahoe (4.14.25)
2026-05-30 18:51:09,494 [INFO] [1901/2807] Mark Nelson (4.14.25)
2026-05-30 18:51:09,494 [INFO] [1902/2807] Mark Gremler (4.14.25)
2026-05-30 18:51:09,494 [INFO] [1903/2807] John Joyce (4.14.25)
2026-05-30 18:51:09,494 [INFO] [1904/2807] John Rader (4.14.25)
2026-05-30 18:51:09,494 [INFO] [1905/2807] Jon Harding (4.14.25)
2026-05-30 18:51:09,494 [INFO] [1906/2807] Joseph Beedon (4.14.25)
2026-05-30 18:51:09,494 [INFO] [1907/2807] Kathleen Ermels (4.14.25)
2026-05-30 18:51:09,494 [INFO] [1908/2807] Gary Stout (4.14.25)
2026-05-30 18:51:09,494 [INFO] [1909/2807] Joe Goerdt (4.14.25)
2026-05-30 18:51:09,494 [INFO] [1910/2807] Devin King (4.14.25)
2026-05-30 18:51:09,494 [INFO] [1911/2807] Bob Sweeney (4.14.25)
2026-05-30 18:51:09,494 [INFO] [1912/2807] Andy Devaul (4.14.25)
2026-05-30 18:51:09,494 [INFO] [1913/2807] Tim Albright (4.21.25)
2026-05-30 18:51:09,494 [INFO] [1914/2807] John Chickering (4.21.25)
2026-05-30 18:51:09,494 [INFO] [1915/2807] Todd Scott (4.21.25)
2026-05-30 18:51:09,494 [INFO] [1916/2807] Mukesh Tayal (4.21.25)
2026-05-30 18:51:09,495 [INFO] [1917/2807] Nathan Faselt (4.21.25)
2026-05-30 18:51:09,495 [INFO] [1918/2807] Nick Graham (4.21.25)
2026-05-30 18:51:09,495 [INFO] [1919/2807] Mark Peitzman (4.21.25)
2026-05-30 18:51:09,495 [INFO] [1920/2807] Mark Roberts (4.21.25)
2026-05-30 18:51:09,495 [INFO] [1921/2807] Mary Frasier (4.21.25)
2026-05-30 18:51:09,495 [INFO] [1922/2807] Mason Ouderkirk (4.21.25)
2026-05-30 18:51:09,495 [INFO] [1923/2807] Michael Perrin (4.21.25)
2026-05-30 18:51:09,495 [INFO] [1924/2807] Bruce McCann (4.21.25)
2026-05-30 18:51:09,495 [INFO] [1925/2807] John Lassaux (4.21.25)
2026-05-30 18:51:09,495 [INFO] [1926/2807] Matt Blickenderfer (4.21.25)
2026-05-30 18:51:09,495 [INFO] [1927/2807] Sushil Gajmer (4.21.25)
2026-05-30 18:51:09,495 [INFO] [1928/2807] Mike Hutchison (4.21.25)
2026-05-30 18:51:09,495 [INFO] [1929/2807] Mike Panchal (4.21.25)
2026-05-30 18:51:09,495 [INFO] [1930/2807] Mikhail "Mike" Geister (4.21.25)
2026-05-30 18:51:09,495 [INFO] [1931/2807] Kim Sharp (4.21.25)
2026-05-30 18:51:09,495 [INFO] [1932/2807] Leif Anderson (4.21.25)
2026-05-30 18:51:09,495 [INFO] [1933/2807] Doug Daniel (4.21.25)
2026-05-30 18:51:09,495 [INFO] [1934/2807] Austin Johnson; austinrjohnson@gmail.com (4.21.25)
2026-05-30 18:51:09,495 [INFO] [1935/2807] Greg Danielson (4.21.25)
2026-05-30 18:51:09,495 [INFO] [1936/2807] Shane Isley (4.21.25)
2026-05-30 18:51:09,495 [INFO] [1937/2807] David Barker (4.21.25)
2026-05-30 18:51:09,495 [INFO] [1938/2807] Matt Deboth (4.21.25)
2026-05-30 18:51:09,495 [INFO] [1939/2807] Reike Plecas (4.21.25)
2026-05-30 18:51:09,495 [INFO] [1940/2807] Arun Jacob (4.21.25)
2026-05-30 18:51:09,495 [INFO] [1941/2807] Ryan Winter (4.21.25)
2026-05-30 18:51:09,495 [INFO] [1942/2807] Kathy Beyer (4.21.25)
2026-05-30 18:51:09,495 [INFO] [1943/2807] Aaron Bernard (4.28.25)
2026-05-30 18:51:09,495 [INFO] [1944/2807] Aquib Ali (4.28.25)
2026-05-30 18:51:09,495 [INFO] [1945/2807] Becky Hiu (4.28.25)
2026-05-30 18:51:09,495 [INFO] [1946/2807] Britt Randall (4.28.25)
2026-05-30 18:51:09,495 [INFO] [1947/2807] Caleb Fritzler (4.28.25)
2026-05-30 18:51:09,495 [INFO] [1948/2807] Mohamad Chehab (4.28.25)
2026-05-30 18:51:09,495 [INFO] [1949/2807] Chase Gochnauer (4.28.25)
2026-05-30 18:51:09,495 [INFO] [1950/2807] Peter Nixon (4.28.25)
2026-05-30 18:51:09,495 [INFO] [1951/2807] Nathan Smith (4.28.25)
2026-05-30 18:51:09,495 [INFO] [1952/2807] Nick Olson (4.28.25)
2026-05-30 18:51:09,495 [INFO] [1953/2807] Peter Patel (4.28.25)
2026-05-30 18:51:09,495 [INFO] [1954/2807] Hamid Safdari (4.28.25)
2026-05-30 18:51:09,495 [INFO] [1955/2807] Merle Laswell (4.28.25)
2026-05-30 18:51:09,495 [INFO] [1956/2807] Ted Oswald (4.28.25)
2026-05-30 18:51:09,495 [INFO] [1957/2807] Reike Plecas (4.28.25)
2026-05-30 18:51:09,495 [INFO] [1958/2807] Rick Makohoniuk (4.28.25)
2026-05-30 18:51:09,495 [INFO] [1959/2807] Rob Ells (4.28.25)
2026-05-30 18:51:09,495 [INFO] [1960/2807] Robert Farrell (4.28.25)
2026-05-30 18:51:09,495 [INFO] [1961/2807] Ryan Nguyen (4.28.25)
2026-05-30 18:51:09,495 [INFO] [1962/2807] Ryan Phelan (4.28.25)
2026-05-30 18:51:09,495 [INFO] [1963/2807] Matt Stence (4.28.25)
2026-05-30 18:51:09,495 [INFO] [1964/2807] Mike Foust (4.28.25)
2026-05-30 18:51:09,495 [INFO] [1965/2807] Muhammed Khan (4.28.25)
2026-05-30 18:51:09,495 [INFO] [1966/2807] Sean McCreadie (4.28.25)
2026-05-30 18:51:09,495 [INFO] [1967/2807] Steve Cerese (4.28.25)
2026-05-30 18:51:09,495 [INFO] [1968/2807] Robert Dubansky (4.28.25)
2026-05-30 18:51:09,495 [INFO] [1969/2807] Kathy Bradshaw (4.28.25)
2026-05-30 18:51:09,495 [INFO] [1970/2807] Rajee Harris (4.28.25)
2026-05-30 18:51:09,495 [INFO] [1971/2807] Eric Ingvall (4.28.25)
2026-05-30 18:51:09,495 [INFO] [1972/2807] Craig Anfinson (5.5.25)
2026-05-30 18:51:09,495 [INFO] [1973/2807] Doug Shiplett (5.5.25)
2026-05-30 18:51:09,495 [INFO] [1974/2807] Eric Fitzgerald (5.5.25)
2026-05-30 18:51:09,495 [INFO] [1975/2807] Eric Lewis (5.5.25)
2026-05-30 18:51:09,495 [INFO] [1976/2807] Prakash Pradhan (5.5.25)
2026-05-30 18:51:09,495 [INFO] [1977/2807] Scott Peck (5.5.25)
2026-05-30 18:51:09,495 [INFO] [1978/2807] Shane Isley (5.5.25)
2026-05-30 18:51:09,495 [INFO] [1979/2807] Michael Hills (5.5.25)
2026-05-30 18:51:09,495 [INFO] [1980/2807] Tony Hung-Nguyen (5.5.25)
2026-05-30 18:51:09,495 [INFO] [1981/2807] Steve Eggers (5.5.25)
2026-05-30 18:51:09,495 [INFO] [1982/2807] Steve Iverson (5.5.25)
2026-05-30 18:51:09,495 [INFO] [1983/2807] Steven Ames (5.5.25)
2026-05-30 18:51:09,495 [INFO] [1984/2807] Steven Koethe (5.5.25)
2026-05-30 18:51:09,495 [INFO] [1985/2807] Steven Nguyen (5.5.25)
2026-05-30 18:51:09,495 [INFO] [1986/2807] Thomas Ackerman (5.5.25)
2026-05-30 18:51:09,495 [INFO] [1987/2807] Tim Rypma (5.5.25)
2026-05-30 18:51:09,495 [INFO] [1988/2807] Tim Schutte (5.5.25)
2026-05-30 18:51:09,495 [INFO] [1989/2807] Paul Peters (5.5.25)
2026-05-30 18:51:09,495 [INFO] [1990/2807] Reece Satre (5.5.25)
2026-05-30 18:51:09,495 [INFO] [1991/2807] Ron Walker (5.5.25)
2026-05-30 18:51:09,495 [INFO] [1992/2807] Bob Charleston (5.5.25)
2026-05-30 18:51:09,495 [INFO] [1993/2807] Rajee Harris (5.5.25)
2026-05-30 18:51:09,495 [INFO] [1994/2807] Ken Wick (5.12.25)
2026-05-30 18:51:09,495 [INFO] [1995/2807] Jeff Stanbrough (5.12.25)
2026-05-30 18:51:09,495 [INFO] [1996/2807] Troy Hansen (5.12.25)
2026-05-30 18:51:09,495 [INFO] [1997/2807] Vicky Hanus (5.12.25)
2026-05-30 18:51:09,495 [INFO] [1998/2807] Tyler Spaans (5.12.25)
2026-05-30 18:51:09,495 [INFO] [1999/2807] Zack Stull (5.12.25)
2026-05-30 18:51:09,495 [INFO] [2000/2807] Zebediah Grimm (5.12.25)
2026-05-30 18:51:09,495 [INFO] [2001/2807] Virdi Baljit (5.12.25)
2026-05-30 18:51:09,495 [INFO] [2002/2807] Alex Erickson (5.12.25)
2026-05-30 18:51:09,495 [INFO] [2003/2807] Arnold Forget (5.12.25)
2026-05-30 18:51:09,495 [INFO] [2004/2807] Brad Vander Linden (5.12.25)
2026-05-30 18:51:09,495 [INFO] [2005/2807] Chris Greer (5.12.25)
2026-05-30 18:51:09,495 [INFO] [2006/2807] Gaurav Bhalla (5.12.25)
2026-05-30 18:51:09,495 [INFO] [2007/2807] Hunter Washburn (5.12.25)
2026-05-30 18:51:09,496 [INFO] [2008/2807] Jason Babcock (5.12.25)
2026-05-30 18:51:09,496 [INFO] [2009/2807] Jay Connor (5.12.25)
2026-05-30 18:51:09,496 [INFO] [2010/2807] Saheb Sahu (5.12.25)
2026-05-30 18:51:09,496 [INFO] [2011/2807] Guy Parisi (5.12.25)
2026-05-30 18:51:09,496 [INFO] [2012/2807] Scott Cutler (5.12.25)
2026-05-30 18:51:09,496 [INFO] [2013/2807] Justin Washburn (5.12.25)
2026-05-30 18:51:09,496 [INFO] [2014/2807] Mason Bear (5.12.25)
2026-05-30 18:51:09,496 [INFO] [2015/2807] Matt DeBoth (5.19.25)
2026-05-30 18:51:09,496 [INFO] [2016/2807] Paul Davis (5.19.25)
2026-05-30 18:51:09,496 [INFO] [2017/2807] Tim Campbell (5.19.25)
2026-05-30 18:51:09,496 [INFO] [2018/2807] Ryan Wiederstein (5.19.25)
2026-05-30 18:51:09,496 [INFO] [2019/2807] Austin Davis (5.19.25)
2026-05-30 18:51:09,496 [INFO] [2020/2807] Adam Clark (5.19.25)
2026-05-30 18:51:09,496 [INFO] [2021/2807] Al Perry (5.19.25)
2026-05-30 18:51:09,496 [INFO] [2022/2807] Alex Gaylon (5.19.25)
2026-05-30 18:51:09,496 [INFO] [2023/2807] Andrew Howard (5.19.25)
2026-05-30 18:51:09,496 [INFO] [2024/2807] Bradley Baumler (5.19.25)
2026-05-30 18:51:09,496 [INFO] [2025/2807] Brandon Arends (5.19.25)
2026-05-30 18:51:09,496 [INFO] [2026/2807] Brandon Foldes (5.19.25)
2026-05-30 18:51:09,496 [INFO] [2027/2807] Brandon Pratt (5.19.25)
2026-05-30 18:51:09,496 [INFO] [2028/2807] Paul Butterfield (5.19.25)
2026-05-30 18:51:09,496 [INFO] [2029/2807] Mike Nixon (5.19.25)
2026-05-30 18:51:09,496 [INFO] [2030/2807] Ron Kelley (5.19.25)
2026-05-30 18:51:09,496 [INFO] [2031/2807] Harvey Miller (5.19.25)
2026-05-30 18:51:09,496 [INFO] [2032/2807] Craig Anfinson (5.19.25)
2026-05-30 18:51:09,496 [INFO] [2033/2807] JB Conlin (5.19.25)
2026-05-30 18:51:09,496 [INFO] [2034/2807] Chace Hauschilt (5.19.25)
2026-05-30 18:51:09,496 [INFO] [2035/2807] Paul Peters (5.19.25)
2026-05-30 18:51:09,496 [INFO] [2036/2807] Deris Duncan (5.19.25)
2026-05-30 18:51:09,496 [INFO] [2037/2807] Tyler Rasmussen (5.26.25)
2026-05-30 18:51:09,496 [INFO] [2038/2807] Andy Kouri (5.26.25)
2026-05-30 18:51:09,496 [INFO] [2039/2807] Ben Latusek (5.26.25)
2026-05-30 18:51:09,496 [INFO] [2040/2807] Brad Houser (5.26.25)
2026-05-30 18:51:09,496 [INFO] [2041/2807] Chris Salazar (5.26.25)
2026-05-30 18:51:09,496 [INFO] [2042/2807] Jason Grove (5.26.25)
2026-05-30 18:51:09,496 [INFO] [2043/2807] Jeff Schachtner (5.26.25)
2026-05-30 18:51:09,496 [INFO] [2044/2807] Charles Wheeler Sr (5.26.25)
2026-05-30 18:51:09,496 [INFO] [2045/2807] Charlie Wheeler Jr (5.26.25)
2026-05-30 18:51:09,496 [INFO] [2046/2807] Chris Black (5.26.25)
2026-05-30 18:51:09,496 [INFO] [2047/2807] Drew Coffin (5.26.25)
2026-05-30 18:51:09,496 [INFO] [2048/2807] Darsh Desai (5.26.25)
2026-05-30 18:51:09,496 [INFO] [2049/2807] Dave Tallett (5.26.25)
2026-05-30 18:51:09,496 [INFO] [2050/2807] Dennis Carroll (5.26.25)
2026-05-30 18:51:09,496 [INFO] [2051/2807] Dennis Ramsey (5.26.25)
2026-05-30 18:51:09,496 [INFO] [2052/2807] Dennis Tierney (5.26.25)
2026-05-30 18:51:09,496 [INFO] [2053/2807] Derrich Huffy (5.26.25)
2026-05-30 18:51:09,496 [INFO] [2054/2807] Mitch Sellers (5.26.25)
2026-05-30 18:51:09,496 [INFO] [2055/2807] Cherian Koshy (5.26.25)
2026-05-30 18:51:09,496 [INFO] [2056/2807] Carl Wiederaenders (5.26.25)
2026-05-30 18:51:09,496 [INFO] [2057/2807] Jeff Sullivan (5.26.25)
2026-05-30 18:51:09,496 [INFO] [2058/2807] Matt Blickenderfer (5.26.25)
2026-05-30 18:51:09,496 [INFO] [2059/2807] Ryan Winter (5.26.25)
2026-05-30 18:51:09,496 [INFO] [2060/2807] Jason Babcock (5.26.25)
2026-05-30 18:51:09,496 [INFO] [2061/2807] Roger Langpaul (5.26.25)
2026-05-30 18:51:09,496 [INFO] [2062/2807] Matt Johnson - US Bank VP (5.26.25)
2026-05-30 18:51:09,496 [INFO] [2063/2807] John Chickering (6.2.25)
2026-05-30 18:51:09,496 [INFO] [2064/2807] Todd Scott (6.2.25)
2026-05-30 18:51:09,496 [INFO] [2065/2807] Mukesh Tayal (6.2.25)
2026-05-30 18:51:09,496 [INFO] [2066/2807] Nathan Faselt (6.2.25)
2026-05-30 18:51:09,496 [INFO] [2067/2807] Nick Graham (6.2.25)
2026-05-30 18:51:09,496 [INFO] [2068/2807] Weston Rose (6.2.25)
2026-05-30 18:51:09,496 [INFO] [2069/2807] Rajee Harris (6.2.25)
2026-05-30 18:51:09,496 [INFO] [2070/2807] Duane Vander Leest (6.2.25)
2026-05-30 18:51:09,496 [INFO] [2071/2807] Dustin Kupka (6.2.25)
2026-05-30 18:51:09,496 [INFO] [2072/2807] Eric Daniels (6.2.25)
2026-05-30 18:51:09,496 [INFO] [2073/2807] Eric Lynner (6.2.25)
2026-05-30 18:51:09,496 [INFO] [2074/2807] Gabe Molstre (6.2.25)
2026-05-30 18:51:09,496 [INFO] [2075/2807] Ian Schwickert (6.2.25)
2026-05-30 18:51:09,496 [INFO] [2076/2807] Marco Miranda (6.2.25)
2026-05-30 18:51:09,496 [INFO] [2077/2807] John Larson (6.2.25)
2026-05-30 18:51:09,496 [INFO] [2078/2807] Matt Deboth (6.2.25)
2026-05-30 18:51:09,496 [INFO] [2079/2807] Javier Baez (6.2.25)
2026-05-30 18:51:09,496 [INFO] [2080/2807] Craig Anfinson (6.2.25)
2026-05-30 18:51:09,496 [INFO] [2081/2807] Jake Miller (6.2.25)
2026-05-30 18:51:09,496 [INFO] [2082/2807] Jason Babcock (6.2.25)
2026-05-30 18:51:09,496 [INFO] [2083/2807] Andy Kouri (6.2.25)
2026-05-30 18:51:09,496 [INFO] [2084/2807] Jeff Stanbrough (6.2.25)
2026-05-30 18:51:09,496 [INFO] [2085/2807] Caleb Fritzler (6.2.25)
2026-05-30 18:51:09,496 [INFO] [2086/2807] Aaron Bernard (6.9.25)
2026-05-30 18:51:09,496 [INFO] [2087/2807] Aquib Ali (6.9.25)
2026-05-30 18:51:09,496 [INFO] [2088/2807] Becky Hiu (6.9.25)
2026-05-30 18:51:09,496 [INFO] [2089/2807] Bob Davis (6.9.25)
2026-05-30 18:51:09,496 [INFO] [2090/2807] Britt Randall (6.9.25)
2026-05-30 18:51:09,497 [INFO] [2091/2807] Mohamad Chehab (6.9.25)
2026-05-30 18:51:09,497 [INFO] [2092/2807] Chase Gochnauer (6.9.25)
2026-05-30 18:51:09,497 [INFO] [2093/2807] Peter Nixon (6.9.25)
2026-05-30 18:51:09,497 [INFO] [2094/2807] Jake Miller (6.9.25)
2026-05-30 18:51:09,497 [INFO] [2095/2807] Jason Smith (6.9.25)
2026-05-30 18:51:09,497 [INFO] [2096/2807] Jeff Stanbrough (6.9.25)
2026-05-30 18:51:09,497 [INFO] [2097/2807] Joe Cover (6.9.25)
2026-05-30 18:51:09,497 [INFO] [2098/2807] Joe Ekis (6.9.25)
2026-05-30 18:51:09,497 [INFO] [2099/2807] John Kline (6.9.25)
2026-05-30 18:51:09,497 [INFO] [2100/2807] Jon Engelman (6.9.25)
2026-05-30 18:51:09,497 [INFO] [2101/2807] Richard Hutsell (6.9.25)
2026-05-30 18:51:09,497 [INFO] [2102/2807] Reece Satre (6.9.25)
2026-05-30 18:51:09,497 [INFO] [2103/2807] Dan Blome (6.9.25)
2026-05-30 18:51:09,497 [INFO] [2104/2807] Prabjoht Singh (6.9.25)
2026-05-30 18:51:09,497 [INFO] [2105/2807] Steve Albrecht (6.9.25)
2026-05-30 18:51:09,497 [INFO] [2106/2807] Eric McCormick (6.9.25)
2026-05-30 18:51:09,497 [INFO] [2107/2807] Dave Abram (6.9.25)
2026-05-30 18:51:09,497 [INFO] [2108/2807] Jake Mosqueda (6.9.25)
2026-05-30 18:51:09,497 [INFO] [2109/2807] Chris Geer (6.9.25)
2026-05-30 18:51:09,497 [INFO] [2110/2807] Ed Behrman (6.9.25)
2026-05-30 18:51:09,497 [INFO] [2111/2807] Karrie Kading (6.16.25)
2026-05-30 18:51:09,497 [INFO] [2112/2807] Larry Scott (6.16.25)
2026-05-30 18:51:09,497 [INFO] [2113/2807] Brent Dahlstrom (6.16.25)
2026-05-30 18:51:09,497 [INFO] [2114/2807] Casey Shelton (6.16.25)
2026-05-30 18:51:09,497 [INFO] [2115/2807] Luke Jensen (6.16.25)
2026-05-30 18:51:09,497 [INFO] [2116/2807] Mark Nelson (6.16.25)
2026-05-30 18:51:09,497 [INFO] [2117/2807] Drew Coffin (6.16.25)
2026-05-30 18:51:09,497 [INFO] [2118/2807] Jasvinder Kakar (6.16.25)
2026-05-30 18:51:09,497 [INFO] [2119/2807] Roger Langpaul (6.16.25)
2026-05-30 18:51:09,497 [INFO] [2120/2807] Thom Fawcett (6.16.25)
2026-05-30 18:51:09,497 [INFO] [2121/2807] Daniel Doyle (6.16.25)
2026-05-30 18:51:09,497 [INFO] [2122/2807] Derrich Huffy (6.16.25)
2026-05-30 18:51:09,497 [INFO] [2123/2807] Nick Lakhani (6.23.25)
2026-05-30 18:51:09,497 [INFO] [2124/2807] Riley Coy (6.23.25)
2026-05-30 18:51:09,497 [INFO] [2125/2807] Mark Peitzman (6.23.25)
2026-05-30 18:51:09,497 [INFO] [2126/2807] Mark Roberts (6.23.25)
2026-05-30 18:51:09,497 [INFO] [2127/2807] Mary Frasier (6.23.25)
2026-05-30 18:51:09,497 [INFO] [2128/2807] Michael Hutchinson (6.23.25)
2026-05-30 18:51:09,497 [INFO] [2129/2807] Michael Perrin (6.23.25)
2026-05-30 18:51:09,497 [INFO] [2130/2807] Bruce McCann (6.23.25)
2026-05-30 18:51:09,497 [INFO] [2131/2807] Daniel Doyle (6.23.25)
2026-05-30 18:51:09,497 [INFO] [2132/2807] John Lassaux (6.23.25)
2026-05-30 18:51:09,497 [INFO] [2133/2807] Matt Blickenderfer (6.23.25)
2026-05-30 18:51:09,497 [INFO] [2134/2807] Sushil Gajmer (6.23.25)
2026-05-30 18:51:09,497 [INFO] [2135/2807] Mike Panchal (6.23.25)
2026-05-30 18:51:09,497 [INFO] [2136/2807] Mikhail "Mike" Geister (6.23.25)
2026-05-30 18:51:09,497 [INFO] [2137/2807] Casey Shelton (6.23.25)
2026-05-30 18:51:09,497 [INFO] [2138/2807] Jacob Mosqueda (6.23.25)
2026-05-30 18:51:09,497 [INFO] [2139/2807] Steven Gardner (6.23.25)
2026-05-30 18:51:09,497 [INFO] [2140/2807] Matt Forsum (6.30.25)
2026-05-30 18:51:09,497 [INFO] [2141/2807] Prabhjot Singh (6.30.25)
2026-05-30 18:51:09,497 [INFO] [2142/2807] Roger Langpaul (6.30.25)
2026-05-30 18:51:09,497 [INFO] [2143/2807] Teddy Mohlman (6.30.25)
2026-05-30 18:51:09,497 [INFO] [2144/2807] Tim Campbell (6.30.25)
2026-05-30 18:51:09,497 [INFO] [2145/2807] Miles Peck (6.30.25)
2026-05-30 18:51:09,497 [INFO] [2146/2807] Nathan Smith (6.30.25)
2026-05-30 18:51:09,497 [INFO] [2147/2807] Merle Laswell (6.30.25)
2026-05-30 18:51:09,497 [INFO] [2148/2807] Ted Oswald (6.30.25)
2026-05-30 18:51:09,497 [INFO] [2149/2807] Rick Makohoniuk (6.30.25)
2026-05-30 18:51:09,497 [INFO] [2150/2807] Rob Ells (6.30.25)
2026-05-30 18:51:09,497 [INFO] [2151/2807] Robert Farrell (6.30.25)
2026-05-30 18:51:09,497 [INFO] [2152/2807] Matt Blickenderfer (6.30.25)
2026-05-30 18:51:09,497 [INFO] [2153/2807] Michael Perrin (6.30.25)
2026-05-30 18:51:09,497 [INFO] [2154/2807] Aaron Bernard (6.30.25)
2026-05-30 18:51:09,497 [INFO] [2155/2807] Tyler Hogue (7.7.25)
2026-05-30 18:51:09,497 [INFO] [2156/2807] Tyler Rasmussen (7.7.25)
2026-05-30 18:51:09,497 [INFO] [2157/2807] Andy Kouri (7.7.25)
2026-05-30 18:51:09,497 [INFO] [2158/2807] Ben Latusek (7.7.25)
2026-05-30 18:51:09,497 [INFO] [2159/2807] Brad Houser (7.7.25)
2026-05-30 18:51:09,497 [INFO] [2160/2807] Chris Salazar (7.7.25)
2026-05-30 18:51:09,497 [INFO] [2161/2807] Jason Grove (7.7.25)
2026-05-30 18:51:09,497 [INFO] [2162/2807] Jeff Schachtner (7.7.25)
2026-05-30 18:51:09,497 [INFO] [2163/2807] Scott Peck (7.7.25)
2026-05-30 18:51:09,497 [INFO] [2164/2807] Shane Isley (7.7.25)
2026-05-30 18:51:09,497 [INFO] [2165/2807] Levi Franzen (7.7.25)
2026-05-30 18:51:09,497 [INFO] [2166/2807] Tony Hung-Nguyen (7.7.25)
2026-05-30 18:51:09,498 [INFO] [2167/2807] Steve Eggers (7.7.25)
2026-05-30 18:51:09,498 [INFO] [2168/2807] Steve Iverson (7.7.25)
2026-05-30 18:51:09,498 [INFO] [2169/2807] Steven Ames (7.7.25)
2026-05-30 18:51:09,498 [INFO] [2170/2807] Steven Nguyen (7.7.25)
2026-05-30 18:51:09,498 [INFO] [2171/2807] Thomas Ackerman (7.7.25)
2026-05-30 18:51:09,498 [INFO] [2172/2807] Tim Schutte (7.7.25)
2026-05-30 18:51:09,498 [INFO] [2173/2807] Jay Hauck (7.7.25)
2026-05-30 18:51:09,498 [INFO] [2174/2807] Jeff Bakeris (7.7.25)
2026-05-30 18:51:09,498 [INFO] [2175/2807] Eric Marquez (7.7.25)
2026-05-30 18:51:09,498 [INFO] [2176/2807] Roger Langpaul (7.7.25)
2026-05-30 18:51:09,498 [INFO] [2177/2807] Eric Lynner (7.7.25)
2026-05-30 18:51:09,498 [INFO] [2178/2807] JB Conlin (7.7.25)
2026-05-30 18:51:09,498 [INFO] [2179/2807] Peter Nixon (7.7.25)
2026-05-30 18:51:09,498 [INFO] [2180/2807] John Chickering (7.14.25)
2026-05-30 18:51:09,498 [INFO] [2181/2807] Todd Scott (7.14.25)
2026-05-30 18:51:09,498 [INFO] [2182/2807] Mukesh Tayal (7.14.25)
2026-05-30 18:51:09,498 [INFO] [2183/2807] Nathan Faselt (7.14.25)
2026-05-30 18:51:09,498 [INFO] [2184/2807] Nick Graham (7.14.25)
2026-05-30 18:51:09,498 [INFO] [2185/2807] Weston Rose (7.14.25)
2026-05-30 18:51:09,498 [INFO] [2186/2807] Troy Hansen (7.14.25)
2026-05-30 18:51:09,498 [INFO] [2187/2807] Zack Stull (7.14.25)
2026-05-30 18:51:09,498 [INFO] [2188/2807] Zebediah Grimm (7.14.25)
2026-05-30 18:51:09,498 [INFO] [2189/2807] Alex Erickson (7.14.25)
2026-05-30 18:51:09,498 [INFO] [2190/2807] Arnold Forget (7.14.25)
2026-05-30 18:51:09,498 [INFO] [2191/2807] Brad Vander Linden (7.14.25)
2026-05-30 18:51:09,498 [INFO] [2192/2807] Gaurav Bhalla (7.14.25)
2026-05-30 18:51:09,498 [INFO] [2193/2807] Hunter Bradford (7.14.25)
2026-05-30 18:51:09,498 [INFO] [2194/2807] Hunter Washburn (7.14.25)
2026-05-30 18:51:09,498 [INFO] [2195/2807] Joe Goerdt (7.14.25)
2026-05-30 18:51:09,498 [INFO] [2196/2807] Ben Latusek (7.14.25)
2026-05-30 18:51:09,498 [INFO] [2197/2807] Justin Washburn (7.14.25)
2026-05-30 18:51:09,498 [INFO] [2198/2807] Jake Miller (7.14.25)
2026-05-30 18:51:09,498 [INFO] [2199/2807] Paul Peters (7.14.25)
2026-05-30 18:51:09,498 [INFO] [2200/2807] Aaron Bernard (7.21.25)
2026-05-30 18:51:09,498 [INFO] [2201/2807] Aquib Ali (7.21.25)
2026-05-30 18:51:09,498 [INFO] [2202/2807] Bob Davis (7.21.25)
2026-05-30 18:51:09,498 [INFO] [2203/2807] Brian Smith (7.21.25)
2026-05-30 18:51:09,498 [INFO] [2204/2807] Caleb Fritzler (7.21.25)
2026-05-30 18:51:09,498 [INFO] [2205/2807] Peter Nixon (7.21.25)
2026-05-30 18:51:09,498 [INFO] [2206/2807] Austin Davis (7.21.25)
2026-05-30 18:51:09,498 [INFO] [2207/2807] Adam Clark (7.21.25)
2026-05-30 18:51:09,498 [INFO] [2208/2807] Al Perry (7.21.25)
2026-05-30 18:51:09,498 [INFO] [2209/2807] Alex Gaylon (7.21.25)
2026-05-30 18:51:09,498 [INFO] [2210/2807] Allen Connerly (7.21.25)
2026-05-30 18:51:09,498 [INFO] [2211/2807] Andrew Howard (7.21.25)
2026-05-30 18:51:09,498 [INFO] [2212/2807] Bradley Baumler (7.21.25)
2026-05-30 18:51:09,498 [INFO] [2213/2807] Brandon Foldes (7.21.25)
2026-05-30 18:51:09,498 [INFO] [2214/2807] Brandon Pratt (7.21.25)
2026-05-30 18:51:09,498 [INFO] [2215/2807] Paul Butterfield (7.21.25)
2026-05-30 18:51:09,498 [INFO] [2216/2807] Mike Nixon (7.21.25)
2026-05-30 18:51:09,498 [INFO] [2217/2807] Kathy Beyer (7.21.25)
2026-05-30 18:51:09,498 [INFO] [2218/2807] Ben Latusek (7.21.25)
2026-05-30 18:51:09,498 [INFO] [2219/2807] Zach Hansen (7.21.25)
2026-05-30 18:51:09,498 [INFO] [2220/2807] Justin Washburn (7.21.25)
2026-05-30 18:51:09,498 [INFO] [2221/2807] Chris Smith (7.21.25)
2026-05-30 18:51:09,498 [INFO] [2222/2807] Melisha Pals (7.21.25)
2026-05-30 18:51:09,498 [INFO] [2223/2807] Travis Hagen (7.21.25)
2026-05-30 18:51:09,498 [INFO] [2224/2807] Kathy Beyer (7.21.25)
2026-05-30 18:51:09,498 [INFO] [2225/2807] Kyle Galloway (7.21.25)
2026-05-30 18:51:09,498 [INFO] [2226/2807] Craig Anfinson (7.28.25)
2026-05-30 18:51:09,498 [INFO] [2227/2807] Eric Fitzgerald (7.28.25)
2026-05-30 18:51:09,498 [INFO] [2228/2807] Eric Ingvall (7.28.25)
2026-05-30 18:51:09,498 [INFO] [2229/2807] Eric Lewis (7.28.25)
2026-05-30 18:51:09,498 [INFO] [2230/2807] Eric McCormick (7.28.25)
2026-05-30 18:51:09,498 [INFO] [2231/2807] Prakash Pradhan (7.28.25)
2026-05-30 18:51:09,498 [INFO] [2232/2807] Charles Wheeler Sr (7.28.25)
2026-05-30 18:51:09,498 [INFO] [2233/2807] Chris Black (7.28.25)
2026-05-30 18:51:09,498 [INFO] [2234/2807] Chris Murray (7.28.25)
2026-05-30 18:51:09,498 [INFO] [2235/2807] Chris Whalen (7.28.25)
2026-05-30 18:51:09,498 [INFO] [2236/2807] David Bryan Belcher (7.28.25)
2026-05-30 18:51:09,498 [INFO] [2237/2807] Dave Tallett (7.28.25)
2026-05-30 18:51:09,498 [INFO] [2238/2807] Dennis Ramsey (7.28.25)
2026-05-30 18:51:09,498 [INFO] [2239/2807] Kathy Bradshaw (7.28.25)
2026-05-30 18:51:09,498 [INFO] [2240/2807] Alex Gaylon (7.28.25)
2026-05-30 18:51:09,498 [INFO] [2241/2807] Win Hornig (7.28.25)
2026-05-30 18:51:09,498 [INFO] [2242/2807] Kathy Beyer (7.28.25)
2026-05-30 18:51:09,498 [INFO] [2243/2807] Merle Laswell (7.28.25)
2026-05-30 18:51:09,498 [INFO] [2244/2807] Mike Panchel (7.28.25)
2026-05-30 18:51:09,498 [INFO] [2245/2807] Ryan Sidenberg (7.28.25)
2026-05-30 18:51:09,499 [INFO] [2246/2807] Grant Lewis (8.4.25)
2026-05-30 18:51:09,499 [INFO] [2247/2807] Greg Danielson (8.4.25)
2026-05-30 18:51:09,499 [INFO] [2248/2807] Javier Baeza (8.4.25)
2026-05-30 18:51:09,499 [INFO] [2249/2807] Jeremy Mcfarland (8.4.25)
2026-05-30 18:51:09,499 [INFO] [2250/2807] Ken Wick (8.4.25)
2026-05-30 18:51:09,499 [INFO] [2251/2807] Nick Lakhani (8.4.25)
2026-05-30 18:51:09,499 [INFO] [2252/2807] Jeff Stanbrough (8.4.25)
2026-05-30 18:51:09,499 [INFO] [2253/2807] Rajee Harris (8.4.25)
2026-05-30 18:51:09,499 [INFO] [2254/2807] Drew Heberer (8.4.25)
2026-05-30 18:51:09,499 [INFO] [2255/2807] Duane Vander Leest (8.4.25)
2026-05-30 18:51:09,499 [INFO] [2256/2807] Dustin Kupka (8.4.25)
2026-05-30 18:51:09,499 [INFO] [2257/2807] Eric Daniels (8.4.25)
2026-05-30 18:51:09,499 [INFO] [2258/2807] Eric Lynner (8.4.25)
2026-05-30 18:51:09,499 [INFO] [2259/2807] Frank Levy (8.4.25)
2026-05-30 18:51:09,499 [INFO] [2260/2807] Gerry Ambrose (8.4.25)
2026-05-30 18:51:09,499 [INFO] [2261/2807] Guy Varble (8.4.25)
2026-05-30 18:51:09,499 [INFO] [2262/2807] Ian Schwickert (8.4.25)
2026-05-30 18:51:09,499 [INFO] [2263/2807] Marco Miranda (8.4.25)
2026-05-30 18:51:09,499 [INFO] [2264/2807] Craig Anfinson (8.4.25)
2026-05-30 18:51:09,499 [INFO] [2265/2807] Ryan Galloway (8.4.25)
2026-05-30 18:51:09,499 [INFO] [2266/2807] Levi Franzen (8.4.25)
2026-05-30 18:51:09,499 [INFO] [2267/2807] Clint Miller (8.4.25)
2026-05-30 18:51:09,499 [INFO] [2268/2807] Thomas Fawcett (8.4.25)
2026-05-30 18:51:09,499 [INFO] [2269/2807] Eric McCormick (8.4.25)
2026-05-30 18:51:09,499 [INFO] [2270/2807] John Livingston (8.4.25)
2026-05-30 18:51:09,499 [INFO] [2271/2807] Jeff Schatner (8.4.25)
2026-05-30 18:51:09,499 [INFO] [2272/2807] Matt Forsum (8.11.25)
2026-05-30 18:51:09,499 [INFO] [2273/2807] Ryan Winter (8.11.25)
2026-05-30 18:51:09,499 [INFO] [2274/2807] Thomas Fawcett (8.11.25)
2026-05-30 18:51:09,499 [INFO] [2275/2807] Tim Campbell (8.11.25)
2026-05-30 18:51:09,499 [INFO] [2276/2807] Jason Smith (8.11.25)
2026-05-30 18:51:09,499 [INFO] [2277/2807] Joe Bryant (8.11.25)
2026-05-30 18:51:09,499 [INFO] [2278/2807] Joe Cover (8.11.25)
2026-05-30 18:51:09,499 [INFO] [2279/2807] John Kline (8.11.25)
2026-05-30 18:51:09,499 [INFO] [2280/2807] Jon Engelman (8.11.25)
2026-05-30 18:51:09,499 [INFO] [2281/2807] Richard Hutsell (8.11.25)
2026-05-30 18:51:09,499 [INFO] [2282/2807] Adam Goodwin (8.11.25)
2026-05-30 18:51:09,499 [INFO] [2283/2807] Reece Satre (8.11.25)
2026-05-30 18:51:09,499 [INFO] [2284/2807] Adam Brantman (8.11.25)
2026-05-30 18:51:09,499 [INFO] [2285/2807] Saheb Sahu (8.11.25)
2026-05-30 18:51:09,499 [INFO] [2286/2807] Jon Livingston (8.11.25)
2026-05-30 18:51:09,499 [INFO] [2287/2807] Merle Laswell (8.11.25)
2026-05-30 18:51:09,499 [INFO] [2288/2807] Mike Panchel (8.11.25)
2026-05-30 18:51:09,499 [INFO] [2289/2807] Cody Shepard (8.11.25)
2026-05-30 18:51:09,499 [INFO] [2290/2807] Tyler Hogue (8.18.25)
2026-05-30 18:51:09,499 [INFO] [2291/2807] Tyler Rasmussen (8.18.25)
2026-05-30 18:51:09,499 [INFO] [2292/2807] Andy Kouri (8.18.25)
2026-05-30 18:51:09,499 [INFO] [2293/2807] Ben Latusek (8.18.25)
2026-05-30 18:51:09,499 [INFO] [2294/2807] Brad Houser (8.18.25)
2026-05-30 18:51:09,499 [INFO] [2295/2807] Chris Salazar (8.18.25)
2026-05-30 18:51:09,499 [INFO] [2296/2807] Ed Behrman (8.18.25)
2026-05-30 18:51:09,499 [INFO] [2297/2807] Jason Grove (8.18.25)
2026-05-30 18:51:09,499 [INFO] [2298/2807] Karrie Kading (8.18.25)
2026-05-30 18:51:09,499 [INFO] [2299/2807] Kathy Beyer (8.18.25)
2026-05-30 18:51:09,499 [INFO] [2300/2807] Larry Scott (8.18.25)
2026-05-30 18:51:09,499 [INFO] [2301/2807] Casey Shelton (8.18.25)
2026-05-30 18:51:09,499 [INFO] [2302/2807] Jeff Stark (8.18.25)
2026-05-30 18:51:09,499 [INFO] [2303/2807] Ryan Galloway (8.18.25)
2026-05-30 18:51:09,499 [INFO] [2304/2807] Marija Balac (8.18.25)
2026-05-30 18:51:09,499 [INFO] [2305/2807] Craig Anfinson (8.18.25)
2026-05-30 18:51:09,499 [INFO] [2306/2807] John Chickering (8.25.25)
2026-05-30 18:51:09,499 [INFO] [2307/2807] Todd Scott (8.25.25)
2026-05-30 18:51:09,499 [INFO] [2308/2807] Nathan Faselt (8.25.25)
2026-05-30 18:51:09,499 [INFO] [2309/2807] Nick Graham (8.25.25)
2026-05-30 18:51:09,499 [INFO] [2310/2807] Weston Rose (8.25.25)
2026-05-30 18:51:09,499 [INFO] [2311/2807] Mark Peitzman (8.25.25)
2026-05-30 18:51:09,499 [INFO] [2312/2807] Mark Roberts (8.25.25)
2026-05-30 18:51:09,499 [INFO] [2313/2807] Daniel Doyle (8.25.25)
2026-05-30 18:51:09,499 [INFO] [2314/2807] Sushil Gajmer (8.25.25)
2026-05-30 18:51:09,499 [INFO] [2315/2807] Mike Panchal (8.25.25)
2026-05-30 18:51:09,499 [INFO] [2316/2807] Peter Nixon (8.25.25)
2026-05-30 18:51:09,499 [INFO] [2317/2807] Chris Salazar (8.25.25)
2026-05-30 18:51:09,499 [INFO] [2318/2807] Ben Latusek (8.25.25)
2026-05-30 18:51:09,499 [INFO] [2319/2807] Al Perry (8.25.25)
2026-05-30 18:51:09,499 [INFO] [2320/2807] Aaron Bernard (9.1.25)
2026-05-30 18:51:09,499 [INFO] [2321/2807] Aquib Ali (9.1.25)
2026-05-30 18:51:09,499 [INFO] [2322/2807] Becky Hiu (9.1.25)
2026-05-30 18:51:09,499 [INFO] [2323/2807] Chase Gochnauer (9.1.25)
2026-05-30 18:51:09,499 [INFO] [2324/2807] Peter Nixon (9.1.25)
2026-05-30 18:51:09,499 [INFO] [2325/2807] Kyle Galloway (9.1.25)
2026-05-30 18:51:09,499 [INFO] [2326/2807] Merle Laswell (9.1.25)
2026-05-30 18:51:09,499 [INFO] [2327/2807] Ted Oswald (9.1.25)
2026-05-30 18:51:09,500 [INFO] [2328/2807] Jeff Schatner (9.1.25)
2026-05-30 18:51:09,500 [INFO] [2329/2807] Eric Fitzgerald (9.1.25)
2026-05-30 18:51:09,500 [INFO] [2330/2807] Chris Salazar (9.1.25)
2026-05-30 18:51:09,500 [INFO] [2331/2807] Mark Roberts (9.1.25)
2026-05-30 18:51:09,500 [INFO] [2332/2807] Dennis Coon (9.9.25)
2026-05-30 18:51:09,500 [INFO] [2333/2807] Doug Shiplett (9.9.25)
2026-05-30 18:51:09,500 [INFO] [2334/2807] Eric Ingvall (9.9.25)
2026-05-30 18:51:09,500 [INFO] [2335/2807] Eric Lewis (9.9.25)
2026-05-30 18:51:09,500 [INFO] [2336/2807] Scott Peck (9.9.25)
2026-05-30 18:51:09,500 [INFO] [2337/2807] Shane Isley (9.9.25)
2026-05-30 18:51:09,500 [INFO] [2338/2807] Levi Franzen (9.9.25)
2026-05-30 18:51:09,500 [INFO] [2339/2807] Michael Hills (9.9.25)
2026-05-30 18:51:09,500 [INFO] [2340/2807] Tony Hung-Nguyen (9.9.25)
2026-05-30 18:51:09,500 [INFO] [2341/2807] Steve Eggers (9.9.25)
2026-05-30 18:51:09,500 [INFO] [2342/2807] Steve Iverson (9.9.25)
2026-05-30 18:51:09,500 [INFO] [2343/2807] Steven Koethe (9.9.25)
2026-05-30 18:51:09,500 [INFO] [2344/2807] Steven Nguyen (9.9.25)
2026-05-30 18:51:09,500 [INFO] [2345/2807] Thomas Ackerman (9.9.25)
2026-05-30 18:51:09,500 [INFO] [2346/2807] Tim Schutte (9.9.25)
2026-05-30 18:51:09,500 [INFO] [2347/2807] Craig Tracy (9.9.25)
2026-05-30 18:51:09,500 [INFO] [2348/2807] Dan Blome (9.9.25)
2026-05-30 18:51:09,500 [INFO] [2349/2807] Adam Hegedus (9.9.25)
2026-05-30 18:51:09,500 [INFO] [2350/2807] Javier Baez (9.9.25)
2026-05-30 18:51:09,500 [INFO] [2351/2807] Greg Danielson (9.15.25)
2026-05-30 18:51:09,500 [INFO] [2352/2807] Javier Baeza (9.15.25)
2026-05-30 18:51:09,500 [INFO] [2353/2807] Jennifer Fawcett (9.15.25)
2026-05-30 18:51:09,500 [INFO] [2354/2807] Jeremy Mcfarland (9.15.25)
2026-05-30 18:51:09,500 [INFO] [2355/2807] Jeff Stanbrough (9.15.25)
2026-05-30 18:51:09,500 [INFO] [2356/2807] Vicky Hanus (9.15.25)
2026-05-30 18:51:09,500 [INFO] [2357/2807] Zack Stull (9.15.25)
2026-05-30 18:51:09,500 [INFO] [2358/2807] Zebediah Grimm (9.15.25)
2026-05-30 18:51:09,500 [INFO] [2359/2807] Virdi Baljit (9.15.25)
2026-05-30 18:51:09,500 [INFO] [2360/2807] Alex Erickson (9.15.25)
2026-05-30 18:51:09,500 [INFO] [2361/2807] Arnold Forget (9.15.25)
2026-05-30 18:51:09,500 [INFO] [2362/2807] Brad Vander Linden (9.15.25)
2026-05-30 18:51:09,500 [INFO] [2363/2807] Chris Greer (9.15.25)
2026-05-30 18:51:09,500 [INFO] [2364/2807] Gaurav Bhalla (9.15.25)
2026-05-30 18:51:09,500 [INFO] [2365/2807] Drew Coffin (9.15.25)
2026-05-30 18:51:09,500 [INFO] [2366/2807] Andrew Howard (9.15.25)
2026-05-30 18:51:09,500 [INFO] [2367/2807] Ryan Winter (9.15.25)
2026-05-30 18:51:09,500 [INFO] [2368/2807] Mason Bear (9.15.25)
2026-05-30 18:51:09,500 [INFO] [2369/2807] Paul Davis (9.15.25)
2026-05-30 18:51:09,500 [INFO] [2370/2807] Ted Oswald (9.15.25)
2026-05-30 18:51:09,500 [INFO] [2371/2807] Andy Kouri (9.15.25)
2026-05-30 18:51:09,500 [INFO] [2372/2807] Becky Hiu (9.15.25)
2026-05-30 18:51:09,500 [INFO] [2373/2807] Kyle Galloway (9.15.25)
2026-05-30 18:51:09,500 [INFO] [2374/2807] Todd Scott (9.15.25)
2026-05-30 18:51:09,500 [INFO] [2375/2807] Matt DeBoth (9.22.25)
2026-05-30 18:51:09,500 [INFO] [2376/2807] Paul Davis (9.22.25)
2026-05-30 18:51:09,500 [INFO] [2377/2807] Roger Langpaul (9.22.25)
2026-05-30 18:51:09,500 [INFO] [2378/2807] Ryan Wiederstein (9.22.25)
2026-05-30 18:51:09,500 [INFO] [2379/2807] Austin Davis (9.22.25)
2026-05-30 18:51:09,500 [INFO] [2380/2807] Al Perry (9.22.25)
2026-05-30 18:51:09,500 [INFO] [2381/2807] Alex Gaylon (9.22.25)
2026-05-30 18:51:09,500 [INFO] [2382/2807] Andrew Howard (9.22.25)
2026-05-30 18:51:09,500 [INFO] [2383/2807] Bradley Baumler (9.22.25)
2026-05-30 18:51:09,500 [INFO] [2384/2807] Brandon Foldes (9.22.25)
2026-05-30 18:51:09,500 [INFO] [2385/2807] Brian Blankenburg (9.22.25)
2026-05-30 18:51:09,500 [INFO] [2386/2807] Paul Butterfield (9.22.25)
2026-05-30 18:51:09,500 [INFO] [2387/2807] Andy DeVaul (9.22.25)
2026-05-30 18:51:09,500 [INFO] [2388/2807] Greg Downes (9.22.25)
2026-05-30 18:51:09,500 [INFO] [2389/2807] Greg Dryden (9.22.25)
2026-05-30 18:51:09,500 [INFO] [2390/2807] Greg McLaughlin (9.22.25)
2026-05-30 18:51:09,500 [INFO] [2391/2807] Eric McCormick (9.22.25)
2026-05-30 18:51:09,500 [INFO] [2392/2807] Jeff Schatner (9.22.25)
2026-05-30 18:51:09,500 [INFO] [2393/2807] David Barker (9.22.25)
2026-05-30 18:51:09,500 [INFO] [2394/2807] Jason Grove (9.22.25)
2026-05-30 18:51:09,500 [INFO] [2395/2807] Tim Albright (9.22.25)
2026-05-30 18:51:09,500 [INFO] [2396/2807] Matt Lepic (9.22.25)
2026-05-30 18:51:09,500 [INFO] [2397/2807] Tyler Hogue (9.29.25)
2026-05-30 18:51:09,500 [INFO] [2398/2807] Andy Kouri (9.29.25)
2026-05-30 18:51:09,500 [INFO] [2399/2807] Chris Salazar (9.29.25)
2026-05-30 18:51:09,500 [INFO] [2400/2807] Ed Behrman (9.29.25)
2026-05-30 18:51:09,500 [INFO] [2401/2807] Charlie Wheeler Jr (9.29.25)
2026-05-30 18:51:09,500 [INFO] [2402/2807] Chris Black (9.29.25)
2026-05-30 18:51:09,500 [INFO] [2403/2807] Craig Anfinson (9.29.25)
2026-05-30 18:51:09,500 [INFO] [2404/2807] Dave Tallett (9.29.25)
2026-05-30 18:51:09,500 [INFO] [2405/2807] Dennis Carroll (9.29.25)
2026-05-30 18:51:09,500 [INFO] [2406/2807] Dennis Ramsey (9.29.25)
2026-05-30 18:51:09,500 [INFO] [2407/2807] Dennis Tierney (9.29.25)
2026-05-30 18:51:09,500 [INFO] [2408/2807] Mitch Sellers (9.29.25)
2026-05-30 18:51:09,500 [INFO] [2409/2807] Jim Kesterson (9.29.25)
2026-05-30 18:51:09,500 [INFO] [2410/2807] Kay Godfredsen (9.29.25)
2026-05-30 18:51:09,500 [INFO] [2411/2807] Charles O Griffin (9.29.25)
2026-05-30 18:51:09,500 [INFO] [2412/2807] John Chickering (10.6.25)
2026-05-30 18:51:09,500 [INFO] [2413/2807] Todd Scott (10.6.25)
2026-05-30 18:51:09,500 [INFO] [2414/2807] Mukesh Tayal (10.6.25)
2026-05-30 18:51:09,500 [INFO] [2415/2807] Nick Graham (10.6.25)
2026-05-30 18:51:09,500 [INFO] [2416/2807] Weston Rose (10.6.25)
2026-05-30 18:51:09,500 [INFO] [2417/2807] Rajee Harris (10.6.25)
2026-05-30 18:51:09,500 [INFO] [2418/2807] Drew Heberer (10.6.25)
2026-05-30 18:51:09,500 [INFO] [2419/2807] Duane Vander Leest (10.6.25)
2026-05-30 18:51:09,500 [INFO] [2420/2807] Dustin Kupka (10.6.25)
2026-05-30 18:51:09,500 [INFO] [2421/2807] Jacob Mosqueda (10.6.25)
2026-05-30 18:51:09,500 [INFO] [2422/2807] Joe Hansen (10.6.25)
2026-05-30 18:51:09,500 [INFO] [2423/2807] Tina Smothers (10.6.25)
2026-05-30 18:51:09,501 [INFO] [2424/2807] Aaron Bernard (10.13.25)
2026-05-30 18:51:09,501 [INFO] [2425/2807] Aquib Ali (10.13.25)
2026-05-30 18:51:09,501 [INFO] [2426/2807] Bob Davis (10.13.25)
2026-05-30 18:51:09,501 [INFO] [2427/2807] Brian Smith (10.13.25)
2026-05-30 18:51:09,501 [INFO] [2428/2807] Jason Jiskoot (10.13.25)
2026-05-30 18:51:09,501 [INFO] [2429/2807] Mark Liscia (10.13.25)
2026-05-30 18:51:09,501 [INFO] [2430/2807] Dennis Coon (10.20.25)
2026-05-30 18:51:09,501 [INFO] [2431/2807] Doug Shiplett (10.20.25)
2026-05-30 18:51:09,501 [INFO] [2432/2807] Eric Fitzgerald (10.20.25)
2026-05-30 18:51:09,501 [INFO] [2433/2807] Eric Lewis (10.20.25)
2026-05-30 18:51:09,501 [INFO] [2434/2807] Eric McCormick (10.20.25)
2026-05-30 18:51:09,501 [INFO] [2435/2807] Karrie Kading (10.20.25)
2026-05-30 18:51:09,501 [INFO] [2436/2807] Kathy Beyer (10.20.25)
2026-05-30 18:51:09,501 [INFO] [2437/2807] Larry Scott (10.20.25)
2026-05-30 18:51:09,501 [INFO] [2438/2807] Brent Dahlstrom (10.20.25)
2026-05-30 18:51:09,501 [INFO] [2439/2807] Casey Shelton (10.20.25)
2026-05-30 18:51:09,501 [INFO] [2440/2807] Jeff Stark (10.20.25)
2026-05-30 18:51:09,501 [INFO] [2441/2807] Marcus Carris (10.20.25)
2026-05-30 18:51:09,501 [INFO] [2442/2807] Ryan Galloway (10.20.25)
2026-05-30 18:51:09,501 [INFO] [2443/2807] Luke Jensen (10.20.25)
2026-05-30 18:51:09,501 [INFO] [2444/2807] Lynda Clayton (10.20.25)
2026-05-30 18:51:09,501 [INFO] [2445/2807] Marija Balac (10.20.25)
2026-05-30 18:51:09,501 [INFO] [2446/2807] Mark Nelson (10.20.25)
2026-05-30 18:51:09,501 [INFO] [2447/2807] Mark Gremler (10.20.25)
2026-05-30 18:51:09,501 [INFO] [2448/2807] Jake Miller (10.20.25)
2026-05-30 18:51:09,501 [INFO] [2449/2807] Jason Smith (10.20.25)
2026-05-30 18:51:09,501 [INFO] [2450/2807] Joe Bryant (10.20.25)
2026-05-30 18:51:09,501 [INFO] [2451/2807] Joe Cover (10.20.25)
2026-05-30 18:51:09,501 [INFO] [2452/2807] Joe Ekis (10.20.25)
2026-05-30 18:51:09,501 [INFO] [2453/2807] John Kline (10.20.25)
2026-05-30 18:51:09,501 [INFO] [2454/2807] Jon Engelman (10.20.25)
2026-05-30 18:51:09,501 [INFO] [2455/2807] Richard Hutsell (10.20.25)
2026-05-30 18:51:09,501 [INFO] [2456/2807] Adam Goodwin (10.20.25)
2026-05-30 18:51:09,501 [INFO] [2457/2807] Reece Satre (10.20.25)
2026-05-30 18:51:09,501 [INFO] [2458/2807] Adam Brantman (10.20.25)
2026-05-30 18:51:09,501 [INFO] [2459/2807] Joseph Wolfgram (10.20.25)
2026-05-30 18:51:09,501 [INFO] [2460/2807] Levi Franzen (10.20.25)
2026-05-30 18:51:09,501 [INFO] [2461/2807] Chase Gochnauer (10.20.25)
2026-05-30 18:51:09,501 [INFO] [2462/2807] Justin Washburn (10.20.25)
2026-05-30 18:51:09,501 [INFO] [2463/2807] Jason Schlichte (10.20.25)
2026-05-30 18:51:09,501 [INFO] [2464/2807] Rajee Harris (10.20.25)
2026-05-30 18:51:09,501 [INFO] [2465/2807] Greg Danielson (10.27.25)
2026-05-30 18:51:09,501 [INFO] [2466/2807] Justin Madsen (10.27.25)
2026-05-30 18:51:09,501 [INFO] [2467/2807] Jeff Stanbrough (10.27.25)
2026-05-30 18:51:09,501 [INFO] [2468/2807] Mark Peitzman (10.27.25)
2026-05-30 18:51:09,501 [INFO] [2469/2807] Mark Roberts (10.27.25)
2026-05-30 18:51:09,501 [INFO] [2470/2807] Mary Frasier (10.27.25)
2026-05-30 18:51:09,501 [INFO] [2471/2807] Michael Perrin (10.27.25)
2026-05-30 18:51:09,501 [INFO] [2472/2807] Daniel Doyle (10.27.25)
2026-05-30 18:51:09,501 [INFO] [2473/2807] Sushil Gajmer (10.27.25)
2026-05-30 18:51:09,501 [INFO] [2474/2807] Mike Panchal (10.27.25)
2026-05-30 18:51:09,501 [INFO] [2475/2807] Mikhail "Mike" Geister (10.27.25)
2026-05-30 18:51:09,501 [INFO] [2476/2807] Paul Peters (10.27.25)
2026-05-30 18:51:09,501 [INFO] [2477/2807] Ron Walker (10.27.25)
2026-05-30 18:51:09,501 [INFO] [2478/2807] Bob Charleston (10.27.25)
2026-05-30 18:51:09,501 [INFO] [2479/2807] Mason Bear (10.27.25)
2026-05-30 18:51:09,501 [INFO] [2480/2807] Teddy Mohlman (10.27.25)
2026-05-30 18:51:09,501 [INFO] [2481/2807] Matt DeBoth (11.3.25)
2026-05-30 18:51:09,501 [INFO] [2482/2807] Roger Langpaul (11.3.25)
2026-05-30 18:51:09,501 [INFO] [2483/2807] Kyle Galloway (11.3.25)
2026-05-30 18:51:09,501 [INFO] [2484/2807] Ted Oswald (11.3.25)
2026-05-30 18:51:09,501 [INFO] [2485/2807] Kamal Aderibigbe (11.3.25)
2026-05-30 18:51:09,501 [INFO] [2486/2807] Scott Peck (11.3.25)
2026-05-30 18:51:09,501 [INFO] [2487/2807] Chris Salazar (11.10.25)
2026-05-30 18:51:09,501 [INFO] [2488/2807] Jason Grove (11.10.25)
2026-05-30 18:51:09,501 [INFO] [2489/2807] Scott Peck (11.10.25)
2026-05-30 18:51:09,501 [INFO] [2490/2807] Michael Hills (11.10.25)
2026-05-30 18:51:09,501 [INFO] [2491/2807] Steve Eggers (11.10.25)
2026-05-30 18:51:09,501 [INFO] [2492/2807] Steven Ames (11.10.25)
2026-05-30 18:51:09,501 [INFO] [2493/2807] Steven Nguyen (11.10.25)
2026-05-30 18:51:09,501 [INFO] [2494/2807] Thomas Ackerman (11.10.25)
2026-05-30 18:51:09,501 [INFO] [2495/2807] Merle Laswell (11.10.25)
2026-05-30 18:51:09,501 [INFO] [2496/2807] Matt Forsum (11.10.25)
2026-05-30 18:51:09,501 [INFO] [2497/2807] Prabhjot Singh (11.10.25)
2026-05-30 18:51:09,501 [INFO] [2498/2807] Thomas Fawcett (11.10.25)
2026-05-30 18:51:09,501 [INFO] [2499/2807] Nathan Smith (11.10.25)
2026-05-30 18:51:09,501 [INFO] [2500/2807] Nick Olson (11.10.25)
2026-05-30 18:51:09,501 [INFO] [2501/2807] Rick Makohoniuk (11.10.25)
2026-05-30 18:51:09,501 [INFO] [2502/2807] Aquib Ali (11.24.25)
2026-05-30 18:51:09,501 [INFO] [2503/2807] Becky Hiu (11.24.25)
2026-05-30 18:51:09,501 [INFO] [2504/2807] Brian Smith (11.24.25)
2026-05-30 18:51:09,501 [INFO] [2505/2807] Britt Randall (11.24.25)
2026-05-30 18:51:09,501 [INFO] [2506/2807] Chase Gochnauer (11.24.25)
2026-05-30 18:51:09,502 [INFO] [2507/2807] Peter Nixon (11.24.25)
2026-05-30 18:51:09,502 [INFO] [2508/2807] Brandon Foldes (11.24.25)
2026-05-30 18:51:09,502 [INFO] [2509/2807] Paul Butterfield (11.24.25)
2026-05-30 18:51:09,502 [INFO] [2510/2807] Charles O'Griffin (11.24.25)
2026-05-30 18:51:09,502 [INFO] [2511/2807] Thom Fawcett (11.24.25)
2026-05-30 18:51:09,502 [INFO] [2512/2807] Steve Hornig (11.24.25)
2026-05-30 18:51:09,502 [INFO] [2513/2807] Tina Smothers (11.24.25)
2026-05-30 18:51:09,502 [INFO] [2514/2807] Ryan Winter (11.24.25)
2026-05-30 18:51:09,502 [INFO] [2515/2807] Roger Langpaul (11.24.25)
2026-05-30 18:51:09,502 [INFO] [2516/2807] Steve Iverson (11.24.25)
2026-05-30 18:51:09,502 [INFO] [2517/2807] Craig Anfinson (12.1.25)
2026-05-30 18:51:09,502 [INFO] [2518/2807] Eric Fitzgerald (12.1.25)
2026-05-30 18:51:09,502 [INFO] [2519/2807] Prakash Pradhan (12.1.25)
2026-05-30 18:51:09,502 [INFO] [2520/2807] Charles Wheeler Sr (12.1.25)
2026-05-30 18:51:09,502 [INFO] [2521/2807] Mitch Sellers (12.1.25)
2026-05-30 18:51:09,502 [INFO] [2522/2807] Craig Tracy (12.1.25)
2026-05-30 18:51:09,502 [INFO] [2523/2807] Dan Blome (12.1.25)
2026-05-30 18:51:09,502 [INFO] [2524/2807] Ryan Winter (12.1.25)
2026-05-30 18:51:09,502 [INFO] [2525/2807] Thom Fawcett (12.1.25)
2026-05-30 18:51:09,502 [INFO] [2526/2807] Nic Runkel (12.1.25)
2026-05-30 18:51:09,502 [INFO] [2527/2807] Grant Lewis (12.8.25)
2026-05-30 18:51:09,502 [INFO] [2528/2807] Jennifer Fawcett (12.8.25)
2026-05-30 18:51:09,502 [INFO] [2529/2807] Rajee Harris (12.8.25)
2026-05-30 18:51:09,502 [INFO] [2530/2807] Duane Vander Leest (12.8.25)
2026-05-30 18:51:09,502 [INFO] [2531/2807] Eric Lynner (12.8.25)
2026-05-30 18:51:09,502 [INFO] [2532/2807] Frank Levy (12.8.25)
2026-05-30 18:51:09,502 [INFO] [2533/2807] Ian Schwickert (12.8.25)
2026-05-30 18:51:09,502 [INFO] [2534/2807] Jeff Schatner (12.8.25)
2026-05-30 18:51:09,502 [INFO] [2535/2807] Casey Shelton (12.8.25)
2026-05-30 18:51:09,502 [INFO] [2536/2807] John Larson (12.8.25)
2026-05-30 18:51:09,502 [INFO] [2537/2807] Caleb Fritzler (12.8.25)
2026-05-30 18:51:09,502 [INFO] [2538/2807] Brad Baumler (12.8.25)
2026-05-30 18:51:09,502 [INFO] [2539/2807] Matt DeBoth (12.15.25)
2026-05-30 18:51:09,502 [INFO] [2540/2807] Roger Langpaul (12.15.25)
2026-05-30 18:51:09,502 [INFO] [2541/2807] Jake Miller (12.15.25)
2026-05-30 18:51:09,502 [INFO] [2542/2807] Jason Smith (12.15.25)
2026-05-30 18:51:09,502 [INFO] [2543/2807] Joe Bryant (12.15.25)
2026-05-30 18:51:09,502 [INFO] [2544/2807] John Kline (12.15.25)
2026-05-30 18:51:09,502 [INFO] [2545/2807] Reece Satre (12.15.25)
2026-05-30 18:51:09,502 [INFO] [2546/2807] Brian Smith (12.15.25)
2026-05-30 18:51:09,502 [INFO] [2547/2807] Mike Boge (12.15.25)
2026-05-30 18:51:09,502 [INFO] [2548/2807] Ryan Galloway (12.15.25)
2026-05-30 18:51:09,502 [INFO] [2549/2807] Marco Miranda (12.15.25)
2026-05-30 18:51:09,502 [INFO] [2550/2807] Tyler Hogue (1.5.26)
2026-05-30 18:51:09,502 [INFO] [2551/2807] Andy Kouri (1.5.26)
2026-05-30 18:51:09,502 [INFO] [2552/2807] Ben Latusek (1.5.26)
2026-05-30 18:51:09,502 [INFO] [2553/2807] Brad Houser (1.5.26)
2026-05-30 18:51:09,502 [INFO] [2554/2807] Ed Behrman (1.5.26)
2026-05-30 18:51:09,502 [INFO] [2555/2807] Jason Grove (1.5.26)
2026-05-30 18:51:09,502 [INFO] [2556/2807] Karrie Kading (1.5.26)
2026-05-30 18:51:09,502 [INFO] [2557/2807] Kathy Beyer (1.5.26)
2026-05-30 18:51:09,502 [INFO] [2558/2807] Larry Scott (1.5.26)
2026-05-30 18:51:09,502 [INFO] [2559/2807] Mark Nelson (1.5.26)
2026-05-30 18:51:09,502 [INFO] [2560/2807] Jen Parker (1.5.26)
2026-05-30 18:51:09,502 [INFO] [2561/2807] Eric MCormick (1.5.26)
2026-05-30 18:51:09,502 [INFO] [2562/2807] Chase Gochnauer (1.5.26)
2026-05-30 18:51:09,502 [INFO] [2563/2807] Mukesh Tayal (1.5.26)
2026-05-30 18:51:09,502 [INFO] [2564/2807] Matt Deboth (1.5.26)
2026-05-30 18:51:09,502 [INFO] [2565/2807] Keith Kleinhans (1.5.26)
2026-05-30 18:51:09,502 [INFO] [2566/2807] Tim Albright (1.12.25)
2026-05-30 18:51:09,502 [INFO] [2567/2807] John Chickering (1.12.25)
2026-05-30 18:51:09,502 [INFO] [2568/2807] Todd Scott (1.12.25)
2026-05-30 18:51:09,502 [INFO] [2569/2807] Mukesh Tayal (1.12.25)
2026-05-30 18:51:09,502 [INFO] [2570/2807] Nick Graham (1.12.25)
2026-05-30 18:51:09,502 [INFO] [2571/2807] Weston Rose (1.12.25)
2026-05-30 18:51:09,502 [INFO] [2572/2807] Mark Peitzman (1.12.25)
2026-05-30 18:51:09,502 [INFO] [2573/2807] Daniel Doyle (1.12.25)
2026-05-30 18:51:09,502 [INFO] [2574/2807] Larry Scott (1.12.25)
2026-05-30 18:51:09,502 [INFO] [2575/2807] Aaron Bernard (1.26.26)
2026-05-30 18:51:09,502 [INFO] [2576/2807] Becky Hiu (1.26.26)
2026-05-30 18:51:09,502 [INFO] [2577/2807] Bob Davis (1.26.26)
2026-05-30 18:51:09,502 [INFO] [2578/2807] Brian Smith (1.26.26)
2026-05-30 18:51:09,502 [INFO] [2579/2807] Britt Randall (1.26.26)
2026-05-30 18:51:09,502 [INFO] [2580/2807] Mohamad Chehab (1.26.26)
2026-05-30 18:51:09,502 [INFO] [2581/2807] Chase Gochnauer (1.26.26)
2026-05-30 18:51:09,502 [INFO] [2582/2807] Peter Nixon (1.26.26)
2026-05-30 18:51:09,502 [INFO] [2583/2807] Kenneth Wick (1.26.26)
2026-05-30 18:51:09,502 [INFO] [2584/2807] Jake Mosqueda (1.26.26)
2026-05-30 18:51:09,503 [INFO] [2585/2807] Joe Bryant (1.26.26)
2026-05-30 18:51:09,503 [INFO] [2586/2807] Craig Anfinson (2.2.26)
2026-05-30 18:51:09,503 [INFO] [2587/2807] Dennis Coon (2.2.26)
2026-05-30 18:51:09,503 [INFO] [2588/2807] Doug Shiplett (2.2.26)
2026-05-30 18:51:09,503 [INFO] [2589/2807] Eric Fitzgerald (2.2.26)
2026-05-30 18:51:09,503 [INFO] [2590/2807] Eric Ingvall (2.2.26)
2026-05-30 18:51:09,503 [INFO] [2591/2807] Eric Lewis (2.2.26)
2026-05-30 18:51:09,503 [INFO] [2592/2807] Eric McCormick (2.2.26)
2026-05-30 18:51:09,503 [INFO] [2593/2807] Prakash Pradhan (2.2.26)
2026-05-30 18:51:09,503 [INFO] [2594/2807] Ed Behrman (2.2.26)
2026-05-30 18:51:09,503 [INFO] [2595/2807] Javier Baeza (2.9.26)
2026-05-30 18:51:09,503 [INFO] [2596/2807] Chris Greer (2.9.26)
2026-05-30 18:51:09,503 [INFO] [2597/2807] Clint Miller (2.9.26)
2026-05-30 18:51:09,503 [INFO] [2598/2807] Ted Oswald (2.9.26)
2026-05-30 18:51:09,503 [INFO] [2599/2807] Matt Deboth (2.9.26)
2026-05-30 18:51:09,503 [INFO] [2600/2807] Dan Blome (2.9.26)
2026-05-30 18:51:09,503 [INFO] [2601/2807] Craig Anfinson (2.9.26)
2026-05-30 18:51:09,503 [INFO] [2602/2807] Chase Gochnauer (2.9.26)
2026-05-30 18:51:09,503 [INFO] [2603/2807] Chris Salazar (2.9.26)
2026-05-30 18:51:09,503 [INFO] [2604/2807] Charles O Griffin (2.9.26)
2026-05-30 18:51:09,503 [INFO] [2605/2807] Matt DeBoth (2.16.26)
2026-05-30 18:51:09,503 [INFO] [2606/2807] Matt Forsum (2.16.26)
2026-05-30 18:51:09,503 [INFO] [2607/2807] Roger Langpaul (2.16.26)
2026-05-30 18:51:09,503 [INFO] [2608/2807] Ryan Winter (2.16.26)
2026-05-30 18:51:09,503 [INFO] [2609/2807] Teddy Mohlman (2.16.26)
2026-05-30 18:51:09,503 [INFO] [2610/2807] Thomas Fawcett (2.16.26)
2026-05-30 18:51:09,503 [INFO] [2611/2807] Austin Davis (2.16.26)
2026-05-30 18:51:09,503 [INFO] [2612/2807] Al Perry (2.16.26)
2026-05-30 18:51:09,503 [INFO] [2613/2807] Alex Gaylon (2.16.26)
2026-05-30 18:51:09,503 [INFO] [2614/2807] Allen Connerly (2.16.26)
2026-05-30 18:51:09,503 [INFO] [2615/2807] Brandon Pratt (2.16.26)
2026-05-30 18:51:09,503 [INFO] [2616/2807] Brian Blankenburg (2.16.26)
2026-05-30 18:51:09,503 [INFO] [2617/2807] Paul Butterfield (2.16.26)
2026-05-30 18:51:09,503 [INFO] [2618/2807] Mike Nixon (2.16.26)
2026-05-30 18:51:09,503 [INFO] [2619/2807] Andy DeVaul (2.16.26)
2026-05-30 18:51:09,503 [INFO] [2620/2807] Scott Cutler (2.16.26)
2026-05-30 18:51:09,503 [INFO] [2621/2807] Karl Keeler (2.16.26)
2026-05-30 18:51:09,503 [INFO] [2622/2807] Chris Salazar (2.16.26)
2026-05-30 18:51:09,503 [INFO] [2623/2807] Danny Hegan (2.16.26)
2026-05-30 18:51:09,503 [INFO] [2624/2807] Rajee Harris (2.16.26)
2026-05-30 18:51:09,503 [INFO] [2625/2807] Craig Anfinson (2.16.26)
2026-05-30 18:51:09,503 [INFO] [2626/2807] Justin Marshall (2.16.26)
2026-05-30 18:51:09,503 [INFO] [2627/2807] Brad Vander Lindend (2.16.26)
2026-05-30 18:51:09,503 [INFO] [2628/2807] Tyler Rasmussen (2.23.26)
2026-05-30 18:51:09,503 [INFO] [2629/2807] Andy Kouri (2.23.26)
2026-05-30 18:51:09,503 [INFO] [2630/2807] Brad Houser (2.23.26)
2026-05-30 18:51:09,503 [INFO] [2631/2807] Ed Behrman (2.23.26)
2026-05-30 18:51:09,503 [INFO] [2632/2807] Charles Wheeler Sr (2.23.26)
2026-05-30 18:51:09,503 [INFO] [2633/2807] Charlie Wheeler Jr (2.23.26)
2026-05-30 18:51:09,503 [INFO] [2634/2807] Chris Black (2.23.26)
2026-05-30 18:51:09,503 [INFO] [2635/2807] Dave Tallett (2.23.26)
2026-05-30 18:51:09,503 [INFO] [2636/2807] Dennis Carroll (2.23.26)
2026-05-30 18:51:09,503 [INFO] [2637/2807] Dennis Ramsey (2.23.26)
2026-05-30 18:51:09,503 [INFO] [2638/2807] Merle Laswell (2.23.26)
2026-05-30 18:51:09,503 [INFO] [2639/2807] Todd Scott (3.2.26)
2026-05-30 18:51:09,503 [INFO] [2640/2807] Weston Rose (3.2.26)
2026-05-30 18:51:09,503 [INFO] [2641/2807] Rajee Harris (3.2.26)
2026-05-30 18:51:09,503 [INFO] [2642/2807] Duane Vander Leest (3.2.26)
2026-05-30 18:51:09,503 [INFO] [2643/2807] Dustin Kupka (3.2.26)
2026-05-30 18:51:09,503 [INFO] [2644/2807] Eric Lynner (3.2.26)
2026-05-30 18:51:09,503 [INFO] [2645/2807] Gerry Ambrose (3.2.26)
2026-05-30 18:51:09,503 [INFO] [2646/2807] Guy Varble (3.2.26)
2026-05-30 18:51:09,503 [INFO] [2647/2807] Marco Miranda (3.2.26)
2026-05-30 18:51:09,503 [INFO] [2648/2807] Ed Behrman (3.2.26)
2026-05-30 18:51:09,503 [INFO] [2649/2807] Zack Stoll (3.2.26)
2026-05-30 18:51:09,503 [INFO] [2650/2807] Matt Deboth (3.2.26)
2026-05-30 18:51:09,503 [INFO] [2651/2807] Eric Lewis (3.2.26)
2026-05-30 18:51:09,503 [INFO] [2652/2807] John Larson (3.2.26)
2026-05-30 18:51:09,503 [INFO] [2653/2807] Casey Shelton (3.2.26)
2026-05-30 18:51:09,503 [INFO] [2654/2807] Paul Peters (3.2.26)
2026-05-30 18:51:09,503 [INFO] [2655/2807] Eric Ingvall (3.2.26)
2026-05-30 18:51:09,503 [INFO] [2656/2807] Eric Fitzgerald (3.2.26)
2026-05-30 18:51:09,503 [INFO] [2657/2807] Mike Dentler (3.2.26)
2026-05-30 18:51:09,503 [INFO] [2658/2807] Aaron Bernard (3.9.26)
2026-05-30 18:51:09,503 [INFO] [2659/2807] Aquib Ali (3.9.26)
2026-05-30 18:51:09,503 [INFO] [2660/2807] Becky Hiu (3.9.26)
2026-05-30 18:51:09,503 [INFO] [2661/2807] Chase Gochnauer (3.9.26)
2026-05-30 18:51:09,503 [INFO] [2662/2807] Jake Miller (3.9.26)
2026-05-30 18:51:09,503 [INFO] [2663/2807] Jeff Stanbrough (3.9.26)
2026-05-30 18:51:09,504 [INFO] [2664/2807] Joe Cover (3.9.26)
2026-05-30 18:51:09,504 [INFO] [2665/2807] Joe Ekis (3.9.26)
2026-05-30 18:51:09,504 [INFO] [2666/2807] John Kline (3.9.26)
2026-05-30 18:51:09,504 [INFO] [2667/2807] John Larson (3.9.26)
2026-05-30 18:51:09,504 [INFO] [2668/2807] Jon Engelman (3.9.26)
2026-05-30 18:51:09,504 [INFO] [2669/2807] Reece Satre (3.9.26)
2026-05-30 18:51:09,504 [INFO] [2670/2807] Eric Ingvall (3.16.26)
2026-05-30 18:51:09,504 [INFO] [2671/2807] Kathy Beyer (3.16.26)
2026-05-30 18:51:09,504 [INFO] [2672/2807] Larry Scott (3.16.26)
2026-05-30 18:51:09,504 [INFO] [2673/2807] Liviu Nicola (3.16.26)
2026-05-30 18:51:09,504 [INFO] [2674/2807] Brent Dahlstrom (3.16.26)
2026-05-30 18:51:09,504 [INFO] [2675/2807] Casey Shelton (3.16.26)
2026-05-30 18:51:09,504 [INFO] [2676/2807] Jeff Stark (3.16.26)
2026-05-30 18:51:09,504 [INFO] [2677/2807] Marcus Carris (3.16.26)
2026-05-30 18:51:09,504 [INFO] [2678/2807] Ryan Galloway (3.16.26)
2026-05-30 18:51:09,504 [INFO] [2679/2807] Luke Jensen (3.16.26)
2026-05-30 18:51:09,504 [INFO] [2680/2807] Lynda Clayton (3.16.26)
2026-05-30 18:51:09,504 [INFO] [2681/2807] Marija Balac (3.16.26)
2026-05-30 18:51:09,504 [INFO] [2682/2807] Mark Nelson (3.16.26)
2026-05-30 18:51:09,504 [INFO] [2683/2807] Mark Gremler (3.16.26)
2026-05-30 18:51:09,504 [INFO] [2684/2807] Craig Tracy (3.16.26)
2026-05-30 18:51:09,504 [INFO] [2685/2807] Dan Blome (3.16.26)
2026-05-30 18:51:09,504 [INFO] [2686/2807] Greg Danielson (3.23.26)
2026-05-30 18:51:09,504 [INFO] [2687/2807] Javier Baeza (3.23.26)
2026-05-30 18:51:09,504 [INFO] [2688/2807] Jeremy Mcfarland (3.23.26)
2026-05-30 18:51:09,504 [INFO] [2689/2807] Justin Madsen (3.23.26)
2026-05-30 18:51:09,504 [INFO] [2690/2807] Mark Peitzman (3.23.26)
2026-05-30 18:51:09,504 [INFO] [2691/2807] Mark Roberts (3.23.26)
2026-05-30 18:51:09,504 [INFO] [2692/2807] Mary Frasier (3.23.26)
2026-05-30 18:51:09,504 [INFO] [2693/2807] Michael Hutchinson (3.23.26)
2026-05-30 18:51:09,504 [INFO] [2694/2807] Michael Perrin (3.23.26)
2026-05-30 18:51:09,504 [INFO] [2695/2807] Daniel Doyle (3.23.26)
2026-05-30 18:51:09,504 [INFO] [2696/2807] Matt Blickenderfer (3.23.26)
2026-05-30 18:51:09,504 [INFO] [2697/2807] Sushil Gajmer (3.23.26)
2026-05-30 18:51:09,504 [INFO] [2698/2807] Mike Panchal (3.23.26)
2026-05-30 18:51:09,504 [INFO] [2699/2807] Mikhail "Mike" Geister (3.23.26)
2026-05-30 18:51:09,504 [INFO] [2700/2807] Steve Hornig (3.23.26)
2026-05-30 18:51:09,504 [INFO] [2701/2807] todd borcherding (3.23.26)
2026-05-30 18:51:09,504 [INFO] [2702/2807] Matt DeBoth (3.30.26)
2026-05-30 18:51:09,504 [INFO] [2703/2807] Matt Forsum (3.30.26)
2026-05-30 18:51:09,504 [INFO] [2704/2807] Ryan Winter (3.30.26)
2026-05-30 18:51:09,504 [INFO] [2705/2807] Tim Campbell (3.30.26)
2026-05-30 18:51:09,504 [INFO] [2706/2807] Nick Olson (3.30.26)
2026-05-30 18:51:09,504 [INFO] [2707/2807] Ted Oswald (3.30.26)
2026-05-30 18:51:09,504 [INFO] [2708/2807] Rick Makohoniuk (3.30.26)
2026-05-30 18:51:09,504 [INFO] [2709/2807] Robert Farrell (3.30.26)
2026-05-30 18:51:09,504 [INFO] [2710/2807] Joseph Weldon (3.30.26)
2026-05-30 18:51:09,504 [INFO] [2711/2807] Nic Runkel (3.30.26)
2026-05-30 18:51:09,504 [INFO] [2712/2807] Brian Ridge (3.30.26)
2026-05-30 18:51:09,504 [INFO] [2713/2807] Ron Lappy (3.30.26)
2026-05-30 18:51:09,504 [INFO] [2714/2807] Andy Kouri (4.6.26)
2026-05-30 18:51:09,504 [INFO] [2715/2807] Ben Latusek (4.6.26)
2026-05-30 18:51:09,504 [INFO] [2716/2807] Chris Salazar (4.6.26)
2026-05-30 18:51:09,504 [INFO] [2717/2807] Jason Grove (4.6.26)
2026-05-30 18:51:09,504 [INFO] [2718/2807] Scott Peck (4.6.26)
2026-05-30 18:51:09,504 [INFO] [2719/2807] Michael Hills (4.6.26)
2026-05-30 18:51:09,504 [INFO] [2720/2807] Steve Eggers (4.6.26)
2026-05-30 18:51:09,504 [INFO] [2721/2807] Steven Koethe (4.6.26)
2026-05-30 18:51:09,504 [INFO] [2722/2807] Steven Nguyen (4.6.26)
2026-05-30 18:51:09,504 [INFO] [2723/2807] Thomas Ackerman (4.6.26)
2026-05-30 18:51:09,504 [INFO] [2724/2807] Tim Schutte (4.6.26)
2026-05-30 18:51:09,504 [INFO] [2725/2807] Joseph Weldon (4.6.26)
2026-05-30 18:51:09,504 [INFO] [2726/2807] Akinbode Egbelakin (4.6.26)
2026-05-30 18:51:09,504 [INFO] [2727/2807] Walter Peterson (4.6.26)
2026-05-30 18:51:09,504 [INFO] [2728/2807] Peter Jacques (4.6.26)
2026-05-30 18:51:09,504 [INFO] [2729/2807] Todd Scott (4.13.26)
2026-05-30 18:51:09,504 [INFO] [2730/2807] Mukesh Tayal (4.13.26)
2026-05-30 18:51:09,504 [INFO] [2731/2807] Weston Rose (4.13.26)
2026-05-30 18:51:09,504 [INFO] [2732/2807] Zack Stull (4.13.26)
2026-05-30 18:51:09,504 [INFO] [2733/2807] John Story jkinvestments787@gmail.com (4.13.26)
2026-05-30 18:51:09,504 [INFO] [2734/2807] Jamie Arens (4.13.26)
2026-05-30 18:51:09,504 [INFO] [2735/2807] Joseph Wolfgram (4.13.26)
2026-05-30 18:51:09,504 [INFO] [2736/2807] Aaron Bernard (4.20.26)
2026-05-30 18:51:09,504 [INFO] [2737/2807] Aquib Ali (4.20.26)
2026-05-30 18:51:09,504 [INFO] [2738/2807] Becky Hiu (4.20.26)
2026-05-30 18:51:09,504 [INFO] [2739/2807] Brian Smith (4.20.26)
2026-05-30 18:51:09,504 [INFO] [2740/2807] Britt Randall (4.20.26)
2026-05-30 18:51:09,504 [INFO] [2741/2807] Mukesh Tayal (4.20.26)
2026-05-30 18:51:09,504 [INFO] [2742/2807] Austin Davis (4.20.26)
2026-05-30 18:51:09,505 [INFO] [2743/2807] Al Perry (4.20.26)
2026-05-30 18:51:09,505 [INFO] [2744/2807] Alex Gaylon (4.20.26)
2026-05-30 18:51:09,505 [INFO] [2745/2807] Andrew Howard (4.20.26)
2026-05-30 18:51:09,505 [INFO] [2746/2807] Brian Blankenburg (4.20.26)
2026-05-30 18:51:09,505 [INFO] [2747/2807] Mike Nixon (4.20.26)
2026-05-30 18:51:09,505 [INFO] [2748/2807] Andy DeVaul (4.20.26)
2026-05-30 18:51:09,505 [INFO] [2749/2807] Chris Greer (4.20.26)
2026-05-30 18:51:09,505 [INFO] [2750/2807] Jb Conlin (4.20.26)
2026-05-30 18:51:09,505 [INFO] [2751/2807] Weston Rose (4.20.26)
2026-05-30 18:51:09,505 [INFO] [2752/2807] Gerry Ambrose (4.20.26)
2026-05-30 18:51:09,505 [INFO] [2753/2807] Eric Fitzgerald (4.20.26)
2026-05-30 18:51:09,505 [INFO] [2754/2807] Chase Gochnauer (4.27.26)
2026-05-30 18:51:09,505 [INFO] [2755/2807] Eric Fitzgerald (4.27.26)
2026-05-30 18:51:09,505 [INFO] [2756/2807] Eric Ingvall (4.27.26)
2026-05-30 18:51:09,505 [INFO] [2757/2807] Eric McCormick (4.27.26)
2026-05-30 18:51:09,505 [INFO] [2758/2807] Prakash Pradhan (4.27.26)
2026-05-30 18:51:09,505 [INFO] [2759/2807] Charles Wheeler Sr (4.27.26)
2026-05-30 18:51:09,505 [INFO] [2760/2807] Chris Black (4.27.26)
2026-05-30 18:51:09,505 [INFO] [2761/2807] Chris Murray (4.27.26)
2026-05-30 18:51:09,505 [INFO] [2762/2807] Chris Whalen (4.27.26)
2026-05-30 18:51:09,505 [INFO] [2763/2807] Dave Tallett (4.27.26)
2026-05-30 18:51:09,505 [INFO] [2764/2807] Dennis Carroll (4.27.26)
2026-05-30 18:51:09,505 [INFO] [2765/2807] Dak Johnson (4.27.26)
2026-05-30 18:51:09,505 [INFO] [2766/2807] Jeff Schatner (4.27.26)
2026-05-30 18:51:09,505 [INFO] [2767/2807] Dennis Coon (4.27.26)
2026-05-30 18:51:09,505 [INFO] [2768/2807] Aaron Bernard (4.27.26)
2026-05-30 18:51:09,505 [INFO] [2769/2807] Greg Danielson (5.4.26)
2026-05-30 18:51:09,505 [INFO] [2770/2807] Dennis Ramsey (5.4.26)
2026-05-30 18:51:09,505 [INFO] [2771/2807] Paul Davis (5.4.26)
2026-05-30 18:51:09,505 [INFO] [2772/2807] Tedd Mohlman (5.4.26)
2026-05-30 18:51:09,505 [INFO] [2773/2807] Matt Forsum (5.11.26)
2026-05-30 18:51:09,505 [INFO] [2774/2807] Gerry Ambrose (5.11.26)
2026-05-30 18:51:09,505 [INFO] [2775/2807] Ian Schwickert (5.11.26)
2026-05-30 18:51:09,505 [INFO] [2776/2807] Jason Smith (5.11.26)
2026-05-30 18:51:09,505 [INFO] [2777/2807] Joe Cover (5.11.26)
2026-05-30 18:51:09,505 [INFO] [2778/2807] Joe Ekis (5.11.26)
2026-05-30 18:51:09,505 [INFO] [2779/2807] John Kline (5.11.26)
2026-05-30 18:51:09,505 [INFO] [2780/2807] Paul Peters (5.11.26)
2026-05-30 18:51:09,505 [INFO] [2781/2807] Reece Satre (5.11.26)
2026-05-30 18:51:09,505 [INFO] [2782/2807] Ron Walker (5.11.26)
2026-05-30 18:51:09,505 [INFO] [2783/2807] Bob Charleston (5.11.26)
2026-05-30 18:51:09,505 [INFO] [2784/2807] Teddy Mohlman (5.18.26)
2026-05-30 18:51:09,505 [INFO] [2785/2807] Thomas Fawcett (5.18.26)
2026-05-30 18:51:09,505 [INFO] [2786/2807] Tim Campbell (5.18.26)
2026-05-30 18:51:09,505 [INFO] [2787/2807] Ryan Wiederstein (5.18.26)
2026-05-30 18:51:09,505 [INFO] [2788/2807] Andy Kouri (5.18.26)
2026-05-30 18:51:09,505 [INFO] [2789/2807] Ben Latusek (5.18.26)
2026-05-30 18:51:09,505 [INFO] [2790/2807] Jon Engelman (5.18.26)
2026-05-30 18:51:09,505 [INFO] [2791/2807] Richard Hutsell (5.18.26)
2026-05-30 18:51:09,505 [INFO] [2792/2807] Kathy Beyer (5.18.26)
2026-05-30 18:51:09,505 [INFO] [2793/2807] Larry Scott (5.18.26)
2026-05-30 18:51:09,505 [INFO] [2794/2807] Casey Shelton (5.18.26)
2026-05-30 18:51:09,505 [INFO] [2795/2807] Marcus Carris (5.18.26)
2026-05-30 18:51:09,505 [INFO] [2796/2807] Ryan Galloway (5.18.26)
2026-05-30 18:51:09,505 [INFO] [2797/2807] John Chickering (5.25.26)
2026-05-30 18:51:09,505 [INFO] [2798/2807] Matt Blickenderfer (5.25.26)
2026-05-30 18:51:09,505 [INFO] [2799/2807] Lynda Clayton (5.25.26)
2026-05-30 18:51:09,505 [INFO] [2800/2807] Marija Balac (5.25.26)
2026-05-30 18:51:09,505 [INFO] [2801/2807] Mark Nelson (5.25.26)
2026-05-30 18:51:09,505 [INFO] [2802/2807] Mark Gremler (5.25.26)
2026-05-30 18:51:09,505 [INFO] [2803/2807] Mark Peitzman (5.25.26)
2026-05-30 18:51:09,505 [INFO] [2804/2807] Mark Roberts (5.25.26)
2026-05-30 18:51:09,505 [INFO] [2805/2807] Mary Frasier (5.25.26)
2026-05-30 18:51:09,505 [INFO] [2806/2807] Chase Gochnauer (5.25.26)
2026-05-30 18:51:09,505 [INFO] [2807/2807] Steve Iverson (5.25.26)
2026-05-30 18:51:09,505 [INFO] ************************************************************
2026-05-30 18:51:09,505 [INFO] Reset Summary:
2026-05-30 18:51:09,505 [INFO]   Economics sheets:    196
2026-05-30 18:51:09,505 [INFO]   Call notes total:    2807
2026-05-30 18:51:09,505 [INFO]   Purge matched:       1825
2026-05-30 18:51:09,505 [INFO]   Purge deleted:       1825
2026-05-30 18:51:09,505 [INFO]   Purge failed:        0
2026-05-30 18:51:09,505 [INFO]   Created:             2707
2026-05-30 18:51:09,505 [INFO]   Not found in GHL:    100
2026-05-30 18:51:09,505 [INFO]   Create failed:       0
2026-05-30 18:51:09,505 [INFO] 
2026-05-30 18:51:09,505 [INFO]   Contacts NOT found in GHL (70 unique):
2026-05-30 18:51:09,505 [INFO]     - 3201 Forrest Ave. Des Moines, IA - Southgate Properties  (sheets: 5.6.24)
2026-05-30 18:51:09,505 [INFO]     - Abi Reiland  (sheets: 7.22.24)
2026-05-30 18:51:09,505 [INFO]     - Austin Johnson; austinrjohnson@gmail.com  (sheets: 4.21.25)
2026-05-30 18:51:09,505 [INFO]     - Ben Carris bencarris@gmail.com  (sheets: 9.16.24)
2026-05-30 18:51:09,506 [INFO]     - Bet Latusek  (sheets: 3.10.25)
2026-05-30 18:51:09,506 [INFO]     - Boomer Peterson  (sheets: 5.6.24)
2026-05-30 18:51:09,506 [INFO]     - Brad Baumler  (sheets: 7.1.24, 8.12.24, 12.8.25)
2026-05-30 18:51:09,506 [INFO]     - Brad Vander Lindend  (sheets: 2.16.26)
2026-05-30 18:51:09,506 [INFO]     - Brian Blankenberg  (sheets: 4.14.24, 3.24.25)
2026-05-30 18:51:09,506 [INFO]     - CJ Motte Phone  (sheets: 5.20.2024)
2026-05-30 18:51:09,506 [INFO]     - Caleb Wilson  (sheets: 3.24.25)
2026-05-30 18:51:09,506 [INFO]     - Chace Hauschilt  (sheets: 5.19.25)
2026-05-30 18:51:09,506 [INFO]     - Chase Gochnaeur  (sheets: 10.14.24)
2026-05-30 18:51:09,506 [INFO]     - Chis Watkins  (sheets: 3.11.24)
2026-05-30 18:51:09,506 [INFO]     - Chris Geer  (sheets: 6.9.25)
2026-05-30 18:51:09,506 [INFO]     - Chris Salzaar  (sheets: 3.18.24)
2026-05-30 18:51:09,506 [INFO]     - Christopher Salazar  (sheets: 1.20.25)
2026-05-30 18:51:09,506 [INFO]     - Connor Delaney  (sheets: 9.9.24)
2026-05-30 18:51:09,506 [INFO]     - Dakota UPREIT  (sheets: 5.6.24)
2026-05-30 18:51:09,506 [INFO]     - Dan Doyle  (sheets: 1.1.24, 1.22.24, 10.14.24)
2026-05-30 18:51:09,506 [INFO]     - Danny Hegan  (sheets: 2.24.2025, 2.16.26)
2026-05-30 18:51:09,506 [INFO]     - David Belcher (Normandy Terrace)  (sheets: 10.14.24)
2026-05-30 18:51:09,506 [INFO]     - Ed Burman  (sheets: 3.24.25)
2026-05-30 18:51:09,506 [INFO]     - Eddie Moreno extrapointem@gmail.com  (sheets: 10.7.24)
2026-05-30 18:51:09,506 [INFO]     - Eric MCormick  (sheets: 1.5.26)
2026-05-30 18:51:09,506 [INFO]     - Erick McCormick  (sheets: 3.17.2025)
2026-05-30 18:51:09,506 [INFO]     - Frank Levvy  (sheets: 7.29.24, 12.2.2024, 12.9.24)
2026-05-30 18:51:09,506 [INFO]     - Garrick R and Trishia L Gautner  (sheets: 4.29.24, 7.8.24)
2026-05-30 18:51:09,506 [INFO]     - Gaurav Halla  (sheets: 1.20.25)
2026-05-30 18:51:09,506 [INFO]     - Hadley Hornig hadley@karmaprivatelending.com  (sheets: 9.16.24)
2026-05-30 18:51:09,506 [INFO]     - Jameson - Acme Tools and referred by Marcia Munger  (sheets: 5.27.24)
2026-05-30 18:51:09,506 [INFO]     - Jeff Schatner  (sheets: 8.5.24, 12.2.2024, 8.4.25, 9.1.25, 9.22.25, 12.8.25, 4.27.26)
2026-05-30 18:51:09,506 [INFO]     - Jeffrey Lambertini  (sheets: 7.22.24)
2026-05-30 18:51:09,506 [INFO]     - Jeremy Cortwright  (sheets: 9.9.24)
2026-05-30 18:51:09,506 [INFO]     - Jill Bassman  (sheets: 2.24.2025)
2026-05-30 18:51:09,506 [INFO]     - John Livingston  (sheets: 1.20.25, 8.4.25)
2026-05-30 18:51:09,506 [INFO]     - John Story jkinvestments787@gmail.com  (sheets: 4.13.26)
2026-05-30 18:51:09,506 [INFO]     - Keith Clague claguekeith@gmail.com  (sheets: 3.17.2025)
2026-05-30 18:51:09,506 [INFO]     - Ken Wick  (sheets: 1.15.24, 7.1.24, 8.12.24, 10.7.24, 5.12.25, 8.4.25)
2026-05-30 18:51:09,506 [INFO]     - Ken and Rachel Wick  (sheets: 3.24.25)
2026-05-30 18:51:09,506 [INFO]     - Kirk Lautensleger at  (sheets: 1.15.24)
2026-05-30 18:51:09,506 [INFO]     - Matt Johnson - US Bank VP  (sheets: 5.26.25)
2026-05-30 18:51:09,506 [INFO]     - Metonic Real Estate - Trey Smith  (sheets: 2.19.24)
2026-05-30 18:51:09,506 [INFO]     - Mike Boge  (sheets: 1.22.24, 12.15.25)
2026-05-30 18:51:09,506 [INFO]     - Mike Hutchinson  (sheets: 1.1.24)
2026-05-30 18:51:09,506 [INFO]     - Mike Panchel  (sheets: 7.28.25, 8.11.25)
2026-05-30 18:51:09,506 [INFO]     - Nanak Bronyah nanak.bronyah@gmail.com  (sheets: 9.16.24)
2026-05-30 18:51:09,506 [INFO]     - Nate Adam  (sheets: 2.3.25)
2026-05-30 18:51:09,506 [INFO]     - Nathan Banwart 4412 Hickman Rd. Des Moines, IA 50310  (sheets: 9.16.24)
2026-05-30 18:51:09,506 [INFO]     - Nathan Eckles  (sheets: 5.20.2024)
2026-05-30 18:51:09,506 [INFO]     - Peter Jacques  (sheets: 4.6.26)
2026-05-30 18:51:09,506 [INFO]     - Prabjoht Sing  (sheets: 4.29.24)
2026-05-30 18:51:09,506 [INFO]     - Prabjoht Singh  (sheets: 6.9.25)
2026-05-30 18:51:09,506 [INFO]     - Ron Lappy  (sheets: 3.30.26)
2026-05-30 18:51:09,506 [INFO]     - Ryan Calahan  (sheets: 3.31.25)
2026-05-30 18:51:09,506 [INFO]     - Ryan Sidenberg  (sheets: 7.28.25)
2026-05-30 18:51:09,506 [INFO]     - Ryan Wildenstein  (sheets: 2.19.24)
2026-05-30 18:51:09,506 [INFO]     - SPRUCE Capital  (sheets: 5.6.24)
2026-05-30 18:51:09,506 [INFO]     - Sherman Associates  (sheets: 4.14.24)
2026-05-30 18:51:09,506 [INFO]     - Stephan Ward  (sheets: 1.8.24)
2026-05-30 18:51:09,506 [INFO]     - Stephen Catarinella - CapREIT - https://www.capreit.com/about-us/executive-leadership/  (sheets: 1.15.24)
2026-05-30 18:51:09,506 [INFO]     - Steve Ames  (sheets: 1.8.24, 1.15.24)
2026-05-30 18:51:09,506 [INFO]     - Tedd Mohlman  (sheets: 3.10.25, 5.4.26)
2026-05-30 18:51:09,506 [INFO]     - Thom Ackerman  (sheets: 10.14.24)
2026-05-30 18:51:09,506 [INFO]     - Thom Fawcett  (sheets: 6.17.24, 6.16.25, 11.24.25, 12.1.25)
2026-05-30 18:51:09,506 [INFO]     - Tim Schulte  (sheets: 3.18.24, 4.29.24, 7.1.24)
2026-05-30 18:51:09,506 [INFO]     - Tobiasz Kobielski tobiasz_kobielski@hotmail.com  (sheets: 9.2.24)
2026-05-30 18:51:09,506 [INFO]     - Travis Sisson  (sheets: 8.12.24)
2026-05-30 18:51:09,506 [INFO]     - Win Hornig  (sheets: 7.28.25)
2026-05-30 18:51:09,506 [INFO]     - Zack Stoll  (sheets: 3.2.26)
2026-05-30 18:51:09,506 [INFO] ************************************************************
2026-05-30 18:51:09,522 [INFO] Sync log written to: /Users/john.angeles/Desktop/katalyst/sync_logs/sync_log_reset_dry_run_20260530_185109.csv
